user_id,skill_offered,skill_requested,experience_level,category,rating,interaction
U595,Figma,Node.js,Beginner,Design,4,view
U140,Python,Spring Boot,Intermediate,Programming,3,request
U138,Spring Boot,Node.js,Advanced,Programming,3,request
U736,Node.js,Spring Boot,Advanced,Programming,4,request
U602,Spring Boot,React,Beginner,Programming,4,view
U953,Spring Boot,UI/UX Design,Intermediate,Programming,3,view
U756,UI/UX Design,SQL,Advanced,Design,5,view
U219,Data Visualization,Data Analysis,Beginner,Analytics,3,request
U295,Data Visualization,Power BI,Beginner,Analytics,4,completed
U805,Machine Learning,Power BI,Intermediate,AI,3,view
U114,Power BI,Data Analysis,Intermediate,Analytics,3,request
U632,Figma,Java,Advanced,Design,4,completed
U424,Java,Figma,Beginner,Programming,5,view
U331,Python,Figma,Beginner,Programming,3,completed
U765,SQL,UI/UX Design,Advanced,Database,3,completed
U930,Excel,Java,Beginner,Analytics,3,view
U915,Data Visualization,Node.js,Intermediate,Analytics,4,view
U594,Node.js,JavaScript,Intermediate,Programming,3,view
U579,Java,Data Analysis,Beginner,Programming,4,view
U853,Machine Learning,Power BI,Advanced,AI,3,view
U655,Node.js,Deep Learning,Advanced,Programming,3,completed
U199,Deep Learning,Node.js,Advanced,AI,5,view
U765,Power BI,Figma,Beginner,Analytics,3,completed
U912,Node.js,Power BI,Beginner,Programming,4,request
U579,React,Power BI,Beginner,Programming,4,view
U583,Python,Figma,Advanced,Programming,4,request
U278,Deep Learning,Figma,Advanced,AI,5,request
U404,Data Visualization,Power BI,Intermediate,Analytics,4,request
U124,Deep Learning,UI/UX Design,Intermediate,AI,3,request
U39,Node.js,Java,Intermediate,Programming,3,completed
U870,Python,Spring Boot,Beginner,Programming,5,completed
U855,SQL,Node.js,Intermediate,Database,5,completed
U161,Java,Data Visualization,Beginner,Programming,5,view
U855,UI/UX Design,Deep Learning,Intermediate,Design,5,view
U502,UI/UX Design,SQL,Beginner,Design,4,completed
U388,Spring Boot,JavaScript,Intermediate,Programming,4,completed
U809,Python,React,Beginner,Programming,4,completed
U989,Figma,Machine Learning,Intermediate,Design,3,request
U15,SQL,UI/UX Design,Intermediate,Database,3,completed
U630,SQL,React,Advanced,Database,5,view
U464,Spring Boot,Python,Advanced,Programming,3,request
U737,Python,React,Advanced,Programming,4,completed
U897,Figma,Spring Boot,Beginner,Design,4,view
U693,Java,Machine Learning,Intermediate,Programming,4,completed
U86,JavaScript,Deep Learning,Intermediate,Programming,4,completed
U885,Deep Learning,Node.js,Intermediate,AI,4,completed
U483,Java,React,Intermediate,Programming,5,completed
U802,Data Analysis,Python,Beginner,Analytics,4,completed
U487,Machine Learning,JavaScript,Advanced,AI,4,request
U706,Python,Excel,Intermediate,Programming,3,completed
U833,React,Power BI,Beginner,Programming,4,request
U814,Node.js,Spring Boot,Beginner,Programming,3,view
U135,Excel,Machine Learning,Advanced,Analytics,3,completed
U122,Power BI,Node.js,Beginner,Analytics,3,completed
U451,Power BI,Excel,Advanced,Analytics,3,completed
U994,Python,Power BI,Advanced,Programming,3,request
U186,UI/UX Design,Spring Boot,Beginner,Design,5,completed
U608,Python,Power BI,Advanced,Programming,3,completed
U712,React,UI/UX Design,Beginner,Programming,5,view
U742,JavaScript,Machine Learning,Advanced,Programming,5,view
U800,Java,Machine Learning,Intermediate,Programming,5,request
U781,Java,Data Visualization,Intermediate,Programming,3,completed
U438,SQL,Figma,Beginner,Database,5,completed
U749,Excel,Java,Beginner,Analytics,4,request
U958,Deep Learning,UI/UX Design,Intermediate,AI,3,request
U282,Deep Learning,SQL,Beginner,AI,4,request
U168,Power BI,SQL,Intermediate,Analytics,3,request
U307,Java,Data Visualization,Beginner,Programming,5,request
U190,Spring Boot,Node.js,Intermediate,Programming,3,completed
U103,Figma,SQL,Intermediate,Design,3,completed
U249,Deep Learning,UI/UX Design,Advanced,AI,3,request
U77,SQL,Java,Beginner,Database,4,request
U552,JavaScript,Python,Beginner,Programming,4,request
U932,Figma,Java,Intermediate,Design,3,completed
U302,Figma,Power BI,Intermediate,Design,3,view
U742,Power BI,Machine Learning,Intermediate,Analytics,4,request
U615,UI/UX Design,JavaScript,Beginner,Design,5,completed
U227,JavaScript,Node.js,Advanced,Programming,3,view
U404,Power BI,Python,Beginner,Analytics,4,request
U760,Power BI,Deep Learning,Advanced,Analytics,3,completed
U269,UI/UX Design,JavaScript,Advanced,Design,3,view
U149,React,UI/UX Design,Advanced,Programming,4,completed
U640,UI/UX Design,Node.js,Advanced,Design,3,view
U478,UI/UX Design,Java,Beginner,Design,3,request
U640,Machine Learning,Excel,Advanced,AI,3,completed
U974,Power BI,Data Analysis,Intermediate,Analytics,3,completed
U931,SQL,JavaScript,Beginner,Database,3,view
U833,Python,JavaScript,Advanced,Programming,4,completed
U922,Figma,React,Intermediate,Design,5,completed
U904,Figma,Deep Learning,Intermediate,Design,4,completed
U505,JavaScript,Deep Learning,Beginner,Programming,4,completed
U682,SQL,Machine Learning,Intermediate,Database,5,request
U883,JavaScript,Excel,Advanced,Programming,5,completed
U619,Deep Learning,JavaScript,Beginner,AI,3,request
U417,Data Visualization,Data Analysis,Beginner,Analytics,3,completed
U271,Figma,Excel,Advanced,Design,5,request
U804,Node.js,Excel,Beginner,Programming,4,completed
U626,Excel,Data Visualization,Beginner,Analytics,5,completed
U927,Java,Data Visualization,Intermediate,Programming,5,request
U285,Excel,Data Analysis,Beginner,Analytics,3,view
U54,Deep Learning,Node.js,Intermediate,AI,4,view
U326,UI/UX Design,Deep Learning,Intermediate,Design,4,completed
U302,JavaScript,React,Beginner,Programming,4,request
U157,Machine Learning,Data Visualization,Advanced,AI,5,request
U993,JavaScript,Figma,Advanced,Programming,4,view
U290,Deep Learning,Java,Advanced,AI,4,completed
U490,React,Deep Learning,Intermediate,Programming,3,completed
U588,Figma,JavaScript,Advanced,Design,4,completed
U950,Node.js,Power BI,Beginner,Programming,3,completed
U673,Data Analysis,Excel,Intermediate,Analytics,5,view
U413,React,JavaScript,Advanced,Programming,4,view
U263,Java,Deep Learning,Beginner,Programming,4,request
U616,Node.js,Machine Learning,Beginner,Programming,3,request
U603,UI/UX Design,Deep Learning,Intermediate,Design,3,completed
U269,Python,Machine Learning,Advanced,Programming,3,request
U742,Data Visualization,Deep Learning,Intermediate,Analytics,4,request
U591,Power BI,Figma,Intermediate,Analytics,5,completed
U353,UI/UX Design,Machine Learning,Advanced,Design,5,completed
U98,Figma,JavaScript,Beginner,Design,5,view
U684,Deep Learning,Power BI,Intermediate,AI,4,completed
U802,Machine Learning,Data Visualization,Advanced,AI,4,completed
U277,Data Visualization,UI/UX Design,Advanced,Analytics,5,completed
U734,SQL,Data Visualization,Beginner,Database,4,completed
U966,SQL,Power BI,Beginner,Database,5,completed
U491,Figma,Python,Beginner,Design,5,completed
U325,UI/UX Design,Machine Learning,Intermediate,Design,4,completed
U579,Figma,Excel,Beginner,Design,3,request
U848,Python,React,Advanced,Programming,4,view
U746,Data Visualization,Machine Learning,Intermediate,Analytics,3,view
U157,Power BI,Python,Advanced,Analytics,3,completed
U109,React,Deep Learning,Advanced,Programming,4,completed
U552,Excel,UI/UX Design,Beginner,Analytics,4,request
U636,Deep Learning,Power BI,Advanced,AI,4,completed
U737,Excel,Data Visualization,Intermediate,Analytics,3,completed
U554,SQL,Data Analysis,Beginner,Database,4,completed
U837,Data Visualization,JavaScript,Intermediate,Analytics,3,view
U480,SQL,Java,Advanced,Database,5,request
U625,SQL,UI/UX Design,Intermediate,Database,4,completed
U280,Data Analysis,Node.js,Advanced,Analytics,4,request
U807,Figma,Deep Learning,Beginner,Design,3,request
U960,SQL,Excel,Beginner,Database,4,request
U402,Figma,Node.js,Advanced,Design,4,request
U491,Python,JavaScript,Intermediate,Programming,4,completed
U284,Deep Learning,Spring Boot,Intermediate,AI,5,request
U946,Deep Learning,Figma,Intermediate,AI,4,completed
U718,JavaScript,Node.js,Intermediate,Programming,4,completed
U590,Node.js,UI/UX Design,Beginner,Programming,5,view
U906,Java,React,Beginner,Programming,4,completed
U354,Data Analysis,React,Advanced,Analytics,4,completed
U550,Excel,UI/UX Design,Intermediate,Analytics,3,request
U394,Data Visualization,JavaScript,Intermediate,Analytics,5,completed
U833,Power BI,Figma,Advanced,Analytics,4,completed
U252,Excel,Python,Intermediate,Analytics,3,request
U287,Java,Machine Learning,Beginner,Programming,3,request
U767,SQL,Node.js,Advanced,Database,5,request
U482,Deep Learning,UI/UX Design,Intermediate,AI,5,request
U763,Python,SQL,Beginner,Programming,5,completed
U606,Node.js,Figma,Beginner,Programming,4,request
U235,Python,Node.js,Advanced,Programming,5,completed
U201,Machine Learning,Data Analysis,Beginner,AI,4,request
U694,Node.js,Data Analysis,Intermediate,Programming,3,completed
U523,UI/UX Design,Power BI,Beginner,Design,5,completed
U378,Excel,Machine Learning,Intermediate,Analytics,3,completed
U916,Excel,Machine Learning,Advanced,Analytics,5,view
U844,Java,SQL,Beginner,Programming,5,completed
U107,Power BI,React,Advanced,Analytics,4,completed
U368,Excel,UI/UX Design,Intermediate,Analytics,3,view
U233,Java,Data Analysis,Intermediate,Programming,3,view
U917,Excel,Node.js,Advanced,Analytics,3,completed
U163,Machine Learning,React,Advanced,AI,3,completed
U378,Deep Learning,Spring Boot,Advanced,AI,3,completed
U270,Figma,Excel,Intermediate,Design,5,completed
U992,Data Analysis,Python,Intermediate,Analytics,4,completed
U671,Power BI,Java,Intermediate,Analytics,5,request
U27,Data Visualization,UI/UX Design,Beginner,Analytics,4,completed
U333,Java,JavaScript,Beginner,Programming,5,completed
U554,Node.js,React,Advanced,Programming,5,view
U484,Spring Boot,Data Analysis,Beginner,Programming,3,view
U117,Data Analysis,Data Visualization,Beginner,Analytics,3,completed
U196,React,Python,Advanced,Programming,3,completed
U476,Data Visualization,Node.js,Beginner,Analytics,5,completed
U578,Deep Learning,UI/UX Design,Beginner,AI,3,request
U458,Deep Learning,Excel,Beginner,AI,3,completed
U149,JavaScript,Python,Beginner,Programming,3,request
U124,Data Analysis,Node.js,Advanced,Analytics,4,completed
U684,Figma,Python,Beginner,Design,3,view
U185,Java,Excel,Beginner,Programming,5,completed
U37,UI/UX Design,SQL,Beginner,Design,4,completed
U518,Figma,Node.js,Beginner,Design,5,completed
U739,Spring Boot,Power BI,Intermediate,Programming,3,completed
U188,Machine Learning,Deep Learning,Beginner,AI,5,request
U58,Power BI,Machine Learning,Beginner,Analytics,5,completed
U385,UI/UX Design,Machine Learning,Advanced,Design,5,view
U394,Node.js,SQL,Intermediate,Programming,5,completed
U568,Python,React,Advanced,Programming,5,view
U712,JavaScript,Python,Advanced,Programming,3,view
U294,Java,UI/UX Design,Advanced,Programming,4,completed
U656,Python,Machine Learning,Intermediate,Programming,4,request
U970,Power BI,Machine Learning,Intermediate,Analytics,3,completed
U933,Excel,Data Visualization,Intermediate,Analytics,3,completed
U245,Excel,Figma,Beginner,Analytics,4,view
U613,Power BI,Data Analysis,Advanced,Analytics,5,completed
U545,Python,Deep Learning,Advanced,Programming,5,request
U896,React,Figma,Beginner,Programming,5,completed
U13,React,Power BI,Beginner,Programming,3,request
U748,UI/UX Design,React,Intermediate,Design,4,view
U904,Deep Learning,Machine Learning,Intermediate,AI,3,completed
U89,Data Analysis,React,Beginner,Analytics,4,completed
U652,Python,Data Analysis,Intermediate,Programming,3,completed
U861,Spring Boot,Figma,Intermediate,Programming,4,request
U424,Machine Learning,React,Advanced,AI,3,completed
U527,Data Visualization,Excel,Intermediate,Analytics,3,completed
U433,JavaScript,Spring Boot,Beginner,Programming,5,view
U801,Power BI,Data Visualization,Intermediate,Analytics,3,completed
U703,Machine Learning,SQL,Advanced,AI,5,completed
U977,React,Machine Learning,Intermediate,Programming,4,completed
U568,Python,Node.js,Beginner,Programming,4,view
U221,Deep Learning,Data Visualization,Advanced,AI,4,request
U388,Data Analysis,Node.js,Intermediate,Analytics,4,view
U781,SQL,UI/UX Design,Intermediate,Database,4,completed
U645,JavaScript,Java,Intermediate,Programming,4,completed
U353,Data Analysis,React,Beginner,Analytics,3,completed
U627,Deep Learning,JavaScript,Intermediate,AI,3,request
U341,Data Analysis,Deep Learning,Advanced,Analytics,5,completed
U293,React,Machine Learning,Advanced,Programming,3,view
U144,Deep Learning,SQL,Intermediate,AI,3,view
U60,SQL,Python,Beginner,Database,4,completed
U616,Deep Learning,React,Intermediate,AI,3,view
U74,Data Visualization,Excel,Advanced,Analytics,4,completed
U846,React,Machine Learning,Beginner,Programming,3,completed
U671,Excel,Machine Learning,Beginner,Analytics,3,completed
U987,Node.js,Data Visualization,Advanced,Programming,5,completed
U995,Power BI,Machine Learning,Beginner,Analytics,4,completed
U626,Excel,React,Intermediate,Analytics,3,completed
U265,Node.js,UI/UX Design,Intermediate,Programming,4,completed
U529,Power BI,Machine Learning,Advanced,Analytics,3,completed
U836,Node.js,UI/UX Design,Intermediate,Programming,4,request
U339,Java,Excel,Intermediate,Programming,3,completed
U80,Spring Boot,Excel,Intermediate,Programming,5,request
U906,Excel,Node.js,Advanced,Analytics,5,view
U105,Excel,Figma,Advanced,Analytics,5,request
U357,Machine Learning,UI/UX Design,Advanced,AI,3,completed
U372,SQL,Deep Learning,Advanced,Database,5,request
U514,Excel,Machine Learning,Beginner,Analytics,3,completed
U154,Power BI,Machine Learning,Intermediate,Analytics,5,completed
U177,Node.js,SQL,Advanced,Programming,3,request
U80,JavaScript,Node.js,Advanced,Programming,5,view
U566,Java,Python,Intermediate,Programming,5,completed
U667,React,SQL,Advanced,Programming,5,view
U868,Data Visualization,Java,Beginner,Analytics,3,completed
U254,Excel,Spring Boot,Beginner,Analytics,5,completed
U763,Deep Learning,Power BI,Advanced,AI,5,request
U206,UI/UX Design,React,Beginner,Design,5,completed
U267,Figma,Node.js,Beginner,Design,3,completed
U153,React,Machine Learning,Advanced,Programming,5,completed
U756,React,SQL,Intermediate,Programming,5,completed
U749,Figma,Excel,Beginner,Design,4,request
U141,SQL,Deep Learning,Beginner,Database,3,view
U485,Data Visualization,React,Beginner,Analytics,5,completed
U524,React,Spring Boot,Beginner,Programming,5,request
U484,Data Analysis,Machine Learning,Advanced,Analytics,4,completed
U874,SQL,JavaScript,Intermediate,Database,4,completed
U430,Deep Learning,Data Analysis,Intermediate,AI,5,completed
U966,Python,UI/UX Design,Intermediate,Programming,5,view
U99,Figma,Spring Boot,Advanced,Design,5,completed
U93,Java,Excel,Advanced,Programming,3,request
U297,Spring Boot,Java,Beginner,Programming,5,view
U751,React,UI/UX Design,Intermediate,Programming,4,completed
U322,Power BI,Java,Beginner,Analytics,5,request
U541,UI/UX Design,Figma,Advanced,Design,3,request
U213,SQL,JavaScript,Advanced,Database,4,request
U766,Python,Data Analysis,Intermediate,Programming,5,completed
U932,SQL,UI/UX Design,Intermediate,Database,4,request
U748,SQL,React,Intermediate,Database,4,view
U240,Excel,Java,Intermediate,Analytics,3,request
U609,Machine Learning,React,Intermediate,AI,3,completed
U611,SQL,UI/UX Design,Intermediate,Database,5,completed
U506,Figma,Power BI,Advanced,Design,4,view
U417,Deep Learning,Node.js,Beginner,AI,4,request
U828,Spring Boot,React,Advanced,Programming,3,completed
U744,Figma,Data Visualization,Advanced,Design,5,completed
U136,React,Data Analysis,Advanced,Programming,5,completed
U990,Java,UI/UX Design,Advanced,Programming,4,completed
U828,Excel,Data Analysis,Intermediate,Analytics,5,request
U644,React,Machine Learning,Advanced,Programming,5,completed
U14,Power BI,Python,Intermediate,Analytics,5,request
U567,UI/UX Design,React,Beginner,Design,5,completed
U820,Python,Excel,Beginner,Programming,4,view
U720,Deep Learning,Data Analysis,Advanced,AI,5,request
U88,Deep Learning,Figma,Advanced,AI,4,completed
U889,SQL,Data Analysis,Intermediate,Database,5,request
U908,Node.js,Deep Learning,Beginner,Programming,5,request
U848,Java,Machine Learning,Beginner,Programming,3,completed
U163,Machine Learning,Java,Advanced,AI,4,view
U399,Power BI,React,Beginner,Analytics,5,request
U491,Figma,React,Advanced,Design,5,request
U561,Node.js,Data Analysis,Advanced,Programming,4,view
U755,React,SQL,Beginner,Programming,5,view
U729,JavaScript,Data Analysis,Advanced,Programming,5,completed
U120,SQL,Python,Intermediate,Database,3,completed
U785,Machine Learning,Data Visualization,Beginner,AI,5,request
U700,Data Visualization,Deep Learning,Intermediate,Analytics,3,completed
U436,Data Analysis,Python,Intermediate,Analytics,5,request
U887,Spring Boot,Data Visualization,Advanced,Programming,3,request
U692,SQL,Excel,Intermediate,Database,5,request
U192,SQL,Power BI,Advanced,Database,3,view
U164,React,Deep Learning,Intermediate,Programming,4,view
U648,UI/UX Design,Node.js,Beginner,Design,3,completed
U495,SQL,JavaScript,Beginner,Database,5,completed
U948,Machine Learning,Java,Intermediate,AI,5,view
U695,Excel,Power BI,Advanced,Analytics,3,completed
U614,JavaScript,SQL,Advanced,Programming,4,completed
U482,Spring Boot,Machine Learning,Advanced,Programming,4,view
U768,Figma,Data Visualization,Advanced,Design,5,completed
U893,Power BI,Java,Intermediate,Analytics,5,completed
U749,Python,Deep Learning,Advanced,Programming,4,request
U31,Java,Power BI,Intermediate,Programming,3,view
U185,JavaScript,SQL,Intermediate,Programming,4,completed
U696,React,JavaScript,Beginner,Programming,4,completed
U666,Node.js,JavaScript,Intermediate,Programming,3,completed
U568,SQL,Machine Learning,Beginner,Database,4,completed
U744,Spring Boot,SQL,Advanced,Programming,5,view
U889,UI/UX Design,Data Visualization,Intermediate,Design,3,view
U176,Power BI,Python,Advanced,Analytics,5,request
U355,UI/UX Design,Data Visualization,Intermediate,Design,3,view
U137,JavaScript,UI/UX Design,Advanced,Programming,5,completed
U254,Power BI,Machine Learning,Beginner,Analytics,4,view
U884,Power BI,Data Visualization,Advanced,Analytics,5,request
U287,React,Machine Learning,Intermediate,Programming,3,view
U110,Data Analysis,SQL,Beginner,Analytics,4,completed
U463,Data Visualization,Machine Learning,Intermediate,Analytics,5,completed
U643,Figma,Spring Boot,Intermediate,Design,3,view
U128,Spring Boot,Data Analysis,Beginner,Programming,3,view
U617,Data Analysis,React,Intermediate,Analytics,4,view
U890,JavaScript,Python,Beginner,Programming,4,completed
U956,Java,Machine Learning,Advanced,Programming,4,completed
U337,Excel,Spring Boot,Intermediate,Analytics,5,request
U330,Java,Spring Boot,Intermediate,Programming,3,request
U880,Data Analysis,Excel,Beginner,Analytics,4,completed
U826,Power BI,Java,Advanced,Analytics,3,completed
U951,Node.js,UI/UX Design,Intermediate,Programming,3,completed
U456,Java,Deep Learning,Beginner,Programming,4,view
U867,React,UI/UX Design,Advanced,Programming,3,view
U87,Excel,Spring Boot,Beginner,Analytics,4,view
U284,Node.js,UI/UX Design,Intermediate,Programming,3,request
U508,Data Analysis,Figma,Beginner,Analytics,5,completed
U126,React,Node.js,Beginner,Programming,5,completed
U891,Python,Machine Learning,Advanced,Programming,3,completed
U443,Node.js,Data Visualization,Beginner,Programming,4,request
U199,UI/UX Design,SQL,Intermediate,Design,5,view
U842,Figma,Machine Learning,Beginner,Design,4,request
U677,UI/UX Design,Machine Learning,Advanced,Design,5,completed
U819,Data Analysis,Excel,Advanced,Analytics,3,completed
U824,Figma,React,Advanced,Design,5,completed
U103,Python,Java,Intermediate,Programming,4,request
U729,JavaScript,Excel,Intermediate,Programming,5,view
U967,Node.js,React,Advanced,Programming,4,completed
U877,React,UI/UX Design,Intermediate,Programming,3,completed
U230,SQL,Excel,Beginner,Database,4,request
U864,Java,Machine Learning,Intermediate,Programming,3,completed
U358,Python,Node.js,Intermediate,Programming,5,request
U537,Data Analysis,Figma,Advanced,Analytics,4,request
U834,Node.js,React,Beginner,Programming,4,request
U454,SQL,Power BI,Advanced,Database,3,completed
U126,Python,React,Intermediate,Programming,3,view
U376,SQL,Python,Advanced,Database,4,completed
U142,Machine Learning,UI/UX Design,Beginner,AI,3,request
U387,Deep Learning,Figma,Intermediate,AI,5,completed
U900,Figma,Node.js,Beginner,Design,5,request
U550,Data Analysis,SQL,Advanced,Analytics,4,view
U49,Power BI,Machine Learning,Intermediate,Analytics,3,view
U175,Figma,Machine Learning,Intermediate,Design,5,completed
U890,UI/UX Design,Node.js,Intermediate,Design,5,view
U182,Power BI,Deep Learning,Beginner,Analytics,4,completed
U471,Machine Learning,SQL,Intermediate,AI,3,request
U940,Excel,Deep Learning,Advanced,Analytics,5,completed
U102,React,Power BI,Beginner,Programming,3,request
U413,Data Analysis,Excel,Intermediate,Analytics,3,completed
U945,Data Analysis,Data Visualization,Advanced,Analytics,4,request
U17,Spring Boot,Node.js,Intermediate,Programming,5,completed
U96,Data Visualization,Data Analysis,Beginner,Analytics,3,completed
U898,Data Visualization,JavaScript,Beginner,Analytics,3,completed
U31,Excel,Data Analysis,Advanced,Analytics,5,view
U642,Java,Python,Beginner,Programming,4,completed
U401,Power BI,UI/UX Design,Beginner,Analytics,5,completed
U911,Machine Learning,SQL,Advanced,AI,3,view
U554,Java,Data Analysis,Intermediate,Programming,3,request
U655,JavaScript,Power BI,Advanced,Programming,4,completed
U589,Python,Machine Learning,Intermediate,Programming,3,request
U183,Node.js,Java,Intermediate,Programming,5,completed
U40,SQL,React,Intermediate,Database,3,completed
U381,Python,SQL,Beginner,Programming,5,completed
U666,Data Analysis,Deep Learning,Intermediate,Analytics,4,request
U336,Spring Boot,Deep Learning,Intermediate,Programming,4,completed
U697,SQL,JavaScript,Advanced,Database,4,request
U814,Deep Learning,Node.js,Intermediate,AI,3,view
U768,Node.js,Data Visualization,Beginner,Programming,5,completed
U836,JavaScript,React,Intermediate,Programming,4,request
U273,Data Visualization,Data Analysis,Beginner,Analytics,5,completed
U50,Machine Learning,SQL,Intermediate,AI,4,request
U762,Power BI,SQL,Advanced,Analytics,5,completed
U391,Excel,Python,Advanced,Analytics,5,completed
U797,Data Visualization,Java,Intermediate,Analytics,5,view
U602,SQL,Data Visualization,Intermediate,Database,5,view
U81,Spring Boot,Java,Beginner,Programming,5,completed
U418,React,Spring Boot,Advanced,Programming,4,completed
U170,Power BI,Node.js,Intermediate,Analytics,4,request
U123,Python,React,Advanced,Programming,5,view
U574,Figma,Data Visualization,Advanced,Design,3,completed
U676,JavaScript,Data Analysis,Intermediate,Programming,3,request
U489,Python,Data Visualization,Beginner,Programming,5,completed
U707,Java,Figma,Intermediate,Programming,3,completed
U652,JavaScript,Python,Intermediate,Programming,5,view
U461,Data Analysis,Machine Learning,Advanced,Analytics,4,request
U779,UI/UX Design,Python,Beginner,Design,3,completed
U633,Power BI,Deep Learning,Beginner,Analytics,4,request
U737,Excel,JavaScript,Intermediate,Analytics,3,request
U134,Java,React,Beginner,Programming,3,request
U746,JavaScript,Python,Intermediate,Programming,4,request
U330,Python,Deep Learning,Intermediate,Programming,5,completed
U514,Excel,Machine Learning,Advanced,Analytics,4,request
U47,Java,Machine Learning,Intermediate,Programming,5,view
U501,Figma,Excel,Intermediate,Design,5,completed
U353,Figma,Node.js,Intermediate,Design,4,request
U740,Figma,Excel,Beginner,Design,4,request
U214,SQL,Machine Learning,Advanced,Database,4,request
U591,Figma,Node.js,Intermediate,Design,5,completed
U599,JavaScript,Machine Learning,Beginner,Programming,5,request
U208,SQL,Figma,Advanced,Database,3,request
U207,JavaScript,React,Beginner,Programming,4,view
U189,Spring Boot,Excel,Advanced,Programming,4,completed
U567,Python,UI/UX Design,Beginner,Programming,3,request
U114,Data Visualization,Excel,Beginner,Analytics,3,completed
U808,UI/UX Design,Figma,Intermediate,Design,3,request
U29,Java,JavaScript,Beginner,Programming,4,completed
U49,UI/UX Design,Data Analysis,Advanced,Design,4,view
U866,Node.js,Machine Learning,Beginner,Programming,4,view
U927,SQL,Data Visualization,Advanced,Database,4,completed
U456,Node.js,Data Analysis,Beginner,Programming,4,request
U377,SQL,Data Visualization,Beginner,Database,3,view
U905,Data Visualization,Python,Beginner,Analytics,3,completed
U379,React,Excel,Beginner,Programming,3,completed
U634,UI/UX Design,Figma,Advanced,Design,3,request
U866,Java,SQL,Beginner,Programming,4,completed
U798,Python,Power BI,Intermediate,Programming,5,request
U783,Deep Learning,Power BI,Beginner,AI,4,request
U556,Data Analysis,Java,Beginner,Analytics,3,completed
U215,Excel,Power BI,Beginner,Analytics,5,completed
U930,Java,Data Analysis,Beginner,Programming,4,request
U197,React,Data Analysis,Beginner,Programming,3,completed
U279,Machine Learning,Python,Beginner,AI,5,completed
U96,Java,Power BI,Beginner,Programming,5,request
U106,React,Spring Boot,Beginner,Programming,5,request
U548,Data Visualization,Spring Boot,Advanced,Analytics,3,request
U350,Spring Boot,Power BI,Advanced,Programming,4,request
U470,JavaScript,Data Analysis,Beginner,Programming,5,completed
U517,Machine Learning,Data Analysis,Advanced,AI,4,view
U295,Node.js,Figma,Advanced,Programming,3,request
U121,Java,Machine Learning,Advanced,Programming,3,view
U870,Node.js,Java,Advanced,Programming,4,completed
U132,Spring Boot,Power BI,Beginner,Programming,5,request
U66,Data Analysis,Machine Learning,Beginner,Analytics,3,view
U984,JavaScript,Python,Beginner,Programming,4,request
U126,Power BI,Node.js,Intermediate,Analytics,3,view
U620,JavaScript,UI/UX Design,Intermediate,Programming,5,view
U259,Data Visualization,Machine Learning,Intermediate,Analytics,3,completed
U821,JavaScript,Excel,Advanced,Programming,4,completed
U979,UI/UX Design,Data Visualization,Intermediate,Design,4,completed
U336,Deep Learning,Java,Advanced,AI,5,request
U426,Data Visualization,Node.js,Advanced,Analytics,5,completed
U466,Figma,JavaScript,Advanced,Design,5,request
U914,Figma,Spring Boot,Beginner,Design,3,view
U851,React,Java,Intermediate,Programming,3,request
U518,Node.js,Power BI,Beginner,Programming,5,completed
U879,Machine Learning,Python,Advanced,AI,4,completed
U788,Deep Learning,JavaScript,Intermediate,AI,5,request
U918,Machine Learning,Data Analysis,Intermediate,AI,5,request
U430,Machine Learning,Data Visualization,Intermediate,AI,3,completed
U781,React,Figma,Advanced,Programming,3,request
U601,React,Data Visualization,Intermediate,Programming,4,completed
U199,SQL,Node.js,Advanced,Database,3,completed
U233,Data Analysis,Excel,Intermediate,Analytics,4,request
U819,React,Figma,Intermediate,Programming,4,request
U121,Spring Boot,Node.js,Beginner,Programming,4,request
U567,Spring Boot,Machine Learning,Beginner,Programming,3,view
U184,Spring Boot,Power BI,Beginner,Programming,3,completed
U920,SQL,Excel,Advanced,Database,4,completed
U598,React,Machine Learning,Beginner,Programming,4,view
U648,JavaScript,Power BI,Beginner,Programming,4,completed
U559,Excel,Java,Beginner,Analytics,4,completed
U561,UI/UX Design,Machine Learning,Advanced,Design,5,completed
U411,Node.js,Spring Boot,Intermediate,Programming,4,request
U868,SQL,Machine Learning,Intermediate,Database,3,completed
U548,Data Analysis,Spring Boot,Advanced,Analytics,5,completed
U416,Data Visualization,JavaScript,Advanced,Analytics,5,completed
U259,Node.js,React,Advanced,Programming,4,completed
U692,Node.js,SQL,Intermediate,Programming,3,completed
U693,UI/UX Design,Node.js,Beginner,Design,5,completed
U598,Data Visualization,Deep Learning,Intermediate,Analytics,4,request
U430,Data Visualization,JavaScript,Intermediate,Analytics,3,completed
U951,Java,Excel,Intermediate,Programming,4,completed
U349,Figma,Excel,Intermediate,Design,4,view
U628,JavaScript,React,Advanced,Programming,5,completed
U70,Java,SQL,Advanced,Programming,5,completed
U476,Machine Learning,Data Analysis,Intermediate,AI,5,completed
U16,Python,Excel,Intermediate,Programming,3,request
U871,React,Spring Boot,Beginner,Programming,3,view
U361,Data Analysis,UI/UX Design,Intermediate,Analytics,5,completed
U566,React,Machine Learning,Advanced,Programming,5,request
U294,Data Analysis,Spring Boot,Beginner,Analytics,4,completed
U765,Node.js,Data Visualization,Intermediate,Programming,3,completed
U928,Figma,UI/UX Design,Beginner,Design,5,request
U844,UI/UX Design,Python,Intermediate,Design,5,request
U576,Power BI,Excel,Advanced,Analytics,3,request
U578,React,Figma,Advanced,Programming,4,request
U766,Spring Boot,Figma,Advanced,Programming,5,request
U581,Deep Learning,Python,Advanced,AI,4,completed
U400,SQL,Figma,Beginner,Database,5,view
U661,SQL,JavaScript,Advanced,Database,4,completed
U547,JavaScript,Deep Learning,Advanced,Programming,5,request
U90,JavaScript,UI/UX Design,Intermediate,Programming,5,completed
U211,Power BI,Node.js,Advanced,Analytics,4,completed
U757,JavaScript,Figma,Intermediate,Programming,3,request
U473,Python,Spring Boot,Advanced,Programming,5,completed
U788,React,Data Visualization,Advanced,Programming,3,request
U6,Spring Boot,JavaScript,Intermediate,Programming,5,completed
U983,Deep Learning,React,Advanced,AI,3,view
U67,Data Visualization,Data Analysis,Intermediate,Analytics,3,view
U484,Machine Learning,Data Visualization,Intermediate,AI,3,completed
U910,Java,Machine Learning,Intermediate,Programming,5,request
U566,UI/UX Design,Node.js,Advanced,Design,4,view
U398,UI/UX Design,Java,Beginner,Design,4,completed
U103,Figma,Power BI,Advanced,Design,5,view
U271,Power BI,Excel,Beginner,Analytics,4,request
U268,Machine Learning,SQL,Beginner,AI,3,view
U199,UI/UX Design,Excel,Intermediate,Design,5,request
U15,Spring Boot,UI/UX Design,Beginner,Programming,5,completed
U620,SQL,Python,Beginner,Database,5,request
U315,Java,Deep Learning,Beginner,Programming,4,completed
U730,UI/UX Design,JavaScript,Beginner,Design,5,completed
U660,Data Visualization,SQL,Beginner,Analytics,5,request
U389,Power BI,Machine Learning,Intermediate,Analytics,3,completed
U473,SQL,Figma,Beginner,Database,5,request
U999,Machine Learning,SQL,Beginner,AI,3,completed
U221,Python,UI/UX Design,Advanced,Programming,5,request
U987,Power BI,Python,Intermediate,Analytics,3,request
U518,Spring Boot,SQL,Intermediate,Programming,3,completed
U881,Machine Learning,Data Visualization,Intermediate,AI,5,completed
U274,Spring Boot,Python,Beginner,Programming,5,request
U742,Data Analysis,Deep Learning,Beginner,Analytics,4,completed
U320,Spring Boot,Deep Learning,Intermediate,Programming,3,request
U737,Machine Learning,SQL,Advanced,AI,5,completed
U584,JavaScript,SQL,Intermediate,Programming,5,request
U618,Excel,React,Intermediate,Analytics,4,request
U871,Machine Learning,Deep Learning,Advanced,AI,4,view
U190,Node.js,Excel,Beginner,Programming,3,view
U557,Deep Learning,UI/UX Design,Beginner,AI,4,completed
U798,Data Analysis,Node.js,Intermediate,Analytics,3,view
U732,Python,Deep Learning,Intermediate,Programming,4,completed
U789,Java,UI/UX Design,Advanced,Programming,4,completed
U794,Spring Boot,Python,Advanced,Programming,5,completed
U323,Deep Learning,React,Beginner,AI,4,completed
U834,Power BI,Excel,Beginner,Analytics,5,completed
U812,Data Visualization,Python,Intermediate,Analytics,3,completed
U690,React,Figma,Intermediate,Programming,4,request
U461,Data Analysis,Java,Beginner,Analytics,4,completed
U30,Machine Learning,Deep Learning,Advanced,AI,4,completed
U408,UI/UX Design,Excel,Beginner,Design,5,completed
U571,Deep Learning,Spring Boot,Intermediate,AI,3,completed
U487,Spring Boot,Machine Learning,Beginner,Programming,4,completed
U569,UI/UX Design,Data Visualization,Intermediate,Design,3,completed
U953,Data Visualization,Java,Beginner,Analytics,4,request
U550,Java,SQL,Intermediate,Programming,4,request
U495,Data Analysis,Machine Learning,Intermediate,Analytics,4,view
U23,React,Data Visualization,Advanced,Programming,4,completed
U753,SQL,Java,Beginner,Database,5,completed
U342,Excel,Data Analysis,Intermediate,Analytics,5,completed
U777,Spring Boot,UI/UX Design,Advanced,Programming,5,request
U923,UI/UX Design,Excel,Intermediate,Design,3,request
U613,Data Visualization,Figma,Beginner,Analytics,4,completed
U807,Excel,Spring Boot,Intermediate,Analytics,4,completed
U852,Node.js,Java,Advanced,Programming,5,request
U63,Figma,Java,Intermediate,Design,3,completed
U865,UI/UX Design,JavaScript,Intermediate,Design,5,completed
U587,UI/UX Design,React,Beginner,Design,3,completed
U310,Spring Boot,UI/UX Design,Beginner,Programming,4,request
U388,Excel,JavaScript,Beginner,Analytics,5,request
U530,Java,Power BI,Advanced,Programming,3,completed
U713,Data Analysis,Machine Learning,Beginner,Analytics,4,completed
U419,UI/UX Design,Node.js,Intermediate,Design,4,completed
U15,Data Visualization,Machine Learning,Advanced,Analytics,3,completed
U103,JavaScript,Deep Learning,Beginner,Programming,3,completed
U194,Deep Learning,JavaScript,Intermediate,AI,3,completed
U311,Excel,SQL,Beginner,Analytics,5,request
U729,Power BI,Excel,Intermediate,Analytics,5,completed
U1,Python,Node.js,Beginner,Programming,3,request
U940,Excel,Python,Intermediate,Analytics,4,completed
U832,Node.js,Machine Learning,Beginner,Programming,3,completed
U564,Data Analysis,React,Intermediate,Analytics,3,request
U1000,SQL,React,Beginner,Database,5,request
U226,JavaScript,UI/UX Design,Beginner,Programming,3,request
U282,Data Analysis,UI/UX Design,Intermediate,Analytics,3,completed
U505,Node.js,SQL,Intermediate,Programming,4,view
U105,Data Visualization,Deep Learning,Intermediate,Analytics,5,request
U736,Excel,Python,Beginner,Analytics,4,view
U601,SQL,UI/UX Design,Advanced,Database,4,completed
U36,JavaScript,Java,Advanced,Programming,5,request
U571,Deep Learning,Power BI,Intermediate,AI,3,completed
U402,React,Python,Beginner,Programming,3,completed
U166,UI/UX Design,Excel,Beginner,Design,4,completed
U571,Power BI,Java,Advanced,Analytics,5,request
U462,Machine Learning,Java,Beginner,AI,3,request
U731,Spring Boot,SQL,Beginner,Programming,3,view
U581,Power BI,Spring Boot,Advanced,Analytics,3,completed
U693,Python,Data Analysis,Advanced,Programming,5,request
U887,SQL,Python,Beginner,Database,5,completed
U862,Figma,React,Beginner,Design,4,completed
U71,Java,Node.js,Intermediate,Programming,4,completed
U384,React,Spring Boot,Intermediate,Programming,3,completed
U849,Python,React,Beginner,Programming,4,completed
U155,UI/UX Design,Python,Beginner,Design,5,completed
U40,Machine Learning,Data Visualization,Beginner,AI,5,completed
U540,SQL,Python,Beginner,Database,5,completed
U44,Data Analysis,Deep Learning,Advanced,Analytics,3,completed
U600,Figma,JavaScript,Advanced,Design,4,completed
U636,Machine Learning,Spring Boot,Beginner,AI,4,completed
U827,Spring Boot,Python,Advanced,Programming,3,completed
U424,Machine Learning,Power BI,Intermediate,AI,3,view
U629,Data Visualization,Figma,Intermediate,Analytics,5,completed
U342,SQL,Figma,Advanced,Database,4,completed
U167,Excel,Figma,Intermediate,Analytics,3,request
U75,Spring Boot,JavaScript,Intermediate,Programming,5,view
U546,React,Machine Learning,Beginner,Programming,5,completed
U591,Deep Learning,Data Visualization,Intermediate,AI,3,request
U656,Java,Deep Learning,Advanced,Programming,5,request
U408,Data Analysis,Figma,Beginner,Analytics,3,completed
U523,Java,React,Beginner,Programming,5,view
U218,SQL,Data Visualization,Advanced,Database,5,view
U597,UI/UX Design,Excel,Advanced,Design,3,request
U967,React,Spring Boot,Beginner,Programming,3,view
U922,Java,UI/UX Design,Advanced,Programming,4,view
U802,React,JavaScript,Advanced,Programming,4,completed
U704,Power BI,React,Beginner,Analytics,3,completed
U645,Data Visualization,Node.js,Intermediate,Analytics,4,completed
U807,React,Python,Beginner,Programming,5,view
U946,Data Analysis,Excel,Intermediate,Analytics,5,request
U978,Data Visualization,Python,Intermediate,Analytics,5,completed
U503,Python,JavaScript,Advanced,Programming,3,completed
U832,UI/UX Design,Spring Boot,Advanced,Design,4,completed
U930,Machine Learning,UI/UX Design,Beginner,AI,4,completed
U702,Excel,Spring Boot,Intermediate,Analytics,3,completed
U11,Excel,Power BI,Advanced,Analytics,3,completed
U72,Spring Boot,Python,Intermediate,Programming,5,completed
U3,Figma,Excel,Intermediate,Design,3,completed
U98,SQL,Data Analysis,Intermediate,Database,5,request
U587,React,Machine Learning,Beginner,Programming,3,completed
U700,Excel,Python,Intermediate,Analytics,4,request
U617,Python,Data Analysis,Beginner,Programming,4,request
U567,Java,Python,Beginner,Programming,3,request
U540,SQL,Java,Advanced,Database,5,view
U428,Data Visualization,Spring Boot,Beginner,Analytics,5,view
U636,Excel,Spring Boot,Beginner,Analytics,4,completed
U460,Python,UI/UX Design,Beginner,Programming,5,view
U325,Spring Boot,Python,Advanced,Programming,5,completed
U12,Node.js,Deep Learning,Beginner,Programming,3,completed
U318,React,UI/UX Design,Advanced,Programming,5,view
U944,SQL,Python,Intermediate,Database,3,request
U771,Machine Learning,Data Visualization,Intermediate,AI,4,completed
U608,Deep Learning,Machine Learning,Advanced,AI,4,completed
U361,Power BI,Excel,Advanced,Analytics,4,completed
U789,Java,Power BI,Beginner,Programming,5,completed
U211,Node.js,Power BI,Advanced,Programming,3,completed
U602,Java,Data Analysis,Advanced,Programming,5,completed
U212,React,Machine Learning,Beginner,Programming,5,view
U186,Data Visualization,Figma,Beginner,Analytics,3,completed
U228,Data Analysis,React,Advanced,Analytics,3,completed
U648,Deep Learning,Node.js,Advanced,AI,3,completed
U493,Spring Boot,SQL,Beginner,Programming,4,completed
U453,Spring Boot,UI/UX Design,Intermediate,Programming,4,completed
U7,Data Visualization,Machine Learning,Beginner,Analytics,3,request
U516,Spring Boot,Power BI,Intermediate,Programming,5,request
U399,JavaScript,Python,Intermediate,Programming,4,completed
U691,Excel,React,Intermediate,Analytics,5,completed
U687,UI/UX Design,Data Visualization,Beginner,Design,5,completed
U250,Data Analysis,SQL,Intermediate,Analytics,5,view
U860,SQL,React,Advanced,Database,3,completed
U363,Deep Learning,Spring Boot,Advanced,AI,5,view
U736,UI/UX Design,Excel,Intermediate,Design,3,completed
U495,Figma,UI/UX Design,Beginner,Design,5,view
U986,Data Analysis,Spring Boot,Beginner,Analytics,4,completed
U882,JavaScript,Excel,Advanced,Programming,4,view
U677,Excel,Machine Learning,Advanced,Analytics,3,completed
U65,UI/UX Design,JavaScript,Intermediate,Design,3,completed
U682,Power BI,Figma,Advanced,Analytics,5,completed
U915,Python,Node.js,Beginner,Programming,4,request
U338,Python,Data Analysis,Intermediate,Programming,5,view
U193,Machine Learning,Figma,Intermediate,AI,4,view
U24,Data Analysis,Machine Learning,Advanced,Analytics,3,completed
U96,Node.js,UI/UX Design,Intermediate,Programming,3,request
U928,Excel,Figma,Intermediate,Analytics,3,request
U180,Deep Learning,SQL,Beginner,AI,3,request
U87,Figma,Deep Learning,Beginner,Design,5,request
U840,Machine Learning,React,Beginner,AI,4,request
U2,UI/UX Design,Spring Boot,Intermediate,Design,4,request
U555,Excel,Machine Learning,Intermediate,Analytics,5,request
U307,JavaScript,Spring Boot,Intermediate,Programming,5,completed
U304,SQL,Excel,Intermediate,Database,3,completed
U483,Spring Boot,Power BI,Beginner,Programming,3,view
U863,JavaScript,Deep Learning,Intermediate,Programming,3,request
U468,Power BI,Spring Boot,Intermediate,Analytics,3,completed
U708,Data Visualization,Deep Learning,Intermediate,Analytics,5,completed
U947,Java,Figma,Advanced,Programming,5,completed
U3,Excel,Java,Intermediate,Analytics,5,completed
U151,Excel,Power BI,Intermediate,Analytics,5,completed
U227,Java,Data Visualization,Advanced,Programming,5,view
U892,Java,Figma,Intermediate,Programming,3,view
U532,UI/UX Design,Power BI,Beginner,Design,3,view
U809,UI/UX Design,Data Analysis,Advanced,Design,5,completed
U93,UI/UX Design,Excel,Beginner,Design,5,completed
U800,UI/UX Design,Python,Intermediate,Design,3,view
U326,Figma,JavaScript,Intermediate,Design,3,completed
U137,Power BI,Deep Learning,Advanced,Analytics,4,request
U534,UI/UX Design,Power BI,Advanced,Design,5,view
U47,Power BI,Python,Beginner,Analytics,4,request
U633,Java,Python,Beginner,Programming,5,completed
U263,Power BI,Python,Intermediate,Analytics,4,request
U580,SQL,Machine Learning,Intermediate,Database,4,completed
U337,Machine Learning,Node.js,Intermediate,AI,5,request
U306,Excel,Data Visualization,Beginner,Analytics,3,completed
U766,Data Analysis,Python,Intermediate,Analytics,5,completed
U718,UI/UX Design,SQL,Beginner,Design,3,completed
U586,Data Visualization,Figma,Intermediate,Analytics,4,request
U746,Data Analysis,Machine Learning,Beginner,Analytics,3,request
U571,Spring Boot,UI/UX Design,Intermediate,Programming,3,view
U574,Spring Boot,SQL,Beginner,Programming,3,request
U210,Data Visualization,React,Beginner,Analytics,3,completed
U381,React,Data Analysis,Advanced,Programming,4,completed
U755,Java,SQL,Intermediate,Programming,5,request
U810,Machine Learning,Deep Learning,Beginner,AI,3,request
U727,Figma,JavaScript,Intermediate,Design,4,view
U568,React,Java,Beginner,Programming,5,completed
U351,Python,Excel,Advanced,Programming,5,completed
U194,Figma,Node.js,Beginner,Design,3,completed
U96,Machine Learning,Node.js,Intermediate,AI,4,request
U676,Java,Node.js,Advanced,Programming,5,completed
U682,Power BI,Data Visualization,Advanced,Analytics,4,completed
U602,JavaScript,Spring Boot,Advanced,Programming,5,completed
U531,JavaScript,UI/UX Design,Advanced,Programming,4,view
U951,Spring Boot,Data Visualization,Intermediate,Programming,4,request
U976,Excel,Power BI,Beginner,Analytics,3,completed
U722,Node.js,Spring Boot,Intermediate,Programming,5,request
U289,SQL,Machine Learning,Beginner,Database,4,completed
U323,Data Analysis,SQL,Beginner,Analytics,4,completed
U598,Machine Learning,Power BI,Intermediate,AI,5,request
U688,Power BI,Deep Learning,Intermediate,Analytics,4,request
U181,Spring Boot,Data Visualization,Intermediate,Programming,4,request
U636,Machine Learning,Data Analysis,Beginner,AI,5,request
U212,Spring Boot,Machine Learning,Beginner,Programming,3,request
U539,React,Excel,Intermediate,Programming,5,view
U85,Power BI,UI/UX Design,Advanced,Analytics,4,request
U48,Java,Machine Learning,Intermediate,Programming,4,completed
U634,Deep Learning,JavaScript,Advanced,AI,3,completed
U749,SQL,Java,Beginner,Database,4,completed
U681,Machine Learning,Node.js,Beginner,AI,4,completed
U760,Excel,SQL,Beginner,Analytics,5,completed
U245,JavaScript,Machine Learning,Advanced,Programming,4,request
U825,Java,Python,Advanced,Programming,3,view
U213,Data Analysis,JavaScript,Beginner,Analytics,3,request
U626,Power BI,SQL,Intermediate,Analytics,5,request
U606,Java,Excel,Advanced,Programming,3,request
U292,SQL,Deep Learning,Intermediate,Database,4,completed
U153,Spring Boot,React,Beginner,Programming,5,request
U943,Python,Power BI,Advanced,Programming,3,completed
U360,React,Deep Learning,Intermediate,Programming,4,completed
U154,Node.js,Python,Advanced,Programming,4,request
U430,Machine Learning,Data Analysis,Intermediate,AI,5,request
U220,Deep Learning,Power BI,Intermediate,AI,5,view
U67,Node.js,Python,Intermediate,Programming,3,view
U474,Power BI,SQL,Beginner,Analytics,4,view
U196,Machine Learning,Deep Learning,Intermediate,AI,4,completed
U786,Deep Learning,Java,Intermediate,AI,5,completed
U148,Java,Python,Advanced,Programming,5,completed
U794,Excel,Power BI,Intermediate,Analytics,4,view
U936,Machine Learning,UI/UX Design,Intermediate,AI,3,completed
U823,Spring Boot,JavaScript,Beginner,Programming,5,view
U585,Spring Boot,Python,Intermediate,Programming,3,request
U832,Power BI,Node.js,Beginner,Analytics,3,request
U629,Spring Boot,React,Advanced,Programming,4,view
U698,Excel,React,Intermediate,Analytics,4,view
U67,UI/UX Design,Data Analysis,Advanced,Design,3,completed
U776,JavaScript,SQL,Intermediate,Programming,5,completed
U61,Java,Spring Boot,Beginner,Programming,5,view
U11,Python,Figma,Beginner,Programming,3,completed
U913,Figma,Power BI,Beginner,Design,5,completed
U476,JavaScript,Java,Beginner,Programming,4,request
U435,React,JavaScript,Beginner,Programming,3,completed
U391,Python,Spring Boot,Intermediate,Programming,5,view
U237,Spring Boot,Data Visualization,Advanced,Programming,5,request
U148,JavaScript,Figma,Beginner,Programming,4,completed
U361,Data Analysis,Deep Learning,Advanced,Analytics,5,completed
U909,JavaScript,Deep Learning,Advanced,Programming,4,view
U640,Deep Learning,UI/UX Design,Beginner,AI,4,completed
U771,JavaScript,Excel,Intermediate,Programming,5,completed
U288,Data Visualization,JavaScript,Beginner,Analytics,4,completed
U757,Java,Data Analysis,Advanced,Programming,5,completed
U758,Figma,Spring Boot,Beginner,Design,4,completed
U237,Node.js,Java,Beginner,Programming,4,completed
U255,JavaScript,Python,Intermediate,Programming,4,view
U399,UI/UX Design,Data Visualization,Beginner,Design,4,request
U450,Machine Learning,Excel,Advanced,AI,3,view
U197,SQL,JavaScript,Advanced,Database,4,request
U20,Data Analysis,Python,Intermediate,Analytics,5,completed
U867,UI/UX Design,Machine Learning,Advanced,Design,5,completed
U985,React,Data Analysis,Advanced,Programming,4,request
U772,Power BI,Data Visualization,Intermediate,Analytics,3,completed
U341,Excel,Data Visualization,Beginner,Analytics,5,completed
U200,Excel,Data Analysis,Beginner,Analytics,5,completed
U696,Data Visualization,JavaScript,Advanced,Analytics,4,request
U567,UI/UX Design,Figma,Advanced,Design,4,completed
U838,Data Visualization,React,Beginner,Analytics,5,completed
U606,UI/UX Design,Power BI,Beginner,Design,3,completed
U655,Power BI,Node.js,Intermediate,Analytics,4,completed
U961,UI/UX Design,Excel,Intermediate,Design,5,view
U222,Figma,Data Analysis,Intermediate,Design,5,completed
U185,UI/UX Design,Node.js,Beginner,Design,4,completed
U820,Deep Learning,Power BI,Beginner,AI,5,completed
U825,Python,Java,Advanced,Programming,3,completed
U235,Excel,React,Advanced,Analytics,5,completed
U25,React,Figma,Beginner,Programming,5,request
U311,Figma,React,Beginner,Design,4,completed
U453,Python,Deep Learning,Beginner,Programming,4,completed
U866,Data Visualization,Figma,Intermediate,Analytics,5,completed
U267,Data Visualization,Excel,Beginner,Analytics,4,completed
U211,Python,JavaScript,Beginner,Programming,4,request
U719,Spring Boot,Machine Learning,Advanced,Programming,3,completed
U430,Java,Power BI,Beginner,Programming,4,completed
U574,Node.js,UI/UX Design,Advanced,Programming,4,request
U517,React,Spring Boot,Advanced,Programming,4,request
U910,Java,Spring Boot,Advanced,Programming,3,completed
U20,Python,JavaScript,Intermediate,Programming,4,completed
U928,Spring Boot,Python,Intermediate,Programming,5,view
U767,Figma,SQL,Advanced,Design,3,completed
U28,JavaScript,Data Analysis,Beginner,Programming,5,view
U807,Power BI,Deep Learning,Advanced,Analytics,5,request
U389,Machine Learning,Node.js,Advanced,AI,5,request
U308,Excel,Figma,Intermediate,Analytics,5,request
U10,Power BI,Deep Learning,Beginner,Analytics,5,request
U711,Excel,JavaScript,Advanced,Analytics,5,request
U481,Data Visualization,Deep Learning,Intermediate,Analytics,5,request
U416,Excel,Spring Boot,Beginner,Analytics,3,request
U534,React,Deep Learning,Intermediate,Programming,4,request
U663,Data Visualization,Node.js,Beginner,Analytics,4,view
U515,Python,Deep Learning,Beginner,Programming,3,completed
U258,Node.js,Java,Intermediate,Programming,5,completed
U768,Data Visualization,Spring Boot,Beginner,Analytics,3,completed
U109,UI/UX Design,Excel,Intermediate,Design,3,completed
U656,UI/UX Design,Deep Learning,Beginner,Design,4,completed
U886,Data Visualization,Deep Learning,Advanced,Analytics,3,completed
U857,Python,Figma,Advanced,Programming,4,request
U417,Excel,Spring Boot,Advanced,Analytics,3,request
U180,Data Analysis,Excel,Beginner,Analytics,5,request
U82,Machine Learning,React,Intermediate,AI,3,completed
U740,Deep Learning,UI/UX Design,Beginner,AI,3,view
U624,Data Analysis,Excel,Advanced,Analytics,3,completed
U558,Power BI,React,Beginner,Analytics,5,view
U662,Deep Learning,UI/UX Design,Intermediate,AI,5,completed
U786,Spring Boot,Python,Advanced,Programming,5,request
U318,SQL,Spring Boot,Intermediate,Database,3,request
U759,Power BI,Machine Learning,Advanced,Analytics,3,view
U74,Python,SQL,Advanced,Programming,3,completed
U940,Node.js,Figma,Advanced,Programming,3,completed
U288,React,Node.js,Advanced,Programming,4,view
U454,JavaScript,Node.js,Beginner,Programming,4,view
U289,React,Spring Boot,Advanced,Programming,3,request
U859,JavaScript,UI/UX Design,Intermediate,Programming,5,completed
U208,UI/UX Design,Java,Advanced,Design,3,completed
U245,Spring Boot,Deep Learning,Advanced,Programming,4,request
U448,Power BI,SQL,Advanced,Analytics,4,completed
U571,JavaScript,UI/UX Design,Intermediate,Programming,4,completed
U73,Deep Learning,Power BI,Intermediate,AI,3,view
U885,UI/UX Design,Figma,Advanced,Design,4,completed
U157,JavaScript,Node.js,Beginner,Programming,3,completed
U248,Figma,UI/UX Design,Advanced,Design,3,completed
U86,SQL,Data Analysis,Advanced,Database,3,view
U836,Data Analysis,React,Advanced,Analytics,4,completed
U270,React,Deep Learning,Advanced,Programming,4,request
U288,React,Machine Learning,Intermediate,Programming,5,request
U393,Python,Power BI,Beginner,Programming,3,request
U807,Machine Learning,JavaScript,Intermediate,AI,4,request
U213,Deep Learning,UI/UX Design,Intermediate,AI,5,completed
U399,Data Visualization,Spring Boot,Advanced,Analytics,3,completed
U436,Data Analysis,Java,Advanced,Analytics,4,completed
U200,Node.js,Data Visualization,Intermediate,Programming,3,request
U125,UI/UX Design,Java,Advanced,Design,5,request
U349,Machine Learning,Excel,Intermediate,AI,4,request
U485,JavaScript,Spring Boot,Intermediate,Programming,3,completed
U178,Spring Boot,Figma,Advanced,Programming,4,request
U510,Data Visualization,Excel,Intermediate,Analytics,4,completed
U950,Power BI,Spring Boot,Advanced,Analytics,4,completed
U409,Data Analysis,UI/UX Design,Beginner,Analytics,3,completed
U917,Deep Learning,Data Visualization,Intermediate,AI,5,completed
U413,Java,Deep Learning,Advanced,Programming,3,request
U519,Node.js,Excel,Advanced,Programming,3,completed
U67,Node.js,JavaScript,Intermediate,Programming,3,request
U466,Data Visualization,Data Analysis,Advanced,Analytics,4,completed
U807,Power BI,Deep Learning,Intermediate,Analytics,5,request
U428,Excel,Spring Boot,Intermediate,Analytics,4,completed
U468,Data Visualization,UI/UX Design,Beginner,Analytics,5,completed
U232,Node.js,Figma,Beginner,Programming,4,completed
U716,Power BI,React,Beginner,Analytics,4,view
U685,Spring Boot,Data Visualization,Beginner,Programming,4,completed
U46,SQL,React,Intermediate,Database,3,request
U564,Node.js,Data Visualization,Advanced,Programming,3,view
U20,Spring Boot,Excel,Intermediate,Programming,3,completed
U624,Machine Learning,React,Beginner,AI,4,request
U157,JavaScript,Machine Learning,Advanced,Programming,4,request
U734,SQL,UI/UX Design,Beginner,Database,5,completed
U620,Node.js,SQL,Intermediate,Programming,5,completed
U542,Excel,Power BI,Advanced,Analytics,3,view
U442,Power BI,Java,Intermediate,Analytics,3,view
U548,Spring Boot,Node.js,Beginner,Programming,4,completed
U539,Data Visualization,Power BI,Beginner,Analytics,5,view
U659,Node.js,UI/UX Design,Beginner,Programming,3,request
U552,Python,UI/UX Design,Advanced,Programming,4,completed
U179,Power BI,Machine Learning,Intermediate,Analytics,3,completed
U321,Spring Boot,Power BI,Advanced,Programming,4,request
U370,Figma,Machine Learning,Advanced,Design,5,completed
U610,Excel,Spring Boot,Advanced,Analytics,5,view
U85,Machine Learning,SQL,Advanced,AI,3,view
U688,React,Data Analysis,Beginner,Programming,4,view
U688,SQL,Power BI,Intermediate,Database,3,completed
U449,Java,Machine Learning,Beginner,Programming,4,completed
U694,JavaScript,Figma,Advanced,Programming,4,completed
U612,Deep Learning,JavaScript,Beginner,AI,5,view
U898,Python,React,Beginner,Programming,5,completed
U4,Excel,Java,Beginner,Analytics,3,view
U480,Data Analysis,Excel,Intermediate,Analytics,4,completed
U57,Power BI,Node.js,Advanced,Analytics,5,completed
U266,Node.js,Deep Learning,Advanced,Programming,4,view
U128,Excel,JavaScript,Beginner,Analytics,4,view
U793,JavaScript,Data Visualization,Intermediate,Programming,4,completed
U604,Data Analysis,Spring Boot,Intermediate,Analytics,5,completed
U686,JavaScript,UI/UX Design,Advanced,Programming,3,view
U755,Python,JavaScript,Intermediate,Programming,4,completed
U175,Data Analysis,Node.js,Advanced,Analytics,4,completed
U452,Machine Learning,SQL,Intermediate,AI,5,completed
U441,JavaScript,Machine Learning,Beginner,Programming,4,request
U976,SQL,Spring Boot,Intermediate,Database,3,completed
U157,JavaScript,SQL,Intermediate,Programming,4,view
U351,UI/UX Design,Power BI,Beginner,Design,5,request
U597,Power BI,Data Analysis,Intermediate,Analytics,4,view
U501,SQL,React,Intermediate,Database,3,request
U990,Node.js,Java,Beginner,Programming,5,request
U167,UI/UX Design,Node.js,Intermediate,Design,5,request
U576,Deep Learning,UI/UX Design,Beginner,AI,4,request
U255,Figma,Node.js,Advanced,Design,4,completed
U945,Deep Learning,Java,Intermediate,AI,4,request
U196,React,Data Analysis,Intermediate,Programming,5,view
U636,Spring Boot,UI/UX Design,Advanced,Programming,4,request
U589,Node.js,Python,Intermediate,Programming,5,completed
U433,Data Analysis,Java,Beginner,Analytics,5,view
U346,Data Analysis,Node.js,Intermediate,Analytics,4,view
U177,Spring Boot,JavaScript,Intermediate,Programming,4,view
U836,JavaScript,Data Visualization,Beginner,Programming,5,request
U93,SQL,Power BI,Intermediate,Database,4,view
U434,React,Power BI,Advanced,Programming,4,completed
U712,Python,Excel,Advanced,Programming,5,request
U168,Node.js,Excel,Beginner,Programming,3,completed
U341,Machine Learning,JavaScript,Beginner,AI,5,completed
U497,React,Excel,Advanced,Programming,3,request
U592,Java,Deep Learning,Advanced,Programming,3,request
U340,UI/UX Design,Power BI,Advanced,Design,3,completed
U215,Machine Learning,JavaScript,Beginner,AI,3,completed
U872,Java,UI/UX Design,Advanced,Programming,3,completed
U185,Node.js,Figma,Advanced,Programming,4,view
U162,React,SQL,Beginner,Programming,4,request
U131,UI/UX Design,Data Visualization,Beginner,Design,4,completed
U13,Machine Learning,Node.js,Intermediate,AI,4,completed
U643,Deep Learning,Node.js,Beginner,AI,3,request
U454,Data Analysis,Python,Intermediate,Analytics,5,view
U704,Data Analysis,React,Intermediate,Analytics,4,completed
U283,Node.js,UI/UX Design,Beginner,Programming,5,view
U518,Data Analysis,Spring Boot,Beginner,Analytics,4,view
U463,SQL,UI/UX Design,Advanced,Database,4,request
U681,Data Visualization,Spring Boot,Intermediate,Analytics,4,completed
U345,Data Visualization,SQL,Beginner,Analytics,5,completed
U716,Node.js,Figma,Advanced,Programming,5,view
U170,UI/UX Design,Data Visualization,Beginner,Design,5,completed
U431,React,Java,Advanced,Programming,3,completed
U29,Python,Excel,Intermediate,Programming,4,completed
U867,Machine Learning,React,Beginner,AI,4,view
U292,Machine Learning,Data Visualization,Intermediate,AI,3,completed
U858,Deep Learning,Data Visualization,Intermediate,AI,3,completed
U772,Spring Boot,Data Visualization,Advanced,Programming,5,completed
U498,Python,Machine Learning,Intermediate,Programming,3,completed
U797,UI/UX Design,Excel,Intermediate,Design,5,request
U587,Deep Learning,Node.js,Beginner,AI,4,request
U326,Node.js,React,Intermediate,Programming,4,completed
U954,Spring Boot,Python,Intermediate,Programming,3,request
U239,Excel,Node.js,Intermediate,Analytics,5,request
U277,Power BI,Spring Boot,Intermediate,Analytics,5,request
U608,SQL,Node.js,Beginner,Database,5,request
U155,Spring Boot,Data Analysis,Intermediate,Programming,4,completed
U621,Node.js,Machine Learning,Beginner,Programming,4,request
U131,Machine Learning,Excel,Advanced,AI,3,request
U914,Machine Learning,JavaScript,Intermediate,AI,5,view
U915,Power BI,SQL,Beginner,Analytics,3,request
U198,Power BI,JavaScript,Advanced,Analytics,5,request
U886,Spring Boot,Java,Beginner,Programming,4,request
U563,Power BI,JavaScript,Intermediate,Analytics,3,request
U692,Excel,React,Advanced,Analytics,5,view
U822,Power BI,Python,Intermediate,Analytics,5,request
U515,Java,Figma,Advanced,Programming,3,request
U316,UI/UX Design,Python,Intermediate,Design,3,completed
U107,Python,Data Visualization,Beginner,Programming,5,request
U151,Deep Learning,Power BI,Advanced,AI,4,view
U918,Figma,SQL,Intermediate,Design,3,request
U529,Data Visualization,Data Analysis,Beginner,Analytics,4,completed
U791,Node.js,Deep Learning,Advanced,Programming,3,request
U25,Power BI,Python,Beginner,Analytics,5,completed
U223,Data Visualization,JavaScript,Advanced,Analytics,4,request
U496,Deep Learning,Machine Learning,Intermediate,AI,4,completed
U327,Power BI,React,Advanced,Analytics,4,completed
U850,Deep Learning,Figma,Beginner,AI,5,completed
U845,Data Analysis,Java,Intermediate,Analytics,3,request
U518,Figma,Python,Intermediate,Design,4,request
U242,Deep Learning,Data Analysis,Beginner,AI,5,request
U817,Node.js,Figma,Advanced,Programming,4,completed
U415,Excel,Data Analysis,Advanced,Analytics,5,request
U515,Excel,Machine Learning,Intermediate,Analytics,5,completed
U139,JavaScript,Machine Learning,Intermediate,Programming,3,completed
U902,Node.js,Figma,Beginner,Programming,4,completed
U262,Deep Learning,Figma,Advanced,AI,5,completed
U602,Power BI,UI/UX Design,Intermediate,Analytics,5,completed
U334,Data Analysis,UI/UX Design,Advanced,Analytics,3,completed
U435,Python,React,Beginner,Programming,5,completed
U494,UI/UX Design,SQL,Intermediate,Design,3,completed
U138,Node.js,Machine Learning,Beginner,Programming,4,request
U895,Power BI,Machine Learning,Beginner,Analytics,3,completed
U389,UI/UX Design,Python,Advanced,Design,5,completed
U15,Machine Learning,Node.js,Intermediate,AI,3,request
U599,SQL,Node.js,Beginner,Database,3,request
U384,React,SQL,Advanced,Programming,5,completed
U330,Spring Boot,SQL,Intermediate,Programming,3,view
U950,Python,Machine Learning,Beginner,Programming,3,completed
U318,Node.js,Java,Beginner,Programming,4,request
U30,Python,UI/UX Design,Beginner,Programming,4,view
U823,Python,UI/UX Design,Advanced,Programming,4,completed
U954,Figma,SQL,Advanced,Design,4,request
U454,Figma,Power BI,Intermediate,Design,4,completed
U206,React,Data Visualization,Advanced,Programming,4,completed
U624,Node.js,Java,Intermediate,Programming,4,completed
U75,UI/UX Design,Python,Intermediate,Design,5,view
U922,Data Analysis,Spring Boot,Intermediate,Analytics,3,completed
U700,SQL,Data Analysis,Advanced,Database,4,request
U713,UI/UX Design,Machine Learning,Advanced,Design,3,completed
U792,React,Power BI,Advanced,Programming,4,completed
U762,JavaScript,Spring Boot,Beginner,Programming,4,request
U335,Data Visualization,Data Analysis,Beginner,Analytics,5,completed
U268,Deep Learning,UI/UX Design,Advanced,AI,5,request
U216,UI/UX Design,Java,Intermediate,Design,4,completed
U163,Python,Node.js,Beginner,Programming,3,view
U601,JavaScript,Data Analysis,Intermediate,Programming,5,completed
U132,Python,Node.js,Beginner,Programming,4,completed
U203,Machine Learning,Figma,Advanced,AI,4,completed
U730,React,Node.js,Intermediate,Programming,5,request
U518,Power BI,Python,Intermediate,Analytics,3,view
U203,Spring Boot,Figma,Beginner,Programming,4,view
U554,JavaScript,SQL,Beginner,Programming,5,completed
U567,Python,Machine Learning,Advanced,Programming,4,completed
U154,Python,Java,Intermediate,Programming,5,view
U42,Excel,Data Visualization,Advanced,Analytics,4,request
U914,Spring Boot,Deep Learning,Advanced,Programming,3,view
U565,React,Spring Boot,Beginner,Programming,3,request
U130,Data Analysis,Excel,Advanced,Analytics,4,completed
U855,UI/UX Design,Java,Beginner,Design,5,completed
U492,Figma,Data Analysis,Beginner,Design,5,request
U387,Power BI,Data Visualization,Advanced,Analytics,5,view
U46,SQL,Node.js,Intermediate,Database,4,request
U102,Excel,JavaScript,Intermediate,Analytics,3,view
U89,Data Visualization,Python,Intermediate,Analytics,5,completed
U916,Data Visualization,Node.js,Advanced,Analytics,5,request
U367,Machine Learning,Python,Beginner,AI,4,completed
U76,Node.js,Excel,Advanced,Programming,5,completed
U652,JavaScript,Deep Learning,Beginner,Programming,3,completed
U713,Figma,Spring Boot,Advanced,Design,5,completed
U846,Data Analysis,React,Beginner,Analytics,5,completed
U994,UI/UX Design,Machine Learning,Intermediate,Design,3,completed
U143,Data Visualization,JavaScript,Beginner,Analytics,5,view
U153,SQL,JavaScript,Intermediate,Database,4,view
U419,SQL,Figma,Advanced,Database,3,view
U549,Data Analysis,Spring Boot,Beginner,Analytics,4,request
U798,Data Analysis,Data Visualization,Advanced,Analytics,3,request
U615,Node.js,Data Visualization,Beginner,Programming,4,request
U600,JavaScript,Figma,Intermediate,Programming,3,request
U732,UI/UX Design,Machine Learning,Intermediate,Design,3,request
U427,Deep Learning,Power BI,Beginner,AI,5,completed
U464,React,JavaScript,Beginner,Programming,5,completed
U777,Java,JavaScript,Intermediate,Programming,4,request
U274,Java,Deep Learning,Advanced,Programming,4,request
U299,SQL,Figma,Intermediate,Database,3,request
U501,Figma,Deep Learning,Advanced,Design,3,completed
U987,Java,Excel,Advanced,Programming,3,request
U709,Figma,SQL,Intermediate,Design,3,request
U67,Spring Boot,Excel,Intermediate,Programming,4,view
U974,UI/UX Design,Spring Boot,Advanced,Design,3,view
U737,Deep Learning,Spring Boot,Intermediate,AI,5,view
U366,Deep Learning,Data Analysis,Advanced,AI,3,request
U118,Data Analysis,Excel,Advanced,Analytics,3,completed
U101,SQL,Python,Advanced,Database,5,completed
U778,Data Visualization,Java,Intermediate,Analytics,5,completed
U66,Python,UI/UX Design,Advanced,Programming,3,request
U291,UI/UX Design,Spring Boot,Intermediate,Design,5,completed
U844,Deep Learning,Machine Learning,Beginner,AI,3,completed
U889,Java,Deep Learning,Beginner,Programming,3,completed
U579,Machine Learning,Excel,Beginner,AI,5,completed
U757,Node.js,Power BI,Advanced,Programming,3,completed
U839,Python,Power BI,Intermediate,Programming,5,view
U350,Figma,UI/UX Design,Intermediate,Design,5,request
U239,Deep Learning,Python,Advanced,AI,5,completed
U739,React,SQL,Advanced,Programming,3,completed
U338,UI/UX Design,Data Visualization,Intermediate,Design,3,view
U247,Data Visualization,Deep Learning,Advanced,Analytics,5,request
U507,Machine Learning,Power BI,Advanced,AI,5,request
U179,UI/UX Design,Java,Intermediate,Design,4,view
U658,Node.js,Python,Advanced,Programming,3,completed
U947,Data Analysis,Data Visualization,Beginner,Analytics,5,view
U743,Data Visualization,Spring Boot,Intermediate,Analytics,5,completed
U171,Figma,SQL,Advanced,Design,3,completed
U161,Machine Learning,Node.js,Advanced,AI,4,completed
U38,Data Analysis,Deep Learning,Beginner,Analytics,3,completed
U830,React,Data Visualization,Advanced,Programming,5,view
U37,Node.js,Figma,Advanced,Programming,4,request
U316,Machine Learning,SQL,Beginner,AI,4,view
U421,Excel,JavaScript,Advanced,Analytics,5,request
U561,Deep Learning,JavaScript,Beginner,AI,4,completed
U41,React,Python,Beginner,Programming,3,view
U614,Node.js,SQL,Intermediate,Programming,4,request
U172,Spring Boot,Excel,Intermediate,Programming,3,request
U301,Python,UI/UX Design,Intermediate,Programming,4,view
U456,Figma,UI/UX Design,Intermediate,Design,5,request
U296,Python,Deep Learning,Beginner,Programming,3,request
U676,Figma,Excel,Intermediate,Design,5,completed
U77,Power BI,React,Beginner,Analytics,5,request
U414,Excel,UI/UX Design,Intermediate,Analytics,4,view
U480,SQL,Power BI,Intermediate,Database,3,completed
U552,Spring Boot,Data Visualization,Intermediate,Programming,5,view
U569,Power BI,Figma,Advanced,Analytics,3,view
U503,Spring Boot,Power BI,Advanced,Programming,5,completed
U831,React,Data Analysis,Advanced,Programming,4,view
U940,UI/UX Design,Excel,Intermediate,Design,5,request
U614,Figma,Deep Learning,Beginner,Design,3,completed
U619,Data Visualization,UI/UX Design,Advanced,Analytics,3,request
U109,Power BI,Node.js,Advanced,Analytics,3,completed
U544,Figma,JavaScript,Intermediate,Design,3,completed
U944,Figma,Node.js,Beginner,Design,4,completed
U724,Python,Machine Learning,Intermediate,Programming,5,request
U144,Java,SQL,Intermediate,Programming,3,completed
U518,Machine Learning,React,Intermediate,AI,3,request
U961,Deep Learning,SQL,Beginner,AI,4,view
U293,Machine Learning,Data Visualization,Beginner,AI,3,completed
U599,Power BI,Data Visualization,Intermediate,Analytics,3,request
U834,React,SQL,Intermediate,Programming,4,completed
U899,UI/UX Design,React,Intermediate,Design,5,completed
U422,Power BI,Node.js,Intermediate,Analytics,5,request
U256,Python,Machine Learning,Intermediate,Programming,4,view
U154,SQL,Data Analysis,Beginner,Database,5,completed
U375,Figma,Data Analysis,Intermediate,Design,4,request
U734,Node.js,Figma,Intermediate,Programming,4,request
U210,Node.js,React,Intermediate,Programming,5,view
U523,Spring Boot,Machine Learning,Beginner,Programming,3,request
U495,Spring Boot,Data Visualization,Intermediate,Programming,3,request
U587,Data Visualization,UI/UX Design,Beginner,Analytics,5,completed
U33,Java,UI/UX Design,Beginner,Programming,3,completed
U466,Python,Deep Learning,Advanced,Programming,4,completed
U638,SQL,React,Advanced,Database,3,completed
U688,JavaScript,Spring Boot,Beginner,Programming,5,completed
U996,Excel,UI/UX Design,Beginner,Analytics,5,completed
U977,React,Machine Learning,Advanced,Programming,4,request
U552,Data Visualization,Deep Learning,Intermediate,Analytics,5,completed
U35,UI/UX Design,SQL,Intermediate,Design,4,view
U416,Power BI,Python,Intermediate,Analytics,5,completed
U500,Machine Learning,Excel,Beginner,AI,3,view
U131,SQL,Power BI,Intermediate,Database,5,request
U244,Machine Learning,Spring Boot,Intermediate,AI,3,completed
U516,Python,Deep Learning,Beginner,Programming,5,completed
U631,Deep Learning,Machine Learning,Beginner,AI,5,completed
U440,Deep Learning,Spring Boot,Beginner,AI,4,completed
U729,Power BI,Deep Learning,Beginner,Analytics,4,completed
U842,Java,React,Beginner,Programming,3,view
U808,Python,UI/UX Design,Intermediate,Programming,3,completed
U115,UI/UX Design,Machine Learning,Beginner,Design,3,completed
U253,Excel,Data Analysis,Beginner,Analytics,3,completed
U544,Machine Learning,Python,Intermediate,AI,4,view
U706,UI/UX Design,Data Visualization,Advanced,Design,4,completed
U892,Machine Learning,React,Advanced,AI,3,completed
U490,UI/UX Design,Figma,Intermediate,Design,5,completed
U60,Deep Learning,Node.js,Beginner,AI,4,view
U412,Data Analysis,UI/UX Design,Intermediate,Analytics,3,request
U940,Deep Learning,Node.js,Intermediate,AI,5,request
U491,React,Java,Advanced,Programming,5,view
U383,Spring Boot,Node.js,Intermediate,Programming,5,request
U283,Excel,React,Advanced,Analytics,3,completed
U953,Figma,Machine Learning,Beginner,Design,5,view
U733,Node.js,React,Intermediate,Programming,4,request
U663,Power BI,Data Visualization,Advanced,Analytics,3,completed
U397,Spring Boot,Python,Intermediate,Programming,3,completed
U95,Figma,Machine Learning,Advanced,Design,5,completed
U774,Machine Learning,Python,Beginner,AI,4,view
U404,Python,Java,Beginner,Programming,3,request
U228,Data Visualization,React,Advanced,Analytics,4,completed
U920,Spring Boot,React,Advanced,Programming,5,view
U58,Spring Boot,Java,Advanced,Programming,5,view
U953,React,SQL,Beginner,Programming,4,completed
U248,Machine Learning,UI/UX Design,Intermediate,AI,4,request
U976,Node.js,Figma,Intermediate,Programming,4,view
U329,Python,Excel,Advanced,Programming,5,completed
U735,JavaScript,Machine Learning,Advanced,Programming,5,completed
U310,React,Data Visualization,Beginner,Programming,4,completed
U516,JavaScript,Spring Boot,Beginner,Programming,5,completed
U694,Java,Power BI,Intermediate,Programming,4,view
U198,Excel,Power BI,Intermediate,Analytics,5,completed
U383,Figma,Deep Learning,Advanced,Design,3,view
U453,SQL,JavaScript,Advanced,Database,4,completed
U555,JavaScript,Python,Advanced,Programming,5,completed
U722,Power BI,Python,Advanced,Analytics,3,request
U940,Data Visualization,SQL,Beginner,Analytics,4,request
U978,Figma,Data Analysis,Advanced,Design,3,request
U790,React,Machine Learning,Advanced,Programming,5,completed
U462,Data Analysis,UI/UX Design,Beginner,Analytics,5,request
U207,Python,Spring Boot,Intermediate,Programming,5,view
U615,Java,Deep Learning,Advanced,Programming,3,view
U644,Data Visualization,Power BI,Beginner,Analytics,5,completed
U371,Java,Spring Boot,Intermediate,Programming,5,view
U150,JavaScript,Java,Advanced,Programming,4,completed
U376,React,Machine Learning,Intermediate,Programming,3,view
U854,Excel,UI/UX Design,Intermediate,Analytics,4,completed
U746,Deep Learning,Machine Learning,Intermediate,AI,3,completed
U826,Python,Deep Learning,Beginner,Programming,3,completed
U602,Data Analysis,React,Advanced,Analytics,3,completed
U748,SQL,React,Beginner,Database,4,completed
U31,Machine Learning,Power BI,Beginner,AI,5,view
U521,Node.js,Java,Advanced,Programming,4,completed
U698,Java,Excel,Intermediate,Programming,3,completed
U735,SQL,Excel,Beginner,Database,3,view
U378,UI/UX Design,Machine Learning,Advanced,Design,3,view
U608,Node.js,Java,Advanced,Programming,5,view
U527,Power BI,JavaScript,Beginner,Analytics,4,completed
U596,Excel,Data Visualization,Advanced,Analytics,5,view
U92,UI/UX Design,Data Visualization,Intermediate,Design,4,completed
U112,Excel,Spring Boot,Intermediate,Analytics,4,view
U666,Figma,Power BI,Intermediate,Design,4,completed
U565,Java,Python,Advanced,Programming,5,completed
U721,Deep Learning,UI/UX Design,Intermediate,AI,4,completed
U579,React,UI/UX Design,Intermediate,Programming,5,request
U469,JavaScript,UI/UX Design,Intermediate,Programming,4,request
U773,Python,Excel,Intermediate,Programming,5,completed
U59,Java,Power BI,Beginner,Programming,5,request
U616,Java,SQL,Advanced,Programming,5,completed
U498,Power BI,JavaScript,Intermediate,Analytics,4,view
U873,Node.js,Spring Boot,Beginner,Programming,3,view
U738,Java,SQL,Advanced,Programming,4,request
U752,Node.js,SQL,Beginner,Programming,4,completed
U673,Data Visualization,Java,Advanced,Analytics,5,view
U512,Excel,React,Advanced,Analytics,3,request
U637,Machine Learning,SQL,Intermediate,AI,3,request
U869,Excel,Spring Boot,Intermediate,Analytics,3,view
U568,Data Analysis,Deep Learning,Advanced,Analytics,5,completed
U212,Python,React,Intermediate,Programming,3,completed
U954,Excel,Data Visualization,Advanced,Analytics,3,completed
U71,JavaScript,Machine Learning,Intermediate,Programming,4,request
U993,JavaScript,Data Analysis,Advanced,Programming,4,completed
U69,Data Visualization,Node.js,Advanced,Analytics,3,request
U396,Excel,Power BI,Intermediate,Analytics,3,completed
U14,Power BI,JavaScript,Beginner,Analytics,4,completed
U998,Data Visualization,Spring Boot,Advanced,Analytics,5,view
U425,Data Visualization,Machine Learning,Intermediate,Analytics,5,request
U663,UI/UX Design,React,Beginner,Design,4,completed
U791,Data Analysis,Spring Boot,Advanced,Analytics,5,request
U454,Figma,JavaScript,Intermediate,Design,5,request
U156,React,JavaScript,Intermediate,Programming,3,completed
U687,Figma,SQL,Intermediate,Design,5,completed
U285,Java,Data Visualization,Beginner,Programming,4,completed
U442,Excel,Deep Learning,Advanced,Analytics,5,view
U430,Data Analysis,Power BI,Advanced,Analytics,5,request
U346,Python,Spring Boot,Beginner,Programming,3,request
U247,JavaScript,React,Advanced,Programming,3,completed
U43,React,Power BI,Advanced,Programming,3,view
U799,React,Node.js,Beginner,Programming,5,completed
U366,Java,Data Analysis,Advanced,Programming,5,view
U742,Power BI,React,Intermediate,Analytics,4,request
U135,Figma,SQL,Beginner,Design,4,view
U935,JavaScript,UI/UX Design,Intermediate,Programming,4,request
U672,Power BI,Node.js,Beginner,Analytics,3,view
U874,Deep Learning,Power BI,Advanced,AI,3,completed
U372,Power BI,Data Analysis,Advanced,Analytics,4,view
U826,Java,Python,Advanced,Programming,4,completed
U363,Machine Learning,Figma,Advanced,AI,3,request
U423,Java,Figma,Intermediate,Programming,5,completed
U372,Machine Learning,Node.js,Beginner,AI,4,request
U650,Deep Learning,Python,Beginner,AI,5,completed
U930,React,Machine Learning,Intermediate,Programming,5,view
U288,React,Node.js,Advanced,Programming,3,view
U162,React,Machine Learning,Intermediate,Programming,5,view
U378,Java,UI/UX Design,Intermediate,Programming,4,request
U679,Excel,Java,Intermediate,Analytics,3,completed
U384,SQL,Figma,Advanced,Database,5,completed
U763,Java,UI/UX Design,Intermediate,Programming,3,request
U619,JavaScript,Excel,Advanced,Programming,3,view
U846,Excel,Data Analysis,Intermediate,Analytics,4,completed
U925,Data Analysis,Data Visualization,Advanced,Analytics,4,completed
U225,SQL,JavaScript,Beginner,Database,3,completed
U251,Figma,SQL,Beginner,Design,3,view
U315,Deep Learning,UI/UX Design,Beginner,AI,4,completed
U180,Excel,React,Advanced,Analytics,4,completed
U768,Data Visualization,Figma,Intermediate,Analytics,4,completed
U492,JavaScript,Excel,Advanced,Programming,4,completed
U185,Figma,Power BI,Beginner,Design,4,request
U591,Python,Deep Learning,Beginner,Programming,4,view
U44,Data Visualization,Power BI,Beginner,Analytics,3,completed
U716,Python,Excel,Advanced,Programming,3,completed
U302,Python,React,Advanced,Programming,5,completed
U44,Node.js,Data Visualization,Beginner,Programming,5,completed
U269,SQL,Java,Beginner,Database,4,completed
U307,React,Data Analysis,Advanced,Programming,3,view
U695,React,Python,Beginner,Programming,3,completed
U729,Python,Java,Intermediate,Programming,4,completed
U414,Data Visualization,Node.js,Intermediate,Analytics,5,completed
U733,Excel,JavaScript,Advanced,Analytics,5,completed
U390,Deep Learning,Python,Beginner,AI,4,completed
U2,Spring Boot,JavaScript,Beginner,Programming,4,view
U24,Java,Node.js,Advanced,Programming,4,view
U880,Data Analysis,Figma,Intermediate,Analytics,4,completed
U964,Figma,Java,Intermediate,Design,5,completed
U103,SQL,Power BI,Intermediate,Database,4,completed
U968,UI/UX Design,Power BI,Advanced,Design,4,request
U628,Figma,Python,Beginner,Design,5,completed
U1,Power BI,Excel,Intermediate,Analytics,5,view
U738,Spring Boot,Java,Intermediate,Programming,3,request
U3,Data Analysis,Excel,Advanced,Analytics,3,completed
U799,JavaScript,UI/UX Design,Intermediate,Programming,4,completed
U142,UI/UX Design,Excel,Beginner,Design,3,request
U220,Excel,Power BI,Advanced,Analytics,3,view
U20,Excel,Java,Beginner,Analytics,3,completed
U74,Python,React,Intermediate,Programming,4,completed
U783,Figma,JavaScript,Advanced,Design,3,completed
U608,Excel,JavaScript,Intermediate,Analytics,5,completed
U695,Machine Learning,Deep Learning,Intermediate,AI,5,request
U459,Power BI,JavaScript,Intermediate,Analytics,5,view
U866,Power BI,Spring Boot,Intermediate,Analytics,5,request
U217,Java,Deep Learning,Intermediate,Programming,4,view
U998,SQL,Deep Learning,Advanced,Database,5,completed
U340,Deep Learning,Spring Boot,Beginner,AI,3,completed
U826,UI/UX Design,React,Intermediate,Design,4,view
U704,Deep Learning,Java,Beginner,AI,5,completed
U785,Figma,Spring Boot,Beginner,Design,4,completed
U906,React,SQL,Intermediate,Programming,5,view
U785,UI/UX Design,Data Visualization,Beginner,Design,3,completed
U555,Machine Learning,Node.js,Beginner,AI,4,view
U324,Figma,Node.js,Intermediate,Design,4,completed
U123,SQL,Excel,Intermediate,Database,4,request
U166,SQL,Java,Beginner,Database,3,view
U527,Java,Data Visualization,Intermediate,Programming,3,view
U116,JavaScript,Machine Learning,Advanced,Programming,4,completed
U931,Deep Learning,Figma,Beginner,AI,3,completed
U659,Figma,Spring Boot,Advanced,Design,4,request
U799,React,Java,Advanced,Programming,4,view
U731,JavaScript,Java,Intermediate,Programming,5,completed
U216,Deep Learning,Java,Beginner,AI,3,completed
U849,Spring Boot,Deep Learning,Advanced,Programming,3,completed
U442,React,Machine Learning,Intermediate,Programming,4,view
U272,JavaScript,Node.js,Beginner,Programming,4,completed
U182,React,Java,Advanced,Programming,5,view
U401,Machine Learning,Node.js,Beginner,AI,5,view
U611,SQL,Data Visualization,Advanced,Database,3,completed
U470,UI/UX Design,React,Advanced,Design,5,request
U621,React,Node.js,Beginner,Programming,3,view
U385,Machine Learning,Node.js,Beginner,AI,4,completed
U717,Figma,Data Visualization,Advanced,Design,3,view
U129,Power BI,Python,Intermediate,Analytics,3,request
U701,React,Python,Advanced,Programming,5,request
U55,Java,Excel,Advanced,Programming,3,completed
U198,Python,Java,Advanced,Programming,5,view
U785,UI/UX Design,Excel,Beginner,Design,3,completed
U677,React,Deep Learning,Advanced,Programming,5,view
U715,SQL,Java,Advanced,Database,3,completed
U153,JavaScript,Data Analysis,Intermediate,Programming,3,completed
U353,Spring Boot,Python,Beginner,Programming,3,completed
U117,JavaScript,Data Analysis,Advanced,Programming,3,request
U791,Machine Learning,Data Visualization,Beginner,AI,4,completed
U898,UI/UX Design,Deep Learning,Beginner,Design,5,completed
U402,React,UI/UX Design,Beginner,Programming,3,completed
U313,Data Analysis,Excel,Beginner,Analytics,4,view
U47,Deep Learning,UI/UX Design,Intermediate,AI,3,request
U123,Data Analysis,Data Visualization,Advanced,Analytics,4,request
U870,Deep Learning,Power BI,Intermediate,AI,4,completed
U261,UI/UX Design,Data Visualization,Intermediate,Design,5,completed
U302,UI/UX Design,Machine Learning,Beginner,Design,3,request
U34,Power BI,JavaScript,Intermediate,Analytics,3,request
U440,Python,Machine Learning,Advanced,Programming,3,completed
U465,JavaScript,Spring Boot,Beginner,Programming,5,view
U337,Excel,Spring Boot,Intermediate,Analytics,5,request
U135,SQL,Machine Learning,Advanced,Database,3,completed
U961,Excel,Data Visualization,Intermediate,Analytics,5,view
U130,Java,Spring Boot,Advanced,Programming,4,request
U783,SQL,Deep Learning,Intermediate,Database,4,completed
U479,SQL,Power BI,Beginner,Database,5,completed
U941,SQL,Figma,Intermediate,Database,4,completed
U194,Java,Excel,Beginner,Programming,3,request
U829,Java,JavaScript,Beginner,Programming,4,view
U797,Data Visualization,Node.js,Advanced,Analytics,3,completed
U803,UI/UX Design,Figma,Beginner,Design,4,completed
U234,Figma,Java,Intermediate,Design,3,completed
U663,Deep Learning,Data Visualization,Intermediate,AI,3,request
U775,React,Power BI,Beginner,Programming,5,view
U303,Spring Boot,Node.js,Advanced,Programming,5,completed
U957,Data Analysis,Node.js,Advanced,Analytics,3,request
U369,Java,Excel,Beginner,Programming,5,completed
U823,Data Visualization,Python,Intermediate,Analytics,3,completed
U676,Machine Learning,Figma,Advanced,AI,3,request
U548,Data Analysis,UI/UX Design,Advanced,Analytics,4,request
U721,SQL,Data Analysis,Beginner,Database,5,completed
U383,Data Visualization,Spring Boot,Advanced,Analytics,3,view
U300,Excel,Figma,Beginner,Analytics,4,view
U393,Node.js,Power BI,Beginner,Programming,5,completed
U958,Deep Learning,Java,Intermediate,AI,4,request
U873,Python,Machine Learning,Intermediate,Programming,4,view
U759,Data Visualization,Node.js,Advanced,Analytics,4,request
U221,UI/UX Design,Machine Learning,Beginner,Design,3,view
U751,UI/UX Design,Data Visualization,Intermediate,Design,5,completed
U87,Data Visualization,Java,Advanced,Analytics,4,completed
U362,JavaScript,Machine Learning,Intermediate,Programming,3,request
U391,Excel,SQL,Beginner,Analytics,3,completed
U319,Data Analysis,Python,Intermediate,Analytics,4,completed
U125,Deep Learning,Data Visualization,Intermediate,AI,3,completed
U444,Machine Learning,Java,Intermediate,AI,5,completed
U99,UI/UX Design,JavaScript,Advanced,Design,5,view
U728,Power BI,Python,Beginner,Analytics,3,view
U665,React,UI/UX Design,Beginner,Programming,4,completed
U218,Excel,React,Beginner,Analytics,3,completed
U149,Data Visualization,Excel,Intermediate,Analytics,4,completed
U54,Node.js,Data Analysis,Intermediate,Programming,4,completed
U655,SQL,Figma,Intermediate,Database,4,completed
U249,Java,JavaScript,Beginner,Programming,3,completed
U835,Python,Excel,Advanced,Programming,3,completed
U217,JavaScript,Node.js,Advanced,Programming,4,completed
U766,Python,SQL,Beginner,Programming,5,request
U668,Excel,UI/UX Design,Intermediate,Analytics,4,request
U32,Java,Node.js,Advanced,Programming,4,request
U882,Power BI,JavaScript,Beginner,Analytics,4,request
U985,Python,Spring Boot,Beginner,Programming,5,completed
U331,React,Deep Learning,Beginner,Programming,3,completed
U190,Power BI,Deep Learning,Advanced,Analytics,3,view
U884,Node.js,Machine Learning,Intermediate,Programming,5,view
U914,Excel,Figma,Intermediate,Analytics,5,request
U977,Data Visualization,Java,Beginner,Analytics,5,request
U998,React,Node.js,Advanced,Programming,4,view
U885,React,UI/UX Design,Advanced,Programming,5,view
U392,Figma,JavaScript,Advanced,Design,5,completed
U439,Figma,UI/UX Design,Intermediate,Design,3,completed
U187,Python,UI/UX Design,Advanced,Programming,4,completed
U688,SQL,Figma,Intermediate,Database,3,view
U632,Spring Boot,Python,Beginner,Programming,4,completed
U766,Machine Learning,Deep Learning,Advanced,AI,4,request
U309,Spring Boot,Excel,Beginner,Programming,3,completed
U153,SQL,Deep Learning,Beginner,Database,4,completed
U324,Deep Learning,JavaScript,Intermediate,AI,5,completed
U752,Spring Boot,UI/UX Design,Beginner,Programming,4,request
U976,Machine Learning,Python,Intermediate,AI,4,completed
U601,Machine Learning,JavaScript,Intermediate,AI,5,completed
U749,Excel,JavaScript,Beginner,Analytics,3,completed
U713,Python,SQL,Intermediate,Programming,3,completed
U604,React,JavaScript,Advanced,Programming,5,completed
U421,React,Spring Boot,Advanced,Programming,3,request
U679,Python,Java,Advanced,Programming,4,completed
U205,Power BI,Java,Advanced,Analytics,5,request
U538,UI/UX Design,Node.js,Intermediate,Design,3,completed
U803,Deep Learning,Python,Intermediate,AI,3,completed
U666,Data Visualization,Deep Learning,Beginner,Analytics,4,completed
U16,React,Data Visualization,Advanced,Programming,5,request
U552,Java,Python,Intermediate,Programming,5,view
U28,Power BI,JavaScript,Intermediate,Analytics,5,view
U920,Python,Java,Intermediate,Programming,4,request
U158,Excel,Node.js,Beginner,Analytics,5,completed
U332,SQL,React,Advanced,Database,4,completed
U500,Power BI,React,Advanced,Analytics,4,completed
U671,Deep Learning,Java,Intermediate,AI,3,completed
U99,Deep Learning,Power BI,Intermediate,AI,5,completed
U384,Deep Learning,Java,Intermediate,AI,3,completed
U130,Machine Learning,Figma,Beginner,AI,4,request
U757,Deep Learning,Figma,Advanced,AI,5,view
U70,Node.js,UI/UX Design,Advanced,Programming,5,view
U697,Python,SQL,Advanced,Programming,4,completed
U363,UI/UX Design,Power BI,Intermediate,Design,5,view
U301,React,Data Analysis,Beginner,Programming,4,completed
U19,Machine Learning,Java,Intermediate,AI,4,request
U726,Python,Excel,Intermediate,Programming,4,view
U276,SQL,Machine Learning,Advanced,Database,3,request
U9,Power BI,Deep Learning,Beginner,Analytics,4,completed
U830,SQL,Machine Learning,Intermediate,Database,5,completed
U414,Data Visualization,SQL,Beginner,Analytics,3,completed
U228,Power BI,Java,Beginner,Analytics,3,request
U369,Spring Boot,Node.js,Beginner,Programming,3,view
U795,Spring Boot,Machine Learning,Intermediate,Programming,3,completed
U838,React,Data Analysis,Beginner,Programming,4,completed
U544,Node.js,Data Analysis,Advanced,Programming,3,completed
U651,Data Analysis,JavaScript,Intermediate,Analytics,3,view
U350,Excel,JavaScript,Advanced,Analytics,3,view
U740,SQL,Data Visualization,Intermediate,Database,5,request
U810,Power BI,Data Visualization,Intermediate,Analytics,5,request
U755,Data Analysis,Python,Intermediate,Analytics,3,completed
U74,Figma,React,Advanced,Design,3,completed
U304,Excel,Figma,Intermediate,Analytics,4,completed
U186,Spring Boot,SQL,Advanced,Programming,5,completed
U911,Node.js,UI/UX Design,Advanced,Programming,4,completed
U266,UI/UX Design,Data Visualization,Beginner,Design,3,view
U574,Python,Excel,Advanced,Programming,4,view
U235,UI/UX Design,Node.js,Beginner,Design,3,view
U865,Python,Data Visualization,Advanced,Programming,4,completed
U422,Excel,Power BI,Intermediate,Analytics,4,completed
U598,Excel,Spring Boot,Intermediate,Analytics,5,request
U750,UI/UX Design,Spring Boot,Intermediate,Design,3,request
U635,UI/UX Design,Python,Beginner,Design,5,request
U294,Deep Learning,React,Beginner,AI,4,completed
U554,Data Visualization,SQL,Intermediate,Analytics,5,completed
U665,JavaScript,Node.js,Advanced,Programming,3,completed
U896,SQL,Power BI,Intermediate,Database,4,request
U245,JavaScript,Java,Beginner,Programming,5,view
U922,Power BI,Node.js,Beginner,Analytics,3,completed
U962,Power BI,Data Visualization,Intermediate,Analytics,3,completed
U506,Data Analysis,Java,Beginner,Analytics,3,completed
U690,Power BI,JavaScript,Advanced,Analytics,4,request
U506,UI/UX Design,Machine Learning,Advanced,Design,3,completed
U275,Node.js,Deep Learning,Beginner,Programming,4,completed
U93,Data Visualization,Machine Learning,Advanced,Analytics,3,completed
U352,Machine Learning,Excel,Beginner,AI,3,completed
U356,Power BI,React,Intermediate,Analytics,3,request
U379,Machine Learning,JavaScript,Intermediate,AI,3,completed
U171,Deep Learning,React,Advanced,AI,4,view
U623,Data Analysis,SQL,Advanced,Analytics,5,request
U642,Excel,React,Advanced,Analytics,3,request
U438,Data Analysis,Spring Boot,Intermediate,Analytics,4,completed
U590,JavaScript,Machine Learning,Advanced,Programming,4,request
U891,UI/UX Design,Power BI,Beginner,Design,4,completed
U344,Python,Java,Intermediate,Programming,4,completed
U912,Deep Learning,Spring Boot,Advanced,AI,5,completed
U764,UI/UX Design,Data Visualization,Intermediate,Design,4,completed
U227,Python,Java,Advanced,Programming,4,completed
U642,React,Data Analysis,Beginner,Programming,4,completed
U803,React,Figma,Beginner,Programming,3,request
U906,Deep Learning,Data Visualization,Intermediate,AI,5,completed
U87,React,SQL,Intermediate,Programming,3,request
U214,Figma,Data Analysis,Advanced,Design,4,completed
U912,Figma,Data Analysis,Advanced,Design,4,completed
U705,Machine Learning,Figma,Advanced,AI,4,completed
U66,Data Analysis,Figma,Advanced,Analytics,5,request
U401,JavaScript,Deep Learning,Beginner,Programming,5,completed
U33,SQL,Python,Intermediate,Database,5,completed
U290,Power BI,Java,Intermediate,Analytics,3,request
U782,Python,UI/UX Design,Beginner,Programming,3,completed
U400,Excel,Machine Learning,Advanced,Analytics,4,completed
U495,Data Analysis,Node.js,Beginner,Analytics,5,completed
U686,Power BI,Deep Learning,Advanced,Analytics,3,completed
U856,JavaScript,Data Visualization,Beginner,Programming,3,view
U451,React,Power BI,Beginner,Programming,3,completed
U463,React,Node.js,Beginner,Programming,3,completed
U277,Deep Learning,Power BI,Intermediate,AI,4,completed
U798,UI/UX Design,Data Analysis,Beginner,Design,5,request
U663,Machine Learning,Excel,Intermediate,AI,5,view
U991,Deep Learning,Java,Beginner,AI,3,completed
U401,Power BI,Node.js,Beginner,Analytics,4,completed
U605,React,Python,Advanced,Programming,5,completed
U594,Python,Machine Learning,Advanced,Programming,4,completed
U54,Python,SQL,Beginner,Programming,4,request
U7,Data Visualization,SQL,Beginner,Analytics,5,completed
U170,Figma,Java,Intermediate,Design,3,view
U20,Java,Deep Learning,Advanced,Programming,4,completed
U68,Node.js,UI/UX Design,Advanced,Programming,5,view
U601,JavaScript,Deep Learning,Intermediate,Programming,5,completed
U443,Data Analysis,Machine Learning,Intermediate,Analytics,5,completed
U749,Machine Learning,Data Visualization,Advanced,AI,3,completed
U260,Java,Machine Learning,Intermediate,Programming,3,view
U897,Deep Learning,UI/UX Design,Intermediate,AI,3,request
U594,JavaScript,Figma,Advanced,Programming,4,request
U734,UI/UX Design,JavaScript,Intermediate,Design,5,request
U397,Data Visualization,Spring Boot,Beginner,Analytics,3,request
U618,Data Analysis,Excel,Intermediate,Analytics,5,view
U992,Power BI,SQL,Advanced,Analytics,3,completed
U367,JavaScript,SQL,Intermediate,Programming,3,completed
U252,Spring Boot,Deep Learning,Advanced,Programming,3,completed
U915,Data Analysis,Deep Learning,Advanced,Analytics,3,request
U451,Excel,SQL,Beginner,Analytics,4,completed
U847,JavaScript,Power BI,Advanced,Programming,5,view
U378,Data Analysis,Figma,Beginner,Analytics,5,view
U948,UI/UX Design,Python,Advanced,Design,3,completed
U556,JavaScript,SQL,Advanced,Programming,3,completed
U45,Python,Node.js,Intermediate,Programming,3,request
U945,Data Analysis,Python,Advanced,Analytics,5,view
U599,Excel,JavaScript,Beginner,Analytics,3,request
U261,Data Visualization,Power BI,Intermediate,Analytics,3,completed
U676,React,Spring Boot,Intermediate,Programming,3,request
U998,Excel,SQL,Intermediate,Analytics,3,request
U695,JavaScript,Power BI,Intermediate,Programming,3,request
U456,Java,Deep Learning,Advanced,Programming,5,view
U551,React,Spring Boot,Beginner,Programming,4,request
U331,Figma,UI/UX Design,Advanced,Design,5,completed
U586,Node.js,Power BI,Intermediate,Programming,3,completed
U348,Figma,Spring Boot,Advanced,Design,4,completed
U879,React,UI/UX Design,Intermediate,Programming,3,view
U673,React,Python,Advanced,Programming,3,completed
U669,Java,Figma,Intermediate,Programming,3,view
U682,Power BI,Data Visualization,Intermediate,Analytics,5,completed
U103,Power BI,Spring Boot,Beginner,Analytics,4,view
U231,Python,Excel,Beginner,Programming,3,completed
U306,Data Visualization,Data Analysis,Beginner,Analytics,3,completed
U824,Data Visualization,Python,Advanced,Analytics,3,request
U87,SQL,Data Analysis,Advanced,Database,3,completed
U530,React,Java,Intermediate,Programming,3,completed
U160,Data Analysis,Deep Learning,Advanced,Analytics,4,view
U528,Spring Boot,Figma,Beginner,Programming,5,completed
U641,Python,Machine Learning,Advanced,Programming,4,completed
U490,Node.js,SQL,Advanced,Programming,5,completed
U509,Java,Python,Beginner,Programming,4,request
U298,Python,Data Visualization,Intermediate,Programming,4,completed
U913,Data Visualization,Machine Learning,Beginner,Analytics,3,request
U722,Python,Node.js,Beginner,Programming,3,completed
U4,Machine Learning,Node.js,Advanced,AI,4,request
U913,Data Analysis,React,Intermediate,Analytics,3,request
U596,Java,Figma,Advanced,Programming,5,completed
U473,Data Visualization,Data Analysis,Intermediate,Analytics,3,request
U905,Machine Learning,Figma,Advanced,AI,3,completed
U953,Java,Power BI,Beginner,Programming,5,request
U719,Spring Boot,Data Analysis,Advanced,Programming,3,completed
U824,Excel,Spring Boot,Beginner,Analytics,3,view
U850,Node.js,Data Analysis,Beginner,Programming,4,completed
U526,JavaScript,Excel,Advanced,Programming,3,completed
U3,Deep Learning,Data Visualization,Beginner,AI,4,request
U59,Excel,UI/UX Design,Beginner,Analytics,3,completed
U184,JavaScript,Node.js,Advanced,Programming,3,request
U337,Excel,SQL,Advanced,Analytics,4,view
U971,Deep Learning,Figma,Intermediate,AI,3,request
U604,Data Analysis,Excel,Advanced,Analytics,5,request
U455,Node.js,Figma,Beginner,Programming,4,completed
U362,Data Visualization,Data Analysis,Intermediate,Analytics,3,completed
U627,Power BI,Python,Advanced,Analytics,4,request
U190,Data Analysis,Power BI,Beginner,Analytics,3,completed
U871,Excel,Power BI,Intermediate,Analytics,5,completed
U528,Spring Boot,Python,Beginner,Programming,4,completed
U102,UI/UX Design,Machine Learning,Intermediate,Design,5,completed
U273,Python,React,Intermediate,Programming,3,request
U51,Node.js,JavaScript,Intermediate,Programming,4,completed
U549,JavaScript,UI/UX Design,Beginner,Programming,5,completed
U787,Data Visualization,Deep Learning,Intermediate,Analytics,4,completed
U335,Node.js,Machine Learning,Advanced,Programming,3,view
U158,Machine Learning,Figma,Intermediate,AI,4,request
U538,Excel,JavaScript,Beginner,Analytics,5,completed
U351,Power BI,Data Analysis,Beginner,Analytics,4,completed
U974,Data Visualization,Data Analysis,Advanced,Analytics,4,completed
U372,Python,Excel,Beginner,Programming,3,completed
U166,Node.js,Data Analysis,Advanced,Programming,4,request
U575,Java,Python,Intermediate,Programming,3,completed
U860,Python,Spring Boot,Beginner,Programming,4,completed
U14,Figma,React,Beginner,Design,3,completed
U196,Power BI,Python,Intermediate,Analytics,3,request
U344,Java,React,Beginner,Programming,5,view
U323,Data Analysis,Machine Learning,Advanced,Analytics,4,view
U918,Data Analysis,UI/UX Design,Intermediate,Analytics,5,completed
U757,JavaScript,Python,Beginner,Programming,3,completed
U365,Deep Learning,JavaScript,Intermediate,AI,4,completed
U183,Power BI,Python,Advanced,Analytics,3,request
U865,Machine Learning,Excel,Intermediate,AI,5,view
U579,Figma,Power BI,Beginner,Design,3,request
U568,Node.js,Figma,Intermediate,Programming,4,request
U791,Excel,UI/UX Design,Beginner,Analytics,4,view
U877,React,Java,Advanced,Programming,3,request
U424,Figma,Node.js,Beginner,Design,4,request
U231,Figma,Data Visualization,Advanced,Design,5,request
U979,React,Data Visualization,Intermediate,Programming,3,request
U371,Node.js,Spring Boot,Intermediate,Programming,3,view
U441,Machine Learning,Power BI,Advanced,AI,5,completed
U137,Data Analysis,UI/UX Design,Advanced,Analytics,5,completed
U143,JavaScript,Excel,Intermediate,Programming,5,completed
U862,Power BI,Figma,Intermediate,Analytics,3,view
U24,Data Visualization,JavaScript,Intermediate,Analytics,3,request
U751,UI/UX Design,Spring Boot,Intermediate,Design,5,completed
U637,Node.js,Machine Learning,Beginner,Programming,3,completed
U680,UI/UX Design,Power BI,Beginner,Design,5,request
U858,Data Visualization,Power BI,Intermediate,Analytics,3,completed
U332,Data Visualization,Java,Beginner,Analytics,3,completed
U835,Figma,Data Visualization,Advanced,Design,3,completed
U325,Node.js,Deep Learning,Intermediate,Programming,3,completed
U715,SQL,JavaScript,Advanced,Database,4,completed
U513,Spring Boot,Excel,Beginner,Programming,4,completed
U820,UI/UX Design,Python,Intermediate,Design,3,completed
U676,Spring Boot,Deep Learning,Intermediate,Programming,4,view
U118,React,Power BI,Advanced,Programming,5,view
U497,JavaScript,Java,Intermediate,Programming,3,completed
U796,Excel,Java,Advanced,Analytics,5,completed
U189,Java,Data Analysis,Intermediate,Programming,5,view
U73,Figma,Power BI,Advanced,Design,3,request
U659,Python,Deep Learning,Advanced,Programming,5,completed
U723,React,Machine Learning,Advanced,Programming,3,completed
U859,React,Python,Intermediate,Programming,5,view
U907,Machine Learning,UI/UX Design,Intermediate,AI,5,completed
U91,Deep Learning,Spring Boot,Advanced,AI,4,completed
U865,Node.js,Power BI,Beginner,Programming,5,completed
U465,Data Visualization,Java,Intermediate,Analytics,5,request
U188,Java,Spring Boot,Beginner,Programming,4,completed
U609,Python,SQL,Advanced,Programming,4,completed
U422,Excel,Node.js,Intermediate,Analytics,4,completed
U418,Figma,Python,Advanced,Design,3,request
U313,JavaScript,Data Analysis,Intermediate,Programming,3,completed
U130,Python,Spring Boot,Advanced,Programming,4,view
U260,Data Visualization,Node.js,Beginner,Analytics,3,request
U542,Data Visualization,Excel,Intermediate,Analytics,5,completed
U665,Excel,UI/UX Design,Beginner,Analytics,5,completed
U78,Node.js,JavaScript,Intermediate,Programming,3,completed
U702,Machine Learning,Java,Intermediate,AI,3,completed
U735,SQL,Figma,Advanced,Database,5,completed
U408,Java,Deep Learning,Beginner,Programming,4,request
U595,Power BI,React,Intermediate,Analytics,3,request
U463,Node.js,Power BI,Intermediate,Programming,5,request
U618,Excel,UI/UX Design,Intermediate,Analytics,3,view
U651,Java,Python,Intermediate,Programming,3,request
U519,Figma,Excel,Advanced,Design,5,completed
U656,Python,SQL,Intermediate,Programming,5,completed
U120,Power BI,UI/UX Design,Beginner,Analytics,4,request
U284,JavaScript,Deep Learning,Beginner,Programming,4,completed
U949,Power BI,Python,Advanced,Analytics,3,completed
U408,Data Analysis,React,Intermediate,Analytics,3,completed
U739,JavaScript,Deep Learning,Intermediate,Programming,4,completed
U235,Python,Figma,Beginner,Programming,4,completed
U139,Data Visualization,Power BI,Beginner,Analytics,5,request
U527,Power BI,React,Intermediate,Analytics,4,request
U322,React,Data Analysis,Intermediate,Programming,5,view
U728,Spring Boot,Machine Learning,Beginner,Programming,5,completed
U306,SQL,Data Visualization,Intermediate,Database,5,completed
U427,React,Machine Learning,Advanced,Programming,3,request
U154,Deep Learning,Java,Advanced,AI,3,completed
U438,Figma,Python,Beginner,Design,3,view
U406,JavaScript,Python,Intermediate,Programming,3,completed
U703,Spring Boot,SQL,Beginner,Programming,3,completed
U501,React,Power BI,Advanced,Programming,5,completed
U178,React,Excel,Beginner,Programming,5,request
U687,Python,Java,Beginner,Programming,4,completed
U370,Excel,Deep Learning,Advanced,Analytics,5,completed
U668,JavaScript,Python,Beginner,Programming,5,view
U944,Excel,Node.js,Intermediate,Analytics,4,view
U257,UI/UX Design,Deep Learning,Advanced,Design,3,completed
U630,Data Visualization,Node.js,Beginner,Analytics,3,completed
U327,Excel,Data Analysis,Intermediate,Analytics,5,view
U164,SQL,Data Visualization,Advanced,Database,5,request
U576,Java,UI/UX Design,Intermediate,Programming,3,completed
U44,Deep Learning,React,Intermediate,AI,4,completed
U369,React,Deep Learning,Intermediate,Programming,3,request
U315,Power BI,Python,Beginner,Analytics,4,completed
U7,Spring Boot,Java,Advanced,Programming,4,completed
U579,Power BI,JavaScript,Advanced,Analytics,5,view
U258,Deep Learning,React,Intermediate,AI,3,completed
U232,Java,React,Advanced,Programming,5,view
U464,Power BI,SQL,Intermediate,Analytics,3,completed
U844,Spring Boot,Python,Intermediate,Programming,3,request
U72,UI/UX Design,Spring Boot,Intermediate,Design,4,completed
U727,React,Deep Learning,Advanced,Programming,3,view
U970,JavaScript,SQL,Beginner,Programming,4,completed
U804,Node.js,UI/UX Design,Beginner,Programming,4,completed
U165,UI/UX Design,Excel,Advanced,Design,5,completed
U409,SQL,Figma,Intermediate,Database,3,completed
U78,SQL,Spring Boot,Advanced,Database,5,view
U852,Data Analysis,Power BI,Intermediate,Analytics,4,request
U545,SQL,Spring Boot,Advanced,Database,3,request
U569,Node.js,Data Visualization,Beginner,Programming,5,request
U486,Excel,SQL,Advanced,Analytics,3,request
U768,Figma,Python,Beginner,Design,5,request
U417,React,Java,Beginner,Programming,5,request
U812,Data Visualization,JavaScript,Intermediate,Analytics,5,request
U630,Python,Deep Learning,Beginner,Programming,5,completed
U6,Spring Boot,Data Visualization,Beginner,Programming,5,completed
U928,Deep Learning,Data Visualization,Intermediate,AI,5,view
U870,Machine Learning,Data Analysis,Beginner,AI,5,request
U116,Figma,Node.js,Intermediate,Design,3,request
U573,React,Machine Learning,Beginner,Programming,5,view
U298,Power BI,Deep Learning,Beginner,Analytics,4,completed
U12,Python,Excel,Beginner,Programming,5,completed
U810,Spring Boot,Excel,Intermediate,Programming,5,completed
U182,Java,Data Visualization,Beginner,Programming,5,completed
U718,Node.js,React,Beginner,Programming,3,completed
U15,Machine Learning,Figma,Intermediate,AI,5,request
U363,Java,UI/UX Design,Advanced,Programming,3,completed
U910,Power BI,React,Beginner,Analytics,5,completed
U448,Excel,SQL,Intermediate,Analytics,5,view
U120,UI/UX Design,Spring Boot,Beginner,Design,4,completed
U860,Deep Learning,Java,Advanced,AI,5,completed
U686,Power BI,Python,Advanced,Analytics,5,request
U715,Data Analysis,Python,Intermediate,Analytics,4,view
U923,Figma,Spring Boot,Advanced,Design,3,request
U316,React,Spring Boot,Intermediate,Programming,5,view
U230,JavaScript,Deep Learning,Advanced,Programming,3,completed
U515,Excel,React,Intermediate,Analytics,3,request
U815,UI/UX Design,Data Analysis,Advanced,Design,4,request
U207,Data Analysis,Power BI,Advanced,Analytics,5,request
U319,Machine Learning,UI/UX Design,Advanced,AI,3,completed
U123,Spring Boot,Java,Advanced,Programming,3,view
U927,Deep Learning,SQL,Intermediate,AI,4,view
U467,Deep Learning,Data Visualization,Intermediate,AI,4,completed
U845,Machine Learning,Java,Beginner,AI,3,request
U393,Excel,SQL,Intermediate,Analytics,3,request
U790,UI/UX Design,Excel,Beginner,Design,3,completed
U349,Python,Spring Boot,Beginner,Programming,3,view
U170,Figma,Excel,Intermediate,Design,4,request
U614,Data Analysis,React,Beginner,Analytics,3,request
U61,SQL,Excel,Beginner,Database,3,request
U637,Deep Learning,Data Visualization,Intermediate,AI,4,completed
U530,Data Visualization,Power BI,Advanced,Analytics,5,completed
U590,Java,Figma,Advanced,Programming,5,completed
U213,Figma,Data Visualization,Advanced,Design,4,view
U447,JavaScript,React,Advanced,Programming,5,completed
U844,Node.js,Python,Advanced,Programming,5,completed
U992,Deep Learning,Data Visualization,Intermediate,AI,4,view
U810,Spring Boot,Excel,Advanced,Programming,5,request
U48,Java,Spring Boot,Beginner,Programming,4,completed
U413,Python,Data Visualization,Intermediate,Programming,5,request
U507,Power BI,Excel,Advanced,Analytics,3,completed
U751,SQL,JavaScript,Beginner,Database,5,completed
U508,Java,Excel,Intermediate,Programming,3,request
U613,Data Analysis,Spring Boot,Intermediate,Analytics,5,view
U961,Excel,React,Advanced,Analytics,4,completed
U580,Figma,Deep Learning,Intermediate,Design,4,request
U615,Python,React,Intermediate,Programming,4,completed
U359,Spring Boot,Node.js,Intermediate,Programming,5,completed
U460,JavaScript,SQL,Beginner,Programming,4,completed
U893,Data Visualization,Machine Learning,Advanced,Analytics,5,completed
U100,Data Analysis,JavaScript,Intermediate,Analytics,5,completed
U369,Data Visualization,Data Analysis,Beginner,Analytics,3,completed
U687,React,Machine Learning,Advanced,Programming,4,completed
U486,Data Analysis,JavaScript,Advanced,Analytics,5,completed
U276,Java,Machine Learning,Beginner,Programming,3,completed
U796,Python,Java,Advanced,Programming,4,view
U928,React,Deep Learning,Advanced,Programming,3,completed
U977,Power BI,Deep Learning,Intermediate,Analytics,4,request
U282,Node.js,Python,Intermediate,Programming,4,completed
U364,Figma,Data Visualization,Beginner,Design,4,completed
U877,Java,SQL,Intermediate,Programming,5,completed
U342,Spring Boot,React,Advanced,Programming,5,view
U54,Data Visualization,Data Analysis,Advanced,Analytics,5,view
U326,Power BI,Deep Learning,Advanced,Analytics,3,view
U935,SQL,Java,Intermediate,Database,5,view
U603,React,Machine Learning,Intermediate,Programming,5,completed
U900,Spring Boot,React,Intermediate,Programming,4,completed
U658,Java,Node.js,Beginner,Programming,5,completed
U980,Data Visualization,Excel,Beginner,Analytics,5,request
U15,Machine Learning,Excel,Intermediate,AI,4,completed
U902,Data Visualization,Deep Learning,Advanced,Analytics,3,completed
U872,Deep Learning,Data Visualization,Intermediate,AI,5,completed
U62,Node.js,Data Analysis,Advanced,Programming,3,request
U273,Figma,Python,Advanced,Design,5,request
U391,Figma,Data Visualization,Advanced,Design,4,request
U596,JavaScript,Java,Intermediate,Programming,3,completed
U994,Python,Excel,Intermediate,Programming,4,completed
U384,SQL,Machine Learning,Intermediate,Database,5,completed
U144,SQL,Power BI,Advanced,Database,4,view
U93,React,Machine Learning,Intermediate,Programming,4,view
U22,Data Visualization,Spring Boot,Advanced,Analytics,5,completed
U759,JavaScript,UI/UX Design,Intermediate,Programming,5,view
U953,Deep Learning,Node.js,Intermediate,AI,3,completed
U577,UI/UX Design,Figma,Beginner,Design,3,request
U471,Java,Python,Intermediate,Programming,5,completed
U800,Figma,Node.js,Advanced,Design,5,view
U61,Python,Spring Boot,Advanced,Programming,5,completed
U26,Deep Learning,Data Visualization,Beginner,AI,3,request
U89,Python,Java,Intermediate,Programming,3,completed
U66,Java,Python,Advanced,Programming,3,completed
U378,Data Analysis,Machine Learning,Beginner,Analytics,4,completed
U39,Spring Boot,Figma,Intermediate,Programming,3,completed
U92,React,Spring Boot,Advanced,Programming,3,completed
U957,Excel,Python,Advanced,Analytics,3,request
U353,Data Visualization,JavaScript,Advanced,Analytics,3,completed
U539,Data Analysis,Deep Learning,Advanced,Analytics,4,completed
U847,Deep Learning,Python,Intermediate,AI,5,completed
U229,React,UI/UX Design,Beginner,Programming,4,view
U407,Node.js,JavaScript,Intermediate,Programming,4,completed
U122,Machine Learning,Python,Beginner,AI,5,completed
U312,UI/UX Design,Data Visualization,Beginner,Design,5,request
U621,SQL,Node.js,Advanced,Database,3,completed
U559,SQL,Power BI,Beginner,Database,4,completed
U638,Deep Learning,Excel,Advanced,AI,5,request
U840,Deep Learning,Excel,Intermediate,AI,4,view
U230,JavaScript,Data Visualization,Advanced,Programming,3,request
U561,Data Analysis,Power BI,Advanced,Analytics,3,view
U914,Node.js,Data Visualization,Beginner,Programming,5,completed
U428,React,Data Visualization,Intermediate,Programming,5,completed
U465,Power BI,Machine Learning,Beginner,Analytics,3,request
U759,Machine Learning,Excel,Intermediate,AI,4,completed
U200,Power BI,UI/UX Design,Advanced,Analytics,3,request
U218,Spring Boot,Machine Learning,Beginner,Programming,3,completed
U808,Excel,Data Analysis,Intermediate,Analytics,3,request
U624,Power BI,React,Beginner,Analytics,4,completed
U255,Python,Power BI,Intermediate,Programming,5,completed
U586,Data Visualization,Python,Beginner,Analytics,4,view
U961,Node.js,Figma,Beginner,Programming,5,completed
U245,Python,Data Analysis,Beginner,Programming,3,completed
U126,React,Excel,Beginner,Programming,5,completed
U464,Node.js,SQL,Advanced,Programming,4,request
U385,Data Analysis,Deep Learning,Beginner,Analytics,5,request
U635,Machine Learning,SQL,Intermediate,AI,5,completed
U583,Spring Boot,JavaScript,Beginner,Programming,3,completed
U459,Data Visualization,JavaScript,Advanced,Analytics,5,request
U313,Data Analysis,UI/UX Design,Intermediate,Analytics,5,view
U458,JavaScript,SQL,Intermediate,Programming,4,completed
U519,Python,Figma,Intermediate,Programming,3,request
U941,UI/UX Design,Power BI,Beginner,Design,3,view
U497,Data Analysis,React,Advanced,Analytics,5,completed
U970,Deep Learning,Power BI,Advanced,AI,3,view
U596,SQL,Figma,Intermediate,Database,5,completed
U322,JavaScript,Figma,Advanced,Programming,3,completed
U250,React,Spring Boot,Advanced,Programming,3,request
U301,Deep Learning,Power BI,Advanced,AI,3,completed
U687,Figma,Machine Learning,Advanced,Design,3,completed
U634,UI/UX Design,Data Visualization,Intermediate,Design,3,completed
U345,Java,React,Advanced,Programming,5,request
U640,Java,Figma,Intermediate,Programming,5,completed
U100,SQL,Spring Boot,Beginner,Database,5,completed
U270,Spring Boot,Power BI,Advanced,Programming,3,view
U542,Data Visualization,Machine Learning,Intermediate,Analytics,3,request
U96,Figma,Excel,Beginner,Design,4,completed
U867,Data Visualization,Figma,Intermediate,Analytics,5,request
U828,Figma,UI/UX Design,Advanced,Design,5,completed
U492,JavaScript,Power BI,Beginner,Programming,4,request
U719,React,Python,Intermediate,Programming,5,view
U919,Excel,Data Analysis,Beginner,Analytics,5,completed
U385,UI/UX Design,Data Analysis,Intermediate,Design,4,completed
U947,Node.js,Deep Learning,Beginner,Programming,3,completed
U940,Figma,Python,Intermediate,Design,3,completed
U925,Data Visualization,React,Advanced,Analytics,4,view
U978,JavaScript,Spring Boot,Advanced,Programming,4,completed
U708,Python,Machine Learning,Advanced,Programming,4,view
U786,JavaScript,Python,Advanced,Programming,5,request
U368,SQL,Node.js,Advanced,Database,4,completed
U498,Excel,Deep Learning,Advanced,Analytics,3,view
U817,Data Analysis,Data Visualization,Intermediate,Analytics,4,completed
U511,Node.js,React,Intermediate,Programming,5,completed
U593,Deep Learning,Machine Learning,Advanced,AI,3,request
U248,SQL,Python,Beginner,Database,3,request
U108,Data Analysis,Excel,Beginner,Analytics,4,request
U669,Machine Learning,JavaScript,Beginner,AI,5,completed
U278,Node.js,Python,Beginner,Programming,3,completed
U21,Machine Learning,Excel,Beginner,AI,4,request
U841,Deep Learning,JavaScript,Advanced,AI,4,view
U247,Deep Learning,Excel,Intermediate,AI,4,view
U10,SQL,Java,Intermediate,Database,5,completed
U710,SQL,React,Intermediate,Database,5,completed
U475,Java,Data Analysis,Advanced,Programming,5,request
U968,Java,Python,Beginner,Programming,5,completed
U192,Data Analysis,Python,Intermediate,Analytics,5,view
U509,Deep Learning,Data Analysis,Beginner,AI,3,request
U913,Deep Learning,Data Visualization,Beginner,AI,3,completed
U355,Machine Learning,Python,Beginner,AI,5,request
U275,Python,Excel,Intermediate,Programming,5,request
U278,Java,Python,Intermediate,Programming,4,completed
U927,Spring Boot,Machine Learning,Advanced,Programming,4,completed
U546,Power BI,Figma,Advanced,Analytics,3,view
U858,Deep Learning,UI/UX Design,Intermediate,AI,4,view
U451,Spring Boot,JavaScript,Intermediate,Programming,5,completed
U873,JavaScript,Spring Boot,Advanced,Programming,5,completed
U395,Data Visualization,Spring Boot,Beginner,Analytics,3,request
U732,Data Analysis,UI/UX Design,Beginner,Analytics,4,view
U937,Machine Learning,React,Intermediate,AI,5,request
U147,SQL,JavaScript,Advanced,Database,3,view
U89,Spring Boot,Power BI,Beginner,Programming,5,view
U509,Spring Boot,Data Analysis,Advanced,Programming,3,view
U648,React,Deep Learning,Beginner,Programming,3,view
U107,Power BI,Figma,Advanced,Analytics,4,completed
U819,Figma,Machine Learning,Beginner,Design,4,completed
U641,Java,Spring Boot,Beginner,Programming,3,completed
U545,Spring Boot,Data Visualization,Beginner,Programming,5,completed
U669,Power BI,Node.js,Beginner,Analytics,3,completed
U911,Machine Learning,Node.js,Beginner,AI,4,view
U769,SQL,Node.js,Intermediate,Database,5,request
U949,SQL,UI/UX Design,Intermediate,Database,5,completed
U233,UI/UX Design,Excel,Intermediate,Design,4,request
U392,Figma,SQL,Advanced,Design,3,request
U428,JavaScript,Excel,Intermediate,Programming,4,completed
U312,Power BI,Data Visualization,Intermediate,Analytics,5,request
U365,SQL,Figma,Advanced,Database,3,request
U979,Power BI,Excel,Intermediate,Analytics,4,request
U840,Java,Data Visualization,Beginner,Programming,4,completed
U724,Excel,Node.js,Beginner,Analytics,3,request
U283,Data Analysis,Node.js,Beginner,Analytics,5,completed
U306,Node.js,Machine Learning,Beginner,Programming,3,completed
U85,Spring Boot,Power BI,Advanced,Programming,4,request
U561,Node.js,Excel,Intermediate,Programming,3,completed
U240,Data Visualization,Spring Boot,Intermediate,Analytics,5,completed
U699,Data Analysis,Node.js,Intermediate,Analytics,5,request
U954,Data Analysis,Figma,Intermediate,Analytics,3,view
U825,Node.js,Data Visualization,Beginner,Programming,3,request
U852,UI/UX Design,Data Analysis,Beginner,Design,3,request
U145,Power BI,Data Visualization,Advanced,Analytics,5,request
U580,Python,JavaScript,Intermediate,Programming,5,request
U822,Power BI,Excel,Advanced,Analytics,3,view
U894,JavaScript,SQL,Advanced,Programming,3,completed
U265,Python,Machine Learning,Intermediate,Programming,5,completed
U28,Deep Learning,SQL,Advanced,AI,5,completed
U400,Data Visualization,Figma,Advanced,Analytics,3,view
U640,Power BI,UI/UX Design,Beginner,Analytics,5,view
U645,Power BI,Deep Learning,Beginner,Analytics,3,request
U146,Data Visualization,Data Analysis,Intermediate,Analytics,5,view
U264,Machine Learning,Spring Boot,Beginner,AI,3,request
U14,Excel,Node.js,Intermediate,Analytics,3,request
U161,Java,Power BI,Intermediate,Programming,5,request
U416,JavaScript,Python,Intermediate,Programming,5,completed
U186,React,Power BI,Intermediate,Programming,5,completed
U362,Python,Power BI,Beginner,Programming,4,completed
U254,Deep Learning,Data Analysis,Beginner,AI,5,request
U782,UI/UX Design,Power BI,Beginner,Design,5,view
U93,Deep Learning,React,Advanced,AI,3,completed
U859,Machine Learning,Java,Intermediate,AI,3,view
U246,Python,JavaScript,Advanced,Programming,5,completed
U69,JavaScript,UI/UX Design,Advanced,Programming,3,completed
U996,Figma,JavaScript,Intermediate,Design,5,completed
U596,Data Visualization,SQL,Beginner,Analytics,5,view
U418,React,Node.js,Intermediate,Programming,5,completed
U240,SQL,Spring Boot,Advanced,Database,5,view
U670,Deep Learning,Data Visualization,Beginner,AI,5,request
U124,Java,React,Intermediate,Programming,5,completed
U968,Excel,Machine Learning,Intermediate,Analytics,4,request
U455,Data Analysis,Python,Intermediate,Analytics,4,completed
U173,Deep Learning,Machine Learning,Beginner,AI,5,completed
U973,Deep Learning,Machine Learning,Beginner,AI,5,completed
U732,Data Analysis,React,Advanced,Analytics,4,completed
U656,UI/UX Design,Deep Learning,Beginner,Design,5,request
U673,Data Visualization,React,Beginner,Analytics,4,completed
U46,Node.js,Spring Boot,Beginner,Programming,4,completed
U238,UI/UX Design,Data Analysis,Advanced,Design,3,completed
U404,Spring Boot,Java,Intermediate,Programming,4,completed
U194,Deep Learning,JavaScript,Beginner,AI,3,view
U227,Spring Boot,SQL,Advanced,Programming,4,completed
U305,Figma,Spring Boot,Advanced,Design,3,request
U228,Node.js,SQL,Intermediate,Programming,3,request
U247,JavaScript,SQL,Advanced,Programming,4,request
U430,Data Analysis,Excel,Intermediate,Analytics,3,completed
U490,Figma,Python,Intermediate,Design,3,completed
U997,Data Visualization,Data Analysis,Beginner,Analytics,5,request
U827,Power BI,Spring Boot,Beginner,Analytics,4,view
U386,Machine Learning,Deep Learning,Advanced,AI,3,request
U549,React,Python,Beginner,Programming,5,completed
U718,React,Data Analysis,Intermediate,Programming,3,completed
U848,Machine Learning,UI/UX Design,Intermediate,AI,3,completed
U654,React,Power BI,Intermediate,Programming,5,request
U324,Machine Learning,Data Analysis,Beginner,AI,5,completed
U272,SQL,Power BI,Beginner,Database,3,completed
U583,Data Analysis,React,Intermediate,Analytics,5,completed
U170,SQL,Data Analysis,Beginner,Database,5,request
U974,JavaScript,Node.js,Intermediate,Programming,4,completed
U355,Data Analysis,Figma,Advanced,Analytics,5,completed
U786,SQL,React,Beginner,Database,5,completed
U244,Python,UI/UX Design,Advanced,Programming,3,completed
U691,Node.js,React,Beginner,Programming,3,view
U738,Java,Node.js,Intermediate,Programming,3,completed
U586,Data Visualization,React,Intermediate,Analytics,5,completed
U534,Machine Learning,SQL,Beginner,AI,4,completed
U11,React,Figma,Beginner,Programming,5,completed
U663,Figma,Spring Boot,Beginner,Design,4,completed
U519,Deep Learning,JavaScript,Intermediate,AI,4,view
U69,Python,Deep Learning,Advanced,Programming,5,view
U620,Python,React,Beginner,Programming,4,request
U970,Excel,Power BI,Advanced,Analytics,3,request
U611,Machine Learning,Power BI,Intermediate,AI,4,completed
U534,Java,Power BI,Intermediate,Programming,5,completed
U784,Deep Learning,Machine Learning,Intermediate,AI,4,completed
U38,Machine Learning,Power BI,Advanced,AI,3,view
U701,React,Node.js,Intermediate,Programming,3,request
U732,Node.js,Deep Learning,Advanced,Programming,5,completed
U230,Machine Learning,Excel,Intermediate,AI,5,view
U900,JavaScript,Node.js,Intermediate,Programming,5,completed
U727,React,Figma,Beginner,Programming,3,completed
U749,Figma,Java,Advanced,Design,4,completed
U846,Java,Python,Advanced,Programming,5,completed
U369,Python,Excel,Advanced,Programming,5,completed
U759,JavaScript,React,Advanced,Programming,4,completed
U716,Python,Data Analysis,Beginner,Programming,3,completed
U287,Figma,Spring Boot,Intermediate,Design,4,completed
U994,Data Visualization,React,Beginner,Analytics,5,completed
U45,SQL,UI/UX Design,Advanced,Database,5,view
U883,Machine Learning,Deep Learning,Advanced,AI,4,request
U40,Machine Learning,Power BI,Advanced,AI,5,view
U683,Data Visualization,UI/UX Design,Intermediate,Analytics,3,completed
U47,Power BI,Python,Advanced,Analytics,4,request
U736,Deep Learning,React,Beginner,AI,3,completed
U371,Python,Java,Intermediate,Programming,5,request
U344,Data Analysis,Figma,Advanced,Analytics,3,view
U748,Deep Learning,Node.js,Advanced,AI,4,completed
U250,Power BI,SQL,Advanced,Analytics,3,completed
U607,Java,JavaScript,Advanced,Programming,3,view
U911,Data Analysis,UI/UX Design,Beginner,Analytics,5,completed
U601,Data Analysis,Node.js,Beginner,Analytics,3,request
U803,Java,JavaScript,Beginner,Programming,4,request
U551,React,Node.js,Intermediate,Programming,5,request
U148,SQL,JavaScript,Advanced,Database,4,request
U781,Excel,Power BI,Beginner,Analytics,5,completed
U933,Deep Learning,Figma,Intermediate,AI,3,completed
U96,Machine Learning,Java,Intermediate,AI,5,completed
U358,Python,Deep Learning,Intermediate,Programming,5,completed
U615,Python,Power BI,Intermediate,Programming,4,view
U639,SQL,JavaScript,Intermediate,Database,5,completed
U717,Figma,Java,Beginner,Design,3,completed
U264,Data Visualization,SQL,Advanced,Analytics,5,completed
U278,Deep Learning,SQL,Beginner,AI,4,completed
U716,Java,Machine Learning,Advanced,Programming,3,request
U966,Power BI,Data Analysis,Beginner,Analytics,3,view
U910,Spring Boot,Data Visualization,Advanced,Programming,3,request
U215,Data Analysis,UI/UX Design,Intermediate,Analytics,3,completed
U946,UI/UX Design,Excel,Beginner,Design,5,request
U534,Power BI,Deep Learning,Intermediate,Analytics,4,request
U816,Node.js,Power BI,Advanced,Programming,3,completed
U944,Python,JavaScript,Intermediate,Programming,3,completed
U500,Data Visualization,SQL,Intermediate,Analytics,5,request
U36,Spring Boot,React,Intermediate,Programming,4,completed
U732,Data Visualization,JavaScript,Beginner,Analytics,5,view
U462,Data Visualization,UI/UX Design,Advanced,Analytics,4,view
U914,Deep Learning,Data Visualization,Intermediate,AI,3,request
U179,Excel,Data Visualization,Advanced,Analytics,3,completed
U242,Data Analysis,React,Intermediate,Analytics,4,completed
U16,Figma,UI/UX Design,Beginner,Design,5,view
U404,React,Deep Learning,Beginner,Programming,5,view
U927,Java,Data Visualization,Advanced,Programming,5,completed
U769,Data Visualization,React,Beginner,Analytics,5,completed
U726,Machine Learning,Node.js,Beginner,AI,3,completed
U203,Java,Machine Learning,Beginner,Programming,4,completed
U638,Power BI,React,Intermediate,Analytics,3,request
U135,Data Visualization,Spring Boot,Beginner,Analytics,5,request
U666,SQL,Deep Learning,Beginner,Database,3,request
U601,Node.js,Python,Intermediate,Programming,5,view
U661,Data Analysis,UI/UX Design,Intermediate,Analytics,4,request
U347,Data Visualization,JavaScript,Intermediate,Analytics,3,completed
U547,Spring Boot,Java,Intermediate,Programming,4,request
U318,Data Visualization,Python,Beginner,Analytics,3,request
U50,Spring Boot,UI/UX Design,Intermediate,Programming,5,request
U819,React,Power BI,Advanced,Programming,5,completed
U872,UI/UX Design,Figma,Beginner,Design,3,request
U30,Spring Boot,Python,Advanced,Programming,3,completed
U695,Power BI,SQL,Advanced,Analytics,3,view
U638,Figma,JavaScript,Advanced,Design,3,request
U609,Power BI,Node.js,Beginner,Analytics,4,completed
U360,Node.js,UI/UX Design,Beginner,Programming,4,completed
U395,Excel,Data Visualization,Beginner,Analytics,5,completed
U492,Data Analysis,Machine Learning,Intermediate,Analytics,5,completed
U573,Deep Learning,UI/UX Design,Advanced,AI,3,view
U706,Excel,Spring Boot,Intermediate,Analytics,5,view
U233,SQL,Figma,Intermediate,Database,3,view
U729,Deep Learning,Node.js,Beginner,AI,3,completed
U409,SQL,Figma,Intermediate,Database,5,view
U472,Machine Learning,Node.js,Beginner,AI,5,request
U543,UI/UX Design,Power BI,Advanced,Design,4,view
U689,Spring Boot,React,Beginner,Programming,5,view
U303,Data Visualization,Spring Boot,Intermediate,Analytics,4,completed
U373,Figma,Data Analysis,Advanced,Design,4,view
U45,Power BI,Data Analysis,Advanced,Analytics,5,request
U626,Python,Excel,Advanced,Programming,4,completed
U395,Machine Learning,Deep Learning,Intermediate,AI,4,completed
U214,SQL,Machine Learning,Intermediate,Database,5,completed
U929,Data Analysis,React,Intermediate,Analytics,5,view
U29,Data Analysis,UI/UX Design,Beginner,Analytics,4,completed
U378,SQL,Machine Learning,Beginner,Database,3,completed
U891,Machine Learning,SQL,Advanced,AI,5,completed
U212,Data Analysis,Data Visualization,Beginner,Analytics,4,completed
U171,Figma,Python,Advanced,Design,5,view
U57,SQL,React,Beginner,Database,5,request
U569,Node.js,Data Analysis,Advanced,Programming,4,view
U564,Data Analysis,Figma,Intermediate,Analytics,5,completed
U215,JavaScript,Power BI,Advanced,Programming,5,completed
U750,Figma,Power BI,Advanced,Design,4,completed
U564,Machine Learning,React,Advanced,AI,3,completed
U46,Node.js,SQL,Beginner,Programming,4,completed
U663,SQL,React,Beginner,Database,5,view
U373,JavaScript,Power BI,Advanced,Programming,3,completed
U252,Excel,UI/UX Design,Beginner,Analytics,3,request
U53,Power BI,Spring Boot,Beginner,Analytics,5,completed
U716,Deep Learning,Spring Boot,Intermediate,AI,3,completed
U309,Spring Boot,SQL,Intermediate,Programming,4,completed
U875,Excel,Machine Learning,Intermediate,Analytics,4,request
U214,Data Analysis,Python,Advanced,Analytics,5,request
U863,Python,Power BI,Intermediate,Programming,3,view
U18,Data Analysis,Data Visualization,Beginner,Analytics,3,completed
U408,Figma,Spring Boot,Advanced,Design,5,completed
U854,Figma,React,Advanced,Design,4,request
U290,JavaScript,UI/UX Design,Advanced,Programming,3,completed
U332,Machine Learning,Java,Advanced,AI,5,completed
U585,Deep Learning,Power BI,Advanced,AI,3,request
U771,Python,Node.js,Beginner,Programming,5,completed
U527,Java,React,Beginner,Programming,3,request
U400,Data Analysis,Node.js,Intermediate,Analytics,4,view
U347,Power BI,JavaScript,Advanced,Analytics,4,completed
U435,Data Visualization,Data Analysis,Intermediate,Analytics,5,request
U552,Node.js,Figma,Intermediate,Programming,5,request
U751,Python,UI/UX Design,Advanced,Programming,5,completed
U93,Java,Data Visualization,Intermediate,Programming,4,view
U4,Figma,Python,Intermediate,Design,3,view
U418,Machine Learning,Excel,Advanced,AI,5,view
U583,React,Figma,Advanced,Programming,4,view
U173,SQL,Excel,Beginner,Database,4,request
U555,Machine Learning,Excel,Beginner,AI,5,view
U750,SQL,React,Intermediate,Database,3,request
U449,Figma,Node.js,Beginner,Design,4,completed
U22,Excel,Java,Advanced,Analytics,5,request
U481,JavaScript,Machine Learning,Advanced,Programming,5,completed
U21,UI/UX Design,Deep Learning,Beginner,Design,3,request
U192,JavaScript,Figma,Beginner,Programming,4,view
U443,Figma,Java,Advanced,Design,3,view
U563,UI/UX Design,Power BI,Intermediate,Design,5,completed
U220,Python,Power BI,Beginner,Programming,4,completed
U696,React,Java,Advanced,Programming,5,request
U929,Java,Python,Beginner,Programming,4,request
U867,Data Analysis,Node.js,Intermediate,Analytics,5,view
U533,React,Figma,Intermediate,Programming,3,request
U218,Power BI,Deep Learning,Beginner,Analytics,5,completed
U792,Java,Figma,Intermediate,Programming,3,request
U51,JavaScript,Machine Learning,Beginner,Programming,4,view
U852,Power BI,Spring Boot,Advanced,Analytics,5,request
U189,Python,Data Visualization,Intermediate,Programming,3,completed
U511,Java,Machine Learning,Advanced,Programming,4,request
U830,Java,Spring Boot,Intermediate,Programming,5,request
U498,Data Analysis,Excel,Intermediate,Analytics,5,completed
U312,Java,SQL,Advanced,Programming,4,request
U453,Spring Boot,SQL,Intermediate,Programming,3,completed
U516,React,Deep Learning,Intermediate,Programming,5,request
U668,Node.js,Figma,Advanced,Programming,5,view
U435,Power BI,JavaScript,Intermediate,Analytics,3,completed
U65,Figma,SQL,Advanced,Design,3,request
U394,JavaScript,React,Beginner,Programming,3,completed
U79,Spring Boot,Excel,Beginner,Programming,4,completed
U716,Excel,JavaScript,Advanced,Analytics,3,request
U118,Data Visualization,Node.js,Intermediate,Analytics,4,completed
U213,Machine Learning,Deep Learning,Intermediate,AI,4,completed
U101,SQL,JavaScript,Advanced,Database,3,request
U9,Excel,React,Advanced,Analytics,4,view
U355,JavaScript,Data Analysis,Beginner,Programming,4,view
U779,React,SQL,Beginner,Programming,3,view
U460,SQL,Machine Learning,Advanced,Database,4,request
U228,Machine Learning,Python,Advanced,AI,4,request
U482,Figma,Node.js,Intermediate,Design,3,request
U716,Excel,JavaScript,Beginner,Analytics,5,completed
U816,Java,Figma,Beginner,Programming,4,view
U886,Data Analysis,UI/UX Design,Intermediate,Analytics,3,completed
U137,Machine Learning,SQL,Advanced,AI,5,completed
U875,UI/UX Design,Power BI,Advanced,Design,3,completed
U631,Spring Boot,React,Intermediate,Programming,4,completed
U634,UI/UX Design,Node.js,Advanced,Design,4,completed
U105,Java,Spring Boot,Advanced,Programming,5,completed
U641,React,Power BI,Advanced,Programming,4,view
U230,Excel,JavaScript,Beginner,Analytics,5,completed
U788,UI/UX Design,Data Analysis,Beginner,Design,5,view
U111,Python,Node.js,Advanced,Programming,3,completed
U347,JavaScript,SQL,Advanced,Programming,5,completed
U715,Node.js,Figma,Intermediate,Programming,4,completed
U95,Figma,Excel,Intermediate,Design,5,view
U112,Excel,JavaScript,Advanced,Analytics,4,completed
U57,React,Excel,Intermediate,Programming,3,request
U662,SQL,Figma,Beginner,Database,3,completed
U954,UI/UX Design,Python,Advanced,Design,5,view
U413,JavaScript,Data Visualization,Intermediate,Programming,5,request
U874,Figma,Python,Beginner,Design,4,completed
U802,Data Analysis,Deep Learning,Advanced,Analytics,3,view
U944,JavaScript,Node.js,Beginner,Programming,5,completed
U772,SQL,Machine Learning,Beginner,Database,4,completed
U917,Spring Boot,Deep Learning,Intermediate,Programming,5,view
U856,Data Analysis,Data Visualization,Beginner,Analytics,5,view
U102,Deep Learning,Python,Advanced,AI,4,request
U500,UI/UX Design,Java,Intermediate,Design,4,completed
U887,Deep Learning,Python,Intermediate,AI,4,completed
U89,Python,Node.js,Intermediate,Programming,3,completed
U331,Power BI,Node.js,Intermediate,Analytics,5,completed
U462,UI/UX Design,Deep Learning,Intermediate,Design,3,completed
U85,Deep Learning,SQL,Intermediate,AI,3,completed
U587,JavaScript,Data Analysis,Intermediate,Programming,4,completed
U709,Java,Excel,Intermediate,Programming,4,view
U281,JavaScript,Data Analysis,Beginner,Programming,3,completed
U465,Deep Learning,Figma,Intermediate,AI,3,request
U654,Data Analysis,Deep Learning,Beginner,Analytics,4,completed
U269,Power BI,Node.js,Beginner,Analytics,4,completed
U305,Deep Learning,Python,Intermediate,AI,5,view
U888,Python,Deep Learning,Intermediate,Programming,5,view
U431,Data Visualization,Node.js,Intermediate,Analytics,5,request
U129,Spring Boot,Data Analysis,Beginner,Programming,4,request
U968,UI/UX Design,JavaScript,Intermediate,Design,5,request
U309,Excel,Python,Beginner,Analytics,3,request
U61,UI/UX Design,Power BI,Advanced,Design,3,request
U135,JavaScript,React,Intermediate,Programming,3,request
U678,UI/UX Design,Data Analysis,Beginner,Design,5,completed
U155,Power BI,Data Analysis,Beginner,Analytics,5,completed
U784,Figma,Excel,Intermediate,Design,5,completed
U113,Node.js,Excel,Intermediate,Programming,5,completed
U318,Node.js,SQL,Beginner,Programming,3,completed
U470,JavaScript,Node.js,Intermediate,Programming,4,view
U298,Power BI,React,Beginner,Analytics,5,request
U659,Excel,Java,Beginner,Analytics,5,request
U722,Machine Learning,JavaScript,Intermediate,AI,3,view
U610,Power BI,React,Intermediate,Analytics,3,view
U96,Machine Learning,Python,Intermediate,AI,5,view
U391,Spring Boot,Python,Intermediate,Programming,5,request
U236,Node.js,Power BI,Advanced,Programming,3,completed
U541,Data Analysis,Power BI,Intermediate,Analytics,4,view
U388,Deep Learning,UI/UX Design,Beginner,AI,3,view
U655,JavaScript,Excel,Beginner,Programming,3,request
U518,Data Visualization,Excel,Advanced,Analytics,3,completed
U21,Machine Learning,Power BI,Advanced,AI,4,completed
U288,Data Analysis,UI/UX Design,Intermediate,Analytics,4,request
U624,Python,Spring Boot,Intermediate,Programming,5,completed
U500,React,Node.js,Advanced,Programming,3,request
U455,Excel,Python,Advanced,Analytics,4,completed
U733,Deep Learning,React,Beginner,AI,4,completed
U749,Figma,Deep Learning,Beginner,Design,4,completed
U60,Spring Boot,SQL,Intermediate,Programming,5,view
U152,Data Visualization,Python,Beginner,Analytics,4,request
U695,Machine Learning,Figma,Intermediate,AI,5,completed
U903,Spring Boot,Machine Learning,Advanced,Programming,4,completed
U422,Deep Learning,Node.js,Intermediate,AI,5,completed
U656,Python,Deep Learning,Intermediate,Programming,5,view
U530,React,JavaScript,Advanced,Programming,3,completed
U54,SQL,Spring Boot,Beginner,Database,5,completed
U555,UI/UX Design,Deep Learning,Intermediate,Design,4,completed
U946,Data Analysis,Python,Beginner,Analytics,4,completed
U610,UI/UX Design,React,Intermediate,Design,4,completed
U242,Excel,SQL,Intermediate,Analytics,5,completed
U562,Node.js,Spring Boot,Advanced,Programming,3,request
U886,Machine Learning,Figma,Advanced,AI,4,completed
U778,SQL,Node.js,Beginner,Database,3,request
U12,Java,Data Visualization,Beginner,Programming,5,request
U913,SQL,UI/UX Design,Intermediate,Database,5,completed
U936,Power BI,React,Advanced,Analytics,4,completed
U874,UI/UX Design,Figma,Intermediate,Design,4,request
U298,Figma,Spring Boot,Beginner,Design,5,completed
U994,Python,Spring Boot,Beginner,Programming,5,completed
U579,Node.js,Deep Learning,Intermediate,Programming,3,completed
U99,Excel,Deep Learning,Intermediate,Analytics,5,request
U806,React,Python,Beginner,Programming,4,view
U450,Data Visualization,Java,Intermediate,Analytics,4,completed
U568,UI/UX Design,Data Visualization,Intermediate,Design,4,completed
U129,Data Analysis,SQL,Advanced,Analytics,4,completed
U724,Java,Data Visualization,Beginner,Programming,5,request
U210,JavaScript,Power BI,Beginner,Programming,4,request
U634,Data Analysis,Machine Learning,Beginner,Analytics,5,request
U176,UI/UX Design,Data Analysis,Advanced,Design,3,view
U182,JavaScript,Spring Boot,Intermediate,Programming,3,view
U445,Deep Learning,Java,Intermediate,AI,4,completed
U72,Figma,Data Visualization,Beginner,Design,4,completed
U801,Deep Learning,Machine Learning,Advanced,AI,4,request
U200,Python,Node.js,Beginner,Programming,5,view
U521,Node.js,Excel,Intermediate,Programming,4,completed
U255,Power BI,Data Analysis,Advanced,Analytics,4,view
U586,Figma,Java,Intermediate,Design,3,request
U598,Figma,Node.js,Beginner,Design,3,completed
U45,Data Visualization,Python,Intermediate,Analytics,4,view
U380,Deep Learning,Spring Boot,Advanced,AI,4,completed
U649,Python,JavaScript,Advanced,Programming,3,completed
U503,Node.js,Power BI,Intermediate,Programming,5,request
U156,Data Analysis,UI/UX Design,Advanced,Analytics,3,request
U740,Node.js,JavaScript,Beginner,Programming,5,completed
U83,Figma,Data Analysis,Beginner,Design,3,completed
U315,Java,Node.js,Beginner,Programming,3,request
U979,UI/UX Design,Spring Boot,Intermediate,Design,5,completed
U820,Machine Learning,Figma,Beginner,AI,3,completed
U834,Figma,Python,Advanced,Design,4,request
U838,Data Analysis,Python,Advanced,Analytics,5,completed
U308,Deep Learning,Node.js,Intermediate,AI,3,completed
U559,Deep Learning,Excel,Advanced,AI,5,completed
U316,JavaScript,Deep Learning,Intermediate,Programming,3,view
U489,Data Analysis,Spring Boot,Beginner,Analytics,4,completed
U233,Figma,Power BI,Advanced,Design,4,completed
U258,Data Visualization,Python,Intermediate,Analytics,4,request
U784,React,Python,Advanced,Programming,5,completed
U11,React,Java,Advanced,Programming,3,view
U47,Java,Python,Beginner,Programming,5,completed
U346,Figma,React,Advanced,Design,4,completed
U557,Power BI,Figma,Intermediate,Analytics,4,view
U944,JavaScript,Figma,Beginner,Programming,3,completed
U215,React,SQL,Beginner,Programming,3,request
U919,SQL,Power BI,Intermediate,Database,5,completed
U232,Spring Boot,Machine Learning,Intermediate,Programming,3,completed
U851,Machine Learning,Python,Intermediate,AI,3,view
U983,Python,JavaScript,Beginner,Programming,5,view
U942,Excel,Java,Advanced,Analytics,5,completed
U559,Data Visualization,Java,Beginner,Analytics,5,request
U438,UI/UX Design,React,Intermediate,Design,4,completed
U945,Machine Learning,Deep Learning,Beginner,AI,5,request
U59,Machine Learning,Power BI,Intermediate,AI,4,request
U56,Excel,Power BI,Advanced,Analytics,3,view
U893,Node.js,Java,Advanced,Programming,5,completed
U177,React,Excel,Beginner,Programming,5,completed
U482,JavaScript,React,Beginner,Programming,4,completed
U843,Node.js,Spring Boot,Beginner,Programming,5,request
U784,Deep Learning,Data Visualization,Advanced,AI,3,view
U913,Power BI,Excel,Advanced,Analytics,4,completed
U350,Spring Boot,Python,Beginner,Programming,3,completed
U251,Power BI,Spring Boot,Beginner,Analytics,4,view
U227,Node.js,Power BI,Beginner,Programming,3,completed
U391,Spring Boot,Machine Learning,Intermediate,Programming,3,view
U955,Data Visualization,UI/UX Design,Beginner,Analytics,5,request
U713,Python,Data Visualization,Intermediate,Programming,4,completed
U714,Data Analysis,UI/UX Design,Advanced,Analytics,4,completed
U602,Machine Learning,Python,Advanced,AI,4,completed
U75,Python,Data Analysis,Intermediate,Programming,5,completed
U306,Power BI,UI/UX Design,Advanced,Analytics,4,request
U459,Data Visualization,Figma,Advanced,Analytics,5,view
U492,Spring Boot,Figma,Beginner,Programming,5,completed
U53,Node.js,Data Analysis,Advanced,Programming,5,view
U865,Data Visualization,Excel,Advanced,Analytics,5,request
U225,Deep Learning,Figma,Beginner,AI,3,request
U108,Spring Boot,Java,Intermediate,Programming,5,completed
U375,React,Figma,Advanced,Programming,4,completed
U583,UI/UX Design,Python,Beginner,Design,5,view
U506,Node.js,SQL,Advanced,Programming,3,completed
U985,Data Analysis,Data Visualization,Beginner,Analytics,5,view
U39,Figma,Java,Beginner,Design,3,completed
U567,JavaScript,Excel,Intermediate,Programming,3,request
U340,Spring Boot,Node.js,Intermediate,Programming,3,completed
U825,Node.js,Power BI,Advanced,Programming,4,request
U665,React,Java,Advanced,Programming,4,completed
U386,Spring Boot,Power BI,Advanced,Programming,3,completed
U124,Data Visualization,JavaScript,Beginner,Analytics,3,view
U316,Java,UI/UX Design,Intermediate,Programming,3,view
U813,Java,Machine Learning,Intermediate,Programming,3,request
U495,Python,Java,Intermediate,Programming,3,completed
U731,Node.js,Power BI,Advanced,Programming,4,request
U465,Figma,Data Visualization,Advanced,Design,4,request
U587,React,Data Visualization,Advanced,Programming,5,completed
U655,Data Visualization,Excel,Beginner,Analytics,4,request
U35,Data Visualization,Excel,Intermediate,Analytics,5,request
U900,Python,Power BI,Beginner,Programming,5,request
U611,Java,JavaScript,Intermediate,Programming,3,request
U990,Machine Learning,Excel,Advanced,AI,4,completed
U118,Figma,JavaScript,Advanced,Design,4,completed
U631,Spring Boot,Excel,Advanced,Programming,4,completed
U878,Node.js,Java,Advanced,Programming,3,completed
U246,Data Analysis,Deep Learning,Beginner,Analytics,4,request
U716,Excel,Python,Advanced,Analytics,3,completed
U504,Node.js,UI/UX Design,Intermediate,Programming,5,request
U288,Excel,Data Analysis,Intermediate,Analytics,5,view
U433,Java,UI/UX Design,Beginner,Programming,4,view
U722,Power BI,React,Beginner,Analytics,3,completed
U8,UI/UX Design,Spring Boot,Beginner,Design,3,completed
U636,Machine Learning,Java,Intermediate,AI,4,completed
U47,Data Visualization,SQL,Advanced,Analytics,3,completed
U232,JavaScript,Java,Advanced,Programming,3,completed
U255,Java,Data Visualization,Intermediate,Programming,3,request
U678,Figma,Java,Beginner,Design,3,request
U180,Data Visualization,Excel,Beginner,Analytics,5,view
U375,Node.js,SQL,Advanced,Programming,5,view
U998,React,Data Analysis,Intermediate,Programming,4,completed
U707,Data Visualization,Python,Advanced,Analytics,4,view
U36,Java,Deep Learning,Beginner,Programming,5,request
U248,Node.js,Excel,Intermediate,Programming,3,completed
U126,Node.js,React,Intermediate,Programming,3,view
U400,Power BI,Excel,Intermediate,Analytics,5,view
U234,JavaScript,UI/UX Design,Intermediate,Programming,3,request
U267,JavaScript,Spring Boot,Beginner,Programming,3,view
U990,Power BI,Python,Intermediate,Analytics,5,completed
U987,Java,Excel,Intermediate,Programming,4,completed
U185,Java,Figma,Advanced,Programming,5,completed
U626,SQL,Python,Advanced,Database,3,view
U325,Python,Spring Boot,Advanced,Programming,3,completed
U669,Java,Power BI,Beginner,Programming,3,view
U174,Node.js,Data Analysis,Intermediate,Programming,3,view
U657,Machine Learning,React,Advanced,AI,5,completed
U162,Spring Boot,Excel,Beginner,Programming,4,completed
U422,UI/UX Design,Machine Learning,Intermediate,Design,5,completed
U353,Figma,Node.js,Advanced,Design,5,view
U623,Deep Learning,Data Visualization,Intermediate,AI,5,completed
U194,Data Analysis,UI/UX Design,Beginner,Analytics,4,request
U861,Data Analysis,Spring Boot,Advanced,Analytics,4,request
U487,JavaScript,Machine Learning,Intermediate,Programming,5,completed
U654,Node.js,Data Analysis,Intermediate,Programming,3,completed
U700,Deep Learning,Data Analysis,Intermediate,AI,3,request
U946,Figma,Spring Boot,Advanced,Design,4,completed
U222,JavaScript,React,Intermediate,Programming,3,completed
U568,JavaScript,Power BI,Intermediate,Programming,5,view
U946,Power BI,Excel,Intermediate,Analytics,5,completed
U21,Power BI,Figma,Advanced,Analytics,5,completed
U382,React,Node.js,Intermediate,Programming,3,completed
U212,Node.js,SQL,Advanced,Programming,4,completed
U232,Machine Learning,SQL,Beginner,AI,4,completed
U301,JavaScript,SQL,Advanced,Programming,4,request
U745,Data Visualization,Figma,Beginner,Analytics,3,completed
U203,React,Power BI,Advanced,Programming,4,completed
U404,React,Machine Learning,Beginner,Programming,4,request
U947,Deep Learning,Excel,Advanced,AI,3,completed
U171,SQL,React,Advanced,Database,3,completed
U785,Data Visualization,Java,Advanced,Analytics,3,completed
U862,JavaScript,Figma,Advanced,Programming,4,completed
U601,Machine Learning,React,Advanced,AI,5,request
U742,Data Visualization,Figma,Beginner,Analytics,3,request
U625,Power BI,Python,Beginner,Analytics,5,completed
U251,Node.js,Excel,Advanced,Programming,5,completed
U845,Java,Node.js,Intermediate,Programming,4,request
U921,Figma,React,Advanced,Design,3,view
U436,Spring Boot,React,Beginner,Programming,3,completed
U902,Spring Boot,Data Visualization,Advanced,Programming,4,completed
U586,Deep Learning,Node.js,Intermediate,AI,5,completed
U947,Power BI,Node.js,Intermediate,Analytics,3,completed
U756,Excel,React,Advanced,Analytics,3,view
U278,Machine Learning,Node.js,Beginner,AI,4,completed
U113,Deep Learning,Java,Beginner,AI,3,completed
U350,Machine Learning,Data Visualization,Advanced,AI,5,request
U743,Figma,Spring Boot,Beginner,Design,5,completed
U333,UI/UX Design,React,Intermediate,Design,4,request
U528,Spring Boot,Deep Learning,Beginner,Programming,3,completed
U107,Java,SQL,Beginner,Programming,4,request
U462,Data Analysis,UI/UX Design,Beginner,Analytics,3,request
U787,Excel,Machine Learning,Advanced,Analytics,5,view
U643,Excel,React,Intermediate,Analytics,4,request
U894,Power BI,Java,Intermediate,Analytics,5,request
U300,Power BI,Deep Learning,Intermediate,Analytics,4,view
U413,Power BI,JavaScript,Intermediate,Analytics,5,request
U516,React,JavaScript,Advanced,Programming,3,request
U960,Node.js,SQL,Beginner,Programming,4,completed
U226,Node.js,Java,Intermediate,Programming,4,completed
U539,Power BI,Machine Learning,Advanced,Analytics,4,completed
U81,Python,Machine Learning,Advanced,Programming,5,completed
U754,UI/UX Design,JavaScript,Intermediate,Design,5,completed
U28,Figma,SQL,Intermediate,Design,3,request
U828,Machine Learning,Deep Learning,Beginner,AI,4,completed
U839,Spring Boot,SQL,Intermediate,Programming,5,completed
U578,Python,Excel,Advanced,Programming,5,completed
U60,Spring Boot,UI/UX Design,Advanced,Programming,5,completed
U886,Data Analysis,Figma,Beginner,Analytics,3,completed
U112,React,Machine Learning,Beginner,Programming,3,request
U536,UI/UX Design,Power BI,Advanced,Design,4,completed
U477,SQL,Machine Learning,Intermediate,Database,5,view
U654,Figma,Python,Beginner,Design,4,view
U449,React,JavaScript,Beginner,Programming,4,completed
U698,Spring Boot,Figma,Beginner,Programming,3,completed
U168,Data Visualization,Node.js,Intermediate,Analytics,3,request
U224,Node.js,Power BI,Intermediate,Programming,3,completed
U851,Data Analysis,UI/UX Design,Advanced,Analytics,4,completed
U265,UI/UX Design,Deep Learning,Beginner,Design,5,request
U825,UI/UX Design,Figma,Beginner,Design,5,request
U944,Excel,UI/UX Design,Advanced,Analytics,5,request
U630,Excel,SQL,Advanced,Analytics,4,completed
U45,Spring Boot,Excel,Intermediate,Programming,5,completed
U229,Power BI,Java,Intermediate,Analytics,3,completed
U390,Machine Learning,Excel,Advanced,AI,4,request
U806,Excel,Python,Advanced,Analytics,5,request
U605,Java,Power BI,Advanced,Programming,4,completed
U392,Figma,Python,Beginner,Design,5,view
U791,UI/UX Design,React,Beginner,Design,5,completed
U189,Deep Learning,UI/UX Design,Beginner,AI,4,view
U49,UI/UX Design,SQL,Intermediate,Design,5,request
U847,Spring Boot,Excel,Intermediate,Programming,5,view
U390,Java,React,Beginner,Programming,3,completed
U129,Java,Power BI,Intermediate,Programming,3,request
U595,Node.js,SQL,Beginner,Programming,5,completed
U81,Machine Learning,UI/UX Design,Intermediate,AI,4,view
U427,Java,Spring Boot,Advanced,Programming,3,completed
U648,Python,React,Advanced,Programming,5,request
U130,Deep Learning,Power BI,Advanced,AI,5,view
U402,Excel,UI/UX Design,Beginner,Analytics,5,completed
U57,JavaScript,Python,Advanced,Programming,5,completed
U476,Node.js,React,Advanced,Programming,4,completed
U478,Python,Excel,Advanced,Programming,5,request
U453,SQL,React,Beginner,Database,3,completed
U791,Machine Learning,Java,Beginner,AI,5,request
U606,JavaScript,Node.js,Beginner,Programming,3,view
U903,React,Python,Advanced,Programming,4,view
U672,Data Analysis,Machine Learning,Intermediate,Analytics,4,request
U195,Node.js,Python,Beginner,Programming,4,completed
U886,Java,Node.js,Intermediate,Programming,5,request
U719,Python,Data Analysis,Advanced,Programming,3,completed
U49,Power BI,SQL,Intermediate,Analytics,4,view
U80,Deep Learning,Node.js,Advanced,AI,5,view
U331,Node.js,UI/UX Design,Intermediate,Programming,3,completed
U60,Node.js,Python,Beginner,Programming,4,request
U877,UI/UX Design,SQL,Beginner,Design,4,view
U861,Machine Learning,Deep Learning,Advanced,AI,3,completed
U928,Figma,Data Visualization,Advanced,Design,4,completed
U27,Spring Boot,Node.js,Beginner,Programming,5,completed
U330,Java,Power BI,Beginner,Programming,4,completed
U847,React,SQL,Intermediate,Programming,5,completed
U930,React,Java,Advanced,Programming,4,request
U451,Java,Data Analysis,Intermediate,Programming,4,completed
U413,Machine Learning,Power BI,Advanced,AI,4,request
U236,Excel,SQL,Intermediate,Analytics,4,view
U677,React,Power BI,Advanced,Programming,3,completed
U226,Python,Machine Learning,Intermediate,Programming,4,completed
U382,Excel,Java,Intermediate,Analytics,4,completed
U308,Excel,Machine Learning,Advanced,Analytics,3,view
U616,Spring Boot,Node.js,Intermediate,Programming,3,request
U632,Excel,Data Visualization,Advanced,Analytics,4,view
U9,Data Visualization,Java,Beginner,Analytics,5,completed
U238,SQL,Machine Learning,Beginner,Database,5,view
U654,Data Analysis,Java,Beginner,Analytics,3,request
U100,React,Deep Learning,Advanced,Programming,3,completed
U430,Data Visualization,Figma,Beginner,Analytics,4,completed
U794,Excel,Node.js,Advanced,Analytics,3,completed
U278,Python,Node.js,Intermediate,Programming,4,view
U159,Machine Learning,Python,Advanced,AI,3,view
U839,React,Python,Intermediate,Programming,5,view
U992,Python,Java,Beginner,Programming,4,completed
U586,Python,Data Analysis,Intermediate,Programming,5,view
U12,UI/UX Design,Deep Learning,Advanced,Design,5,completed
U1,Node.js,JavaScript,Intermediate,Programming,3,completed
U574,UI/UX Design,Python,Intermediate,Design,5,completed
U443,SQL,Spring Boot,Beginner,Database,4,completed
U97,Power BI,JavaScript,Advanced,Analytics,5,completed
U571,Machine Learning,SQL,Intermediate,AI,3,request
U866,Excel,Data Analysis,Beginner,Analytics,3,view
U824,UI/UX Design,Java,Advanced,Design,4,completed
U293,Python,Excel,Advanced,Programming,4,view
U901,Java,Node.js,Advanced,Programming,5,request
U226,Deep Learning,Data Visualization,Beginner,AI,4,completed
U625,JavaScript,Figma,Intermediate,Programming,5,view
U724,Figma,Deep Learning,Intermediate,Design,4,request
U37,Data Analysis,JavaScript,Beginner,Analytics,3,request
U563,React,Machine Learning,Beginner,Programming,3,completed
U747,SQL,Excel,Intermediate,Database,4,view
U4,Data Visualization,Deep Learning,Intermediate,Analytics,5,completed
U514,Figma,Power BI,Advanced,Design,4,request
U72,Excel,Figma,Intermediate,Analytics,5,completed
U846,React,Excel,Intermediate,Programming,5,completed
U559,Data Analysis,Java,Advanced,Analytics,5,completed
U248,Machine Learning,Spring Boot,Intermediate,AI,3,request
U201,Data Visualization,Node.js,Beginner,Analytics,3,view
U262,Figma,Excel,Advanced,Design,4,request
U144,Java,Excel,Beginner,Programming,5,completed
U435,Node.js,Spring Boot,Advanced,Programming,4,view
U700,SQL,Java,Beginner,Database,3,completed
U315,SQL,UI/UX Design,Intermediate,Database,4,view
U162,React,Data Visualization,Advanced,Programming,5,completed
U824,React,Spring Boot,Beginner,Programming,3,completed
U551,Power BI,React,Intermediate,Analytics,5,completed
U689,Power BI,Spring Boot,Advanced,Analytics,3,view
U136,Data Analysis,SQL,Advanced,Analytics,3,completed
U959,Machine Learning,Node.js,Beginner,AI,4,completed
U892,Excel,Python,Beginner,Analytics,3,completed
U468,Data Visualization,Deep Learning,Intermediate,Analytics,5,completed
U456,Excel,Spring Boot,Beginner,Analytics,5,view
U477,JavaScript,Java,Advanced,Programming,4,completed
U263,Node.js,Excel,Advanced,Programming,4,request
U834,SQL,Data Analysis,Intermediate,Database,5,view
U1000,UI/UX Design,Deep Learning,Beginner,Design,3,request
U718,SQL,Data Analysis,Beginner,Database,5,request
U120,Excel,JavaScript,Intermediate,Analytics,5,completed
U795,Figma,UI/UX Design,Advanced,Design,3,request
U596,Data Analysis,SQL,Intermediate,Analytics,3,completed
U441,Java,Node.js,Beginner,Programming,4,completed
U281,Data Analysis,Machine Learning,Intermediate,Analytics,4,completed
U77,Machine Learning,JavaScript,Intermediate,AI,5,completed
U579,Figma,SQL,Advanced,Design,3,request
U45,Data Visualization,Power BI,Advanced,Analytics,3,view
U572,Node.js,Spring Boot,Intermediate,Programming,5,request
U49,Excel,UI/UX Design,Beginner,Analytics,4,request
U407,Node.js,Python,Beginner,Programming,5,request
U148,SQL,Java,Beginner,Database,4,completed
U252,Data Analysis,JavaScript,Beginner,Analytics,4,completed
U757,Excel,UI/UX Design,Advanced,Analytics,5,completed
U246,Python,Power BI,Intermediate,Programming,5,view
U78,Data Analysis,Spring Boot,Advanced,Analytics,5,view
U1000,Python,Figma,Advanced,Programming,3,view
U840,Spring Boot,Data Analysis,Intermediate,Programming,4,request
U400,Data Analysis,Machine Learning,Advanced,Analytics,3,completed
U546,Node.js,Excel,Beginner,Programming,4,view
U133,Node.js,Excel,Beginner,Programming,5,view
U605,Power BI,Python,Advanced,Analytics,3,completed
U124,JavaScript,Java,Advanced,Programming,5,request
U739,React,JavaScript,Intermediate,Programming,3,request
U228,UI/UX Design,Excel,Beginner,Design,3,view
U47,Data Visualization,Spring Boot,Advanced,Analytics,4,request
U513,Spring Boot,Data Analysis,Advanced,Programming,3,view
U568,Power BI,SQL,Beginner,Analytics,4,request
U52,Python,Node.js,Advanced,Programming,5,view
U592,UI/UX Design,Node.js,Beginner,Design,3,completed
U437,JavaScript,Figma,Beginner,Programming,5,completed
U395,UI/UX Design,JavaScript,Beginner,Design,5,request
U183,UI/UX Design,Excel,Advanced,Design,3,view
U295,Deep Learning,Figma,Intermediate,AI,5,request
U888,Node.js,Java,Advanced,Programming,3,completed
U840,Excel,Figma,Beginner,Analytics,3,completed
U40,React,Data Analysis,Intermediate,Programming,4,completed
U123,Power BI,JavaScript,Beginner,Analytics,5,completed
U202,Data Visualization,UI/UX Design,Intermediate,Analytics,3,completed
U313,Spring Boot,React,Advanced,Programming,3,request
U646,JavaScript,UI/UX Design,Beginner,Programming,4,view
U814,Machine Learning,Node.js,Beginner,AI,5,completed
U643,React,Python,Beginner,Programming,4,request
U343,React,Data Analysis,Beginner,Programming,3,completed
U228,Python,Java,Intermediate,Programming,5,request
U5,Python,React,Intermediate,Programming,4,request
U885,Machine Learning,SQL,Beginner,AI,5,completed
U682,Python,React,Advanced,Programming,3,request
U614,Spring Boot,JavaScript,Intermediate,Programming,4,completed
U589,Deep Learning,Excel,Advanced,AI,3,completed
U604,SQL,React,Intermediate,Database,5,completed
U780,UI/UX Design,Excel,Beginner,Design,4,request
U412,JavaScript,Deep Learning,Advanced,Programming,5,completed
U802,Spring Boot,JavaScript,Intermediate,Programming,5,view
U572,JavaScript,Deep Learning,Intermediate,Programming,5,view
U372,UI/UX Design,Figma,Beginner,Design,3,request
U879,JavaScript,UI/UX Design,Advanced,Programming,3,completed
U715,Excel,Java,Advanced,Analytics,5,view
U460,UI/UX Design,Figma,Advanced,Design,5,request
U688,Deep Learning,Machine Learning,Advanced,AI,4,completed
U798,UI/UX Design,Excel,Intermediate,Design,4,view
U223,Machine Learning,Figma,Advanced,AI,5,view
U532,Data Visualization,Spring Boot,Advanced,Analytics,5,completed
U575,JavaScript,Node.js,Advanced,Programming,5,completed
U413,Spring Boot,Excel,Beginner,Programming,4,view
U888,Excel,Power BI,Advanced,Analytics,4,completed
U432,Machine Learning,Deep Learning,Advanced,AI,5,completed
U396,Deep Learning,Data Analysis,Intermediate,AI,5,completed
U996,Figma,Data Visualization,Intermediate,Design,3,completed
U746,Node.js,Data Analysis,Beginner,Programming,5,completed
U525,SQL,Java,Beginner,Database,4,completed
U655,Python,SQL,Intermediate,Programming,4,request
U645,Power BI,Machine Learning,Beginner,Analytics,3,completed
U450,Data Analysis,UI/UX Design,Beginner,Analytics,5,completed
U153,Excel,Data Analysis,Beginner,Analytics,4,completed
U410,SQL,Excel,Advanced,Database,5,completed
U764,JavaScript,Data Visualization,Advanced,Programming,3,request
U359,Figma,Node.js,Advanced,Design,5,completed
U596,JavaScript,UI/UX Design,Advanced,Programming,4,request
U829,Power BI,JavaScript,Intermediate,Analytics,5,completed
U77,React,Power BI,Beginner,Programming,5,request
U155,Spring Boot,Node.js,Intermediate,Programming,5,completed
U288,UI/UX Design,Figma,Beginner,Design,3,view
U948,Deep Learning,Data Visualization,Intermediate,AI,3,request
U21,JavaScript,UI/UX Design,Intermediate,Programming,3,completed
U548,Spring Boot,Power BI,Beginner,Programming,4,completed
U923,Data Analysis,Machine Learning,Advanced,Analytics,5,request
U157,Data Analysis,Figma,Advanced,Analytics,3,completed
U947,Java,Figma,Intermediate,Programming,4,completed
U312,Node.js,Figma,Beginner,Programming,3,request
U325,Spring Boot,SQL,Advanced,Programming,4,view
U251,Python,Power BI,Intermediate,Programming,3,request
U59,Node.js,UI/UX Design,Intermediate,Programming,5,completed
U511,UI/UX Design,JavaScript,Intermediate,Design,5,request
U295,UI/UX Design,JavaScript,Intermediate,Design,3,view
U711,SQL,Node.js,Beginner,Database,5,view
U195,Data Analysis,Python,Beginner,Analytics,5,request
U53,Data Visualization,Python,Advanced,Analytics,4,completed
U136,Figma,Data Visualization,Advanced,Design,4,completed
U884,Python,SQL,Advanced,Programming,4,request
U162,React,Node.js,Intermediate,Programming,4,completed
U905,Deep Learning,UI/UX Design,Beginner,AI,5,request
U751,Python,Data Analysis,Advanced,Programming,5,request
U143,SQL,Node.js,Intermediate,Database,5,view
U74,JavaScript,SQL,Advanced,Programming,3,completed
U19,Machine Learning,Data Visualization,Intermediate,AI,4,completed
U63,React,Data Analysis,Advanced,Programming,4,view
U82,React,Deep Learning,Advanced,Programming,5,completed
U209,Excel,Data Visualization,Intermediate,Analytics,5,request
U131,Excel,Java,Beginner,Analytics,5,completed
U66,Data Analysis,JavaScript,Beginner,Analytics,4,completed
U286,Deep Learning,Power BI,Advanced,AI,3,completed
U715,UI/UX Design,SQL,Intermediate,Design,3,request
U495,UI/UX Design,Data Analysis,Advanced,Design,4,completed
U318,Excel,Figma,Beginner,Analytics,5,request
U956,Java,Machine Learning,Intermediate,Programming,3,request
U821,React,Power BI,Beginner,Programming,3,view
U651,SQL,Java,Advanced,Database,5,request
U523,Node.js,Deep Learning,Beginner,Programming,4,view
U209,Java,Data Analysis,Intermediate,Programming,5,completed
U637,SQL,Figma,Intermediate,Database,5,completed
U673,Machine Learning,React,Intermediate,AI,5,completed
U311,React,UI/UX Design,Beginner,Programming,5,completed
U408,Data Analysis,Excel,Advanced,Analytics,5,view
U602,Java,Excel,Intermediate,Programming,4,request
U16,Java,Data Analysis,Advanced,Programming,5,completed
U331,Java,Power BI,Beginner,Programming,4,request
U986,Data Visualization,Figma,Intermediate,Analytics,5,request
U58,Figma,Data Analysis,Intermediate,Design,5,view
U589,Python,SQL,Intermediate,Programming,3,completed
U71,Data Analysis,Excel,Beginner,Analytics,4,completed
U118,React,Node.js,Intermediate,Programming,5,request
U561,Node.js,Spring Boot,Beginner,Programming,5,completed
U998,Excel,Python,Beginner,Analytics,3,request
U784,SQL,Data Visualization,Beginner,Database,4,request
U928,Data Analysis,Data Visualization,Beginner,Analytics,4,view
U343,SQL,Deep Learning,Beginner,Database,3,completed
U392,Deep Learning,JavaScript,Beginner,AI,4,view
U139,Deep Learning,JavaScript,Intermediate,AI,4,completed
U117,Data Visualization,UI/UX Design,Beginner,Analytics,4,completed
U36,UI/UX Design,Node.js,Advanced,Design,4,request
U38,Power BI,Python,Beginner,Analytics,3,view
U470,Figma,SQL,Beginner,Design,5,view
U801,Figma,Power BI,Advanced,Design,3,view
U830,React,Python,Intermediate,Programming,5,completed
U179,Spring Boot,JavaScript,Advanced,Programming,3,request
U138,UI/UX Design,Excel,Beginner,Design,3,completed
U534,React,SQL,Beginner,Programming,5,completed
U332,Figma,Excel,Advanced,Design,3,completed
U800,Spring Boot,Data Visualization,Advanced,Programming,4,completed
U425,Power BI,UI/UX Design,Beginner,Analytics,5,request
U113,React,Spring Boot,Intermediate,Programming,4,completed
U843,Data Analysis,Python,Beginner,Analytics,3,request
U969,Figma,Power BI,Intermediate,Design,3,view
U886,Figma,SQL,Advanced,Design,3,completed
U744,React,Node.js,Beginner,Programming,5,request
U314,Figma,Data Analysis,Beginner,Design,4,completed
U219,Power BI,Excel,Advanced,Analytics,5,view
U483,Node.js,React,Intermediate,Programming,5,request
U585,Java,Power BI,Intermediate,Programming,4,view
U780,Data Analysis,SQL,Intermediate,Analytics,3,completed
U857,Spring Boot,Python,Intermediate,Programming,5,completed
U913,Data Analysis,Power BI,Beginner,Analytics,4,request
U690,Java,JavaScript,Advanced,Programming,4,view
U871,Node.js,React,Intermediate,Programming,5,request
U726,JavaScript,UI/UX Design,Intermediate,Programming,3,completed
U362,Machine Learning,Data Analysis,Advanced,AI,4,request
U275,React,UI/UX Design,Intermediate,Programming,5,request
U285,Java,Python,Advanced,Programming,3,completed
U45,UI/UX Design,Data Analysis,Advanced,Design,5,request
U209,Power BI,Machine Learning,Advanced,Analytics,5,request
U120,Data Analysis,Machine Learning,Beginner,Analytics,4,view
U173,Data Analysis,Java,Advanced,Analytics,4,view
U554,Data Visualization,Java,Advanced,Analytics,4,request
U12,Machine Learning,UI/UX Design,Intermediate,AI,5,completed
U671,Data Analysis,Power BI,Intermediate,Analytics,3,completed
U19,Node.js,Machine Learning,Advanced,Programming,5,request
U667,Data Analysis,Power BI,Advanced,Analytics,3,request
U105,Figma,Java,Advanced,Design,4,completed
U319,Figma,Power BI,Intermediate,Design,4,request
U345,Figma,Java,Intermediate,Design,5,completed
U628,Java,Power BI,Intermediate,Programming,3,request
U329,Power BI,Python,Beginner,Analytics,3,request
U524,Machine Learning,React,Intermediate,AI,5,view
U361,Spring Boot,UI/UX Design,Advanced,Programming,4,completed
U79,JavaScript,Machine Learning,Beginner,Programming,4,request
U338,Excel,React,Intermediate,Analytics,3,completed
U83,SQL,Python,Beginner,Database,4,completed
U723,Deep Learning,Python,Intermediate,AI,3,view
U429,Deep Learning,Power BI,Intermediate,AI,4,completed
U738,JavaScript,Python,Advanced,Programming,3,view
U840,Java,Excel,Intermediate,Programming,3,view
U266,Machine Learning,UI/UX Design,Advanced,AI,5,completed
U713,Figma,Data Analysis,Intermediate,Design,5,completed
U944,SQL,Node.js,Advanced,Database,5,request
U947,Spring Boot,Deep Learning,Advanced,Programming,3,completed
U312,Figma,Power BI,Beginner,Design,3,request
U732,Java,Data Analysis,Beginner,Programming,4,completed
U160,Java,Python,Advanced,Programming,3,completed
U251,Machine Learning,Power BI,Beginner,AI,5,completed
U581,Excel,Node.js,Beginner,Analytics,3,request
U563,Data Analysis,Java,Intermediate,Analytics,4,request
U3,Figma,SQL,Intermediate,Design,4,completed
U985,Java,Python,Advanced,Programming,5,request
U455,Data Visualization,Excel,Intermediate,Analytics,3,completed
U17,JavaScript,Machine Learning,Intermediate,Programming,3,completed
U207,Data Visualization,Figma,Beginner,Analytics,5,view
U791,Excel,SQL,Advanced,Analytics,5,request
U444,Spring Boot,Machine Learning,Beginner,Programming,4,completed
U762,Spring Boot,Power BI,Intermediate,Programming,3,completed
U518,Node.js,Data Analysis,Advanced,Programming,5,request
U474,SQL,React,Beginner,Database,3,completed
U692,Python,Excel,Intermediate,Programming,3,request
U102,UI/UX Design,Excel,Beginner,Design,5,completed
U761,React,Power BI,Beginner,Programming,5,request
U363,Python,Data Visualization,Advanced,Programming,3,completed
U833,SQL,Data Analysis,Intermediate,Database,3,view
U965,UI/UX Design,Data Visualization,Advanced,Design,4,request
U315,Data Analysis,Spring Boot,Intermediate,Analytics,4,completed
U932,Excel,Machine Learning,Intermediate,Analytics,4,request
U305,JavaScript,Machine Learning,Intermediate,Programming,3,completed
U668,Excel,React,Intermediate,Analytics,3,completed
U314,JavaScript,Machine Learning,Advanced,Programming,4,view
U903,JavaScript,Node.js,Beginner,Programming,4,completed
U87,Deep Learning,Machine Learning,Beginner,AI,5,completed
U294,Deep Learning,Data Visualization,Beginner,AI,5,view
U188,Python,Figma,Intermediate,Programming,5,view
U571,Python,Machine Learning,Intermediate,Programming,4,completed
U648,Spring Boot,Data Analysis,Beginner,Programming,5,completed
U18,Java,Power BI,Intermediate,Programming,3,request
U246,SQL,Data Analysis,Beginner,Database,3,completed
U104,React,Figma,Beginner,Programming,5,request
U191,Deep Learning,Python,Advanced,AI,4,completed
U741,UI/UX Design,Machine Learning,Beginner,Design,5,request
U839,Spring Boot,Deep Learning,Intermediate,Programming,3,view
U609,SQL,Deep Learning,Beginner,Database,4,request
U681,Excel,Data Visualization,Intermediate,Analytics,5,view
U365,Node.js,Machine Learning,Intermediate,Programming,4,completed
U867,Excel,SQL,Advanced,Analytics,4,completed
U258,Figma,Node.js,Beginner,Design,5,completed
U8,Power BI,Java,Beginner,Analytics,3,completed
U559,JavaScript,Data Visualization,Beginner,Programming,5,completed
U804,Deep Learning,Data Analysis,Advanced,AI,3,request
U654,Excel,Figma,Advanced,Analytics,5,completed
U188,Spring Boot,Deep Learning,Advanced,Programming,3,request
U933,Machine Learning,Deep Learning,Beginner,AI,5,completed
U447,Java,Figma,Intermediate,Programming,3,completed
U143,Deep Learning,Data Visualization,Advanced,AI,3,view
U540,Excel,Data Visualization,Beginner,Analytics,3,completed
U12,Data Visualization,Node.js,Intermediate,Analytics,3,request
U917,Power BI,Machine Learning,Intermediate,Analytics,5,completed
U960,Data Visualization,Excel,Intermediate,Analytics,5,completed
U491,UI/UX Design,Deep Learning,Advanced,Design,5,request
U801,Figma,Java,Beginner,Design,5,request
U375,Figma,Data Analysis,Intermediate,Design,4,request
U705,Figma,Python,Beginner,Design,3,view
U98,JavaScript,Data Visualization,Beginner,Programming,3,completed
U605,React,Java,Beginner,Programming,5,completed
U213,Node.js,Power BI,Intermediate,Programming,4,completed
U216,Java,JavaScript,Advanced,Programming,4,completed
U961,Node.js,Excel,Beginner,Programming,3,completed
U40,Data Analysis,Power BI,Advanced,Analytics,5,completed
U163,Spring Boot,Java,Intermediate,Programming,5,view
U25,Figma,Spring Boot,Beginner,Design,3,completed
U903,React,Power BI,Advanced,Programming,4,completed
U518,Node.js,SQL,Intermediate,Programming,5,view
U910,JavaScript,Node.js,Advanced,Programming,5,request
U792,SQL,Java,Beginner,Database,3,view
U516,Power BI,Machine Learning,Beginner,Analytics,4,completed
U953,Node.js,Machine Learning,Advanced,Programming,4,view
U155,Excel,UI/UX Design,Beginner,Analytics,4,request
U339,Power BI,Data Visualization,Beginner,Analytics,3,request
U745,Data Visualization,Figma,Intermediate,Analytics,4,completed
U706,Node.js,JavaScript,Advanced,Programming,4,request
U611,React,Figma,Intermediate,Programming,5,view
U554,SQL,Figma,Advanced,Database,5,completed
U984,JavaScript,Data Analysis,Beginner,Programming,4,request
U594,Machine Learning,Excel,Intermediate,AI,5,request
U366,Java,Machine Learning,Intermediate,Programming,3,request
U368,JavaScript,Deep Learning,Intermediate,Programming,4,completed
U889,React,Deep Learning,Advanced,Programming,5,request
U569,React,Python,Intermediate,Programming,4,completed
U98,React,Data Visualization,Advanced,Programming,3,completed
U474,UI/UX Design,Node.js,Beginner,Design,5,view
U513,JavaScript,Data Analysis,Intermediate,Programming,3,completed
U937,Node.js,React,Advanced,Programming,3,view
U323,UI/UX Design,Python,Advanced,Design,3,view
U799,Figma,Spring Boot,Intermediate,Design,4,view
U607,Deep Learning,Data Visualization,Advanced,AI,5,completed
U248,SQL,Machine Learning,Beginner,Database,3,request
U749,SQL,Machine Learning,Advanced,Database,4,completed
U667,Machine Learning,Java,Intermediate,AI,5,completed
U207,Machine Learning,Excel,Beginner,AI,4,request
U83,React,Data Visualization,Advanced,Programming,5,completed
U484,JavaScript,Data Visualization,Advanced,Programming,5,request
U425,Data Analysis,Machine Learning,Intermediate,Analytics,5,completed
U612,Excel,SQL,Beginner,Analytics,4,completed
U101,React,Excel,Beginner,Programming,4,request
U18,Data Analysis,Java,Intermediate,Analytics,4,completed
U830,Spring Boot,JavaScript,Beginner,Programming,3,completed
U566,SQL,Java,Beginner,Database,5,completed
U495,React,Java,Beginner,Programming,3,view
U372,React,Machine Learning,Beginner,Programming,5,completed
U304,Data Visualization,SQL,Advanced,Analytics,4,completed
U7,Data Visualization,Data Analysis,Intermediate,Analytics,4,request
U248,Machine Learning,Figma,Beginner,AI,5,completed
U856,Java,Deep Learning,Advanced,Programming,4,request
U680,SQL,Data Visualization,Beginner,Database,4,request
U509,Node.js,Deep Learning,Beginner,Programming,3,completed
U164,UI/UX Design,SQL,Advanced,Design,4,completed
U599,Data Analysis,Spring Boot,Beginner,Analytics,4,view
U201,UI/UX Design,Python,Intermediate,Design,5,completed
U810,Data Analysis,SQL,Intermediate,Analytics,3,completed
U794,Spring Boot,SQL,Intermediate,Programming,4,view
U167,Deep Learning,Python,Intermediate,AI,3,request
U872,React,Figma,Beginner,Programming,5,completed
U767,Data Visualization,Figma,Intermediate,Analytics,3,completed
U911,Machine Learning,Data Visualization,Advanced,AI,4,request
U35,UI/UX Design,JavaScript,Beginner,Design,4,request
U269,Figma,JavaScript,Beginner,Design,4,request
U456,Spring Boot,Java,Intermediate,Programming,3,completed
U822,Data Analysis,UI/UX Design,Advanced,Analytics,3,request
U542,Figma,Data Analysis,Intermediate,Design,5,completed
U188,SQL,Machine Learning,Intermediate,Database,5,request
U923,Python,Node.js,Beginner,Programming,4,request
U202,Figma,Python,Advanced,Design,3,completed
U273,UI/UX Design,Spring Boot,Beginner,Design,4,view
U407,React,Python,Beginner,Programming,3,completed
U783,Data Visualization,Power BI,Beginner,Analytics,4,request
U860,Figma,Java,Advanced,Design,3,completed
U631,Node.js,Java,Beginner,Programming,4,completed
U325,Power BI,UI/UX Design,Intermediate,Analytics,4,completed
U899,Data Visualization,Excel,Beginner,Analytics,3,completed
U878,Power BI,Data Visualization,Beginner,Analytics,5,completed
U414,SQL,Spring Boot,Beginner,Database,4,completed
U79,Deep Learning,UI/UX Design,Beginner,AI,5,request
U603,Excel,React,Intermediate,Analytics,5,completed
U212,Python,Figma,Advanced,Programming,3,completed
U646,Data Visualization,Figma,Beginner,Analytics,4,completed
U229,Power BI,Deep Learning,Intermediate,Analytics,5,completed
U708,Spring Boot,JavaScript,Intermediate,Programming,3,completed
U582,SQL,React,Advanced,Database,3,completed
U529,UI/UX Design,Java,Intermediate,Design,3,completed
U901,SQL,Python,Advanced,Database,3,completed
U61,React,Excel,Beginner,Programming,3,completed
U80,Excel,JavaScript,Advanced,Analytics,3,request
U26,SQL,Deep Learning,Beginner,Database,3,completed
U483,Data Analysis,JavaScript,Beginner,Analytics,5,completed
U877,Deep Learning,SQL,Advanced,AI,4,request
U644,UI/UX Design,Data Analysis,Beginner,Design,5,request
U680,React,Java,Beginner,Programming,5,request
U627,Machine Learning,SQL,Advanced,AI,3,completed
U712,Deep Learning,Data Analysis,Intermediate,AI,3,completed
U677,SQL,Spring Boot,Intermediate,Database,4,completed
U735,Power BI,Data Analysis,Beginner,Analytics,5,completed
U121,Spring Boot,Python,Beginner,Programming,5,view
U816,React,Java,Advanced,Programming,4,completed
U629,Deep Learning,Excel,Intermediate,AI,3,completed
U854,Machine Learning,Excel,Advanced,AI,5,completed
U298,React,Excel,Beginner,Programming,3,completed
U827,SQL,Excel,Advanced,Database,3,completed
U616,Figma,Spring Boot,Intermediate,Design,3,completed
U466,Python,Java,Beginner,Programming,5,completed
U577,Power BI,Node.js,Advanced,Analytics,4,request
U592,SQL,JavaScript,Intermediate,Database,3,request
U34,Deep Learning,Java,Intermediate,AI,4,completed
U436,Node.js,Power BI,Intermediate,Programming,5,completed
U38,Power BI,Python,Beginner,Analytics,3,completed
U184,Python,Java,Beginner,Programming,4,request
U143,Spring Boot,Python,Advanced,Programming,3,request
U460,Node.js,React,Intermediate,Programming,3,request
U695,SQL,React,Beginner,Database,5,completed
U908,Data Analysis,UI/UX Design,Beginner,Analytics,5,view
U6,Java,UI/UX Design,Intermediate,Programming,4,completed
U877,UI/UX Design,Python,Advanced,Design,5,completed
U176,React,Machine Learning,Intermediate,Programming,5,completed
U275,Node.js,JavaScript,Intermediate,Programming,4,request
U275,Node.js,React,Intermediate,Programming,3,request
U626,Machine Learning,Java,Intermediate,AI,3,request
U825,Power BI,Java,Beginner,Analytics,4,view
U406,Power BI,Python,Intermediate,Analytics,5,completed
U384,Python,Deep Learning,Intermediate,Programming,4,completed
U509,Java,Figma,Advanced,Programming,4,completed
U537,Power BI,Java,Intermediate,Analytics,5,completed
U263,JavaScript,SQL,Beginner,Programming,4,view
U628,Node.js,Deep Learning,Advanced,Programming,5,request
U880,Data Analysis,Python,Beginner,Analytics,3,view
U43,Java,Power BI,Intermediate,Programming,3,view
U547,Deep Learning,Figma,Beginner,AI,3,completed
U530,Excel,Java,Advanced,Analytics,4,completed
U9,Spring Boot,Data Analysis,Intermediate,Programming,5,request
U347,SQL,Power BI,Advanced,Database,4,request
U708,Node.js,Machine Learning,Advanced,Programming,3,view
U185,Machine Learning,React,Beginner,AI,3,completed
U961,Spring Boot,Deep Learning,Intermediate,Programming,4,request
U503,React,Power BI,Intermediate,Programming,5,request
U844,Java,Node.js,Beginner,Programming,4,completed
U568,Node.js,JavaScript,Beginner,Programming,3,view
U983,Machine Learning,React,Intermediate,AI,5,request
U93,Python,JavaScript,Advanced,Programming,3,completed
U38,Excel,Machine Learning,Advanced,Analytics,4,completed
U331,Power BI,UI/UX Design,Beginner,Analytics,5,view
U96,Power BI,Node.js,Intermediate,Analytics,4,view
U789,React,Node.js,Beginner,Programming,5,view
U661,JavaScript,UI/UX Design,Intermediate,Programming,5,completed
U495,Java,Figma,Beginner,Programming,3,view
U967,Data Analysis,Figma,Intermediate,Analytics,3,request
U723,Deep Learning,Power BI,Beginner,AI,5,completed
U300,Data Analysis,Python,Advanced,Analytics,5,request
U691,React,Power BI,Beginner,Programming,3,request
U850,Figma,Node.js,Beginner,Design,3,completed
U7,Java,Node.js,Beginner,Programming,4,request
U852,Power BI,Machine Learning,Advanced,Analytics,4,completed
U95,Data Visualization,SQL,Advanced,Analytics,5,request
U772,Figma,Spring Boot,Intermediate,Design,5,view
U279,Power BI,Python,Advanced,Analytics,4,view
U38,React,Power BI,Beginner,Programming,4,completed
U411,Python,Figma,Advanced,Programming,3,view
U362,Node.js,Data Analysis,Intermediate,Programming,5,completed
U965,Spring Boot,Machine Learning,Intermediate,Programming,5,completed
U858,Figma,Power BI,Beginner,Design,5,request
U402,Power BI,Data Analysis,Beginner,Analytics,4,request
U684,JavaScript,Excel,Beginner,Programming,5,completed
U420,Excel,Data Visualization,Beginner,Analytics,5,completed
U546,Excel,Data Analysis,Intermediate,Analytics,5,completed
U978,React,JavaScript,Intermediate,Programming,5,completed
U764,Data Visualization,Deep Learning,Intermediate,Analytics,5,view
U477,Spring Boot,Node.js,Intermediate,Programming,4,view
U639,Deep Learning,JavaScript,Beginner,AI,5,completed
U782,Machine Learning,Power BI,Intermediate,AI,4,completed
U442,Excel,JavaScript,Advanced,Analytics,5,completed
U918,React,Data Visualization,Advanced,Programming,5,request
U316,Data Visualization,Data Analysis,Intermediate,Analytics,4,request
U418,Power BI,Node.js,Advanced,Analytics,3,completed
U721,Spring Boot,SQL,Advanced,Programming,4,completed
U48,Spring Boot,Java,Advanced,Programming,5,request
U758,React,JavaScript,Intermediate,Programming,3,completed
U912,Excel,UI/UX Design,Beginner,Analytics,4,completed
U734,Excel,Figma,Beginner,Analytics,5,completed
U584,Node.js,Spring Boot,Beginner,Programming,4,request
U885,Python,Power BI,Advanced,Programming,5,completed
U156,Node.js,Spring Boot,Beginner,Programming,3,completed
U174,JavaScript,Figma,Advanced,Programming,4,completed
U556,JavaScript,React,Intermediate,Programming,4,view
U508,Deep Learning,Figma,Beginner,AI,5,request
U474,Excel,Node.js,Advanced,Analytics,4,request
U129,Excel,SQL,Advanced,Analytics,4,view
U414,Data Analysis,UI/UX Design,Advanced,Analytics,4,completed
U340,Machine Learning,JavaScript,Intermediate,AI,5,view
U514,Figma,Power BI,Advanced,Design,5,request
U752,Python,Figma,Advanced,Programming,5,completed
U266,Spring Boot,Excel,Advanced,Programming,5,request
U412,Python,Node.js,Beginner,Programming,4,view
U258,UI/UX Design,Deep Learning,Advanced,Design,3,view
U575,UI/UX Design,Figma,Intermediate,Design,3,view
U620,SQL,Spring Boot,Intermediate,Database,4,request
U82,Python,JavaScript,Beginner,Programming,3,view
U728,Java,Node.js,Beginner,Programming,4,request
U825,React,SQL,Intermediate,Programming,5,request
U445,Deep Learning,UI/UX Design,Beginner,AI,3,view
U542,Excel,Figma,Advanced,Analytics,5,completed
U246,Machine Learning,Data Analysis,Intermediate,AI,5,request
U936,Java,Spring Boot,Intermediate,Programming,4,view
U242,Spring Boot,Python,Beginner,Programming,3,completed
U91,Python,SQL,Intermediate,Programming,4,view
U589,Deep Learning,Data Visualization,Advanced,AI,5,completed
U91,Node.js,Machine Learning,Advanced,Programming,4,completed
U898,React,Java,Advanced,Programming,4,request
U258,React,Deep Learning,Beginner,Programming,4,completed
U860,JavaScript,Data Visualization,Beginner,Programming,5,completed
U764,Java,Deep Learning,Intermediate,Programming,4,request
U492,React,SQL,Advanced,Programming,3,view
U345,Power BI,Machine Learning,Advanced,Analytics,4,request
U258,JavaScript,Deep Learning,Beginner,Programming,5,completed
U645,Power BI,Machine Learning,Beginner,Analytics,4,view
U949,Power BI,SQL,Advanced,Analytics,4,completed
U895,Python,Java,Beginner,Programming,4,completed
U707,UI/UX Design,JavaScript,Advanced,Design,3,view
U725,UI/UX Design,Power BI,Beginner,Design,4,completed
U568,React,Figma,Intermediate,Programming,5,request
U673,JavaScript,Data Analysis,Intermediate,Programming,5,request
U694,JavaScript,Python,Intermediate,Programming,3,request
U174,Excel,UI/UX Design,Advanced,Analytics,5,request
U20,Excel,Data Visualization,Beginner,Analytics,5,request
U254,UI/UX Design,Machine Learning,Advanced,Design,4,request
U474,Power BI,Excel,Intermediate,Analytics,5,request
U310,Java,SQL,Beginner,Programming,5,completed
U643,Deep Learning,Data Analysis,Advanced,AI,4,request
U482,Machine Learning,UI/UX Design,Advanced,AI,4,view
U505,Java,JavaScript,Beginner,Programming,5,request
U141,Machine Learning,Python,Intermediate,AI,5,request
U459,Data Analysis,Java,Beginner,Analytics,3,completed
U938,Spring Boot,Data Analysis,Advanced,Programming,4,completed
U651,Power BI,Excel,Intermediate,Analytics,4,view
U76,Python,Data Analysis,Beginner,Programming,4,completed
U412,SQL,Java,Beginner,Database,3,request
U24,Data Analysis,Excel,Beginner,Analytics,4,completed
U705,SQL,Data Analysis,Advanced,Database,4,completed
U746,JavaScript,Machine Learning,Intermediate,Programming,3,completed
U920,Machine Learning,UI/UX Design,Advanced,AI,4,request
U20,Data Analysis,React,Advanced,Analytics,4,view
U1000,Data Analysis,Node.js,Advanced,Analytics,3,completed
U365,Spring Boot,Machine Learning,Advanced,Programming,4,request
U282,React,SQL,Beginner,Programming,5,request
U605,React,Data Analysis,Intermediate,Programming,3,request
U189,Figma,Excel,Intermediate,Design,4,request
U378,Deep Learning,Power BI,Advanced,AI,5,completed
U195,Power BI,Java,Beginner,Analytics,4,view
U877,React,Machine Learning,Intermediate,Programming,4,completed
U819,Power BI,Java,Advanced,Analytics,4,completed
U882,React,Data Analysis,Beginner,Programming,5,view
U381,Java,Figma,Advanced,Programming,4,completed
U52,Power BI,Excel,Intermediate,Analytics,3,view
U488,Spring Boot,UI/UX Design,Advanced,Programming,3,completed
U631,React,Data Analysis,Advanced,Programming,5,completed
U811,Deep Learning,SQL,Beginner,AI,4,completed
U783,React,Data Analysis,Intermediate,Programming,4,view
U355,Java,Power BI,Beginner,Programming,4,completed
U629,React,Spring Boot,Advanced,Programming,4,completed
U211,Power BI,Spring Boot,Intermediate,Analytics,3,completed
U915,Power BI,Python,Intermediate,Analytics,5,completed
U528,Node.js,JavaScript,Beginner,Programming,3,completed
U612,Power BI,Java,Intermediate,Analytics,5,completed
U42,SQL,Excel,Intermediate,Database,3,view
U362,Power BI,Data Visualization,Advanced,Analytics,4,completed
U12,Data Visualization,SQL,Advanced,Analytics,3,request
U378,Power BI,Spring Boot,Beginner,Analytics,5,request
U836,Power BI,Data Visualization,Intermediate,Analytics,3,completed
U186,JavaScript,Excel,Advanced,Programming,5,completed
U216,Figma,Data Analysis,Beginner,Design,3,completed
U535,Figma,Data Analysis,Intermediate,Design,3,completed
U195,Data Visualization,Java,Advanced,Analytics,4,completed
U133,JavaScript,Python,Intermediate,Programming,5,request
U300,Deep Learning,React,Intermediate,AI,5,completed
U325,Data Visualization,Excel,Beginner,Analytics,5,completed
U869,Excel,UI/UX Design,Advanced,Analytics,4,request
U523,Spring Boot,Python,Intermediate,Programming,3,request
U66,Data Visualization,React,Beginner,Analytics,5,request
U840,Data Analysis,Node.js,Beginner,Analytics,4,view
U435,Excel,JavaScript,Beginner,Analytics,5,completed
U551,Python,SQL,Intermediate,Programming,3,completed
U776,Java,Excel,Intermediate,Programming,5,view
U432,SQL,UI/UX Design,Advanced,Database,3,request
U773,Machine Learning,Power BI,Beginner,AI,4,view
U984,Data Analysis,SQL,Intermediate,Analytics,3,request
U434,Python,Java,Beginner,Programming,5,completed
U229,Java,Excel,Beginner,Programming,4,request
U936,Python,Data Visualization,Intermediate,Programming,4,request
U289,UI/UX Design,Data Visualization,Beginner,Design,4,request
U358,Python,Power BI,Advanced,Programming,5,request
U347,Python,UI/UX Design,Intermediate,Programming,3,completed
U255,Machine Learning,Data Visualization,Advanced,AI,4,request
U391,Deep Learning,Machine Learning,Intermediate,AI,3,request
U137,Data Visualization,Excel,Advanced,Analytics,4,completed
U371,Data Visualization,SQL,Beginner,Analytics,4,completed
U39,Power BI,JavaScript,Advanced,Analytics,3,completed
U666,Java,Figma,Intermediate,Programming,3,completed
U86,Figma,JavaScript,Beginner,Design,3,request
U84,Figma,Spring Boot,Intermediate,Design,4,completed
U101,Machine Learning,Data Analysis,Beginner,AI,3,completed
U721,Machine Learning,Data Analysis,Advanced,AI,3,request
U105,Deep Learning,Data Analysis,Advanced,AI,4,view
U30,UI/UX Design,SQL,Intermediate,Design,5,request
U825,Figma,UI/UX Design,Beginner,Design,4,completed
U336,Spring Boot,Deep Learning,Beginner,Programming,4,request
U319,SQL,Machine Learning,Beginner,Database,4,view
U79,Python,Data Visualization,Beginner,Programming,4,completed
U202,Figma,Data Visualization,Beginner,Design,5,request
U477,Figma,UI/UX Design,Advanced,Design,4,view
U94,Power BI,Java,Intermediate,Analytics,4,view
U417,Machine Learning,Excel,Intermediate,AI,4,request
U170,Data Analysis,React,Intermediate,Analytics,3,view
U855,Power BI,Excel,Intermediate,Analytics,4,completed
U415,SQL,UI/UX Design,Beginner,Database,3,completed
U693,Excel,Data Analysis,Beginner,Analytics,3,view
U209,Python,Data Visualization,Beginner,Programming,3,request
U400,Data Visualization,UI/UX Design,Intermediate,Analytics,4,completed
U435,Java,React,Advanced,Programming,3,request
U715,React,Java,Beginner,Programming,4,view
U96,React,Python,Intermediate,Programming,5,completed
U426,Deep Learning,UI/UX Design,Advanced,AI,4,completed
U135,Data Analysis,UI/UX Design,Beginner,Analytics,3,view
U645,SQL,Power BI,Intermediate,Database,3,view
U174,UI/UX Design,Python,Intermediate,Design,4,view
U867,SQL,Figma,Advanced,Database,5,view
U7,Power BI,Node.js,Intermediate,Analytics,4,request
U201,Node.js,Figma,Intermediate,Programming,3,completed
U606,JavaScript,Machine Learning,Beginner,Programming,4,completed
U720,SQL,JavaScript,Beginner,Database,4,request
U488,Data Visualization,Java,Advanced,Analytics,4,request
U167,Machine Learning,Power BI,Beginner,AI,3,completed
U75,Machine Learning,Power BI,Beginner,AI,3,view
U465,SQL,React,Intermediate,Database,5,completed
U98,Excel,UI/UX Design,Beginner,Analytics,4,request
U120,SQL,Power BI,Intermediate,Database,3,request
U854,Data Analysis,Figma,Intermediate,Analytics,5,request
U281,Data Analysis,Spring Boot,Intermediate,Analytics,5,completed
U575,Spring Boot,Java,Beginner,Programming,3,completed
U502,JavaScript,Node.js,Beginner,Programming,3,view
U609,Data Analysis,Figma,Beginner,Analytics,3,view
U877,UI/UX Design,Node.js,Beginner,Design,5,request
U807,Spring Boot,Java,Beginner,Programming,3,completed
U28,JavaScript,Deep Learning,Beginner,Programming,3,completed
U804,React,Excel,Beginner,Programming,5,completed
U347,Data Visualization,Python,Intermediate,Analytics,5,completed
U214,JavaScript,React,Intermediate,Programming,5,completed
U229,JavaScript,Figma,Intermediate,Programming,3,completed
U684,Excel,Python,Intermediate,Analytics,4,request
U139,Machine Learning,Node.js,Beginner,AI,3,completed
U824,JavaScript,SQL,Intermediate,Programming,4,completed
U596,Excel,UI/UX Design,Beginner,Analytics,3,completed
U908,Machine Learning,Data Analysis,Beginner,AI,4,view
U1,UI/UX Design,Spring Boot,Beginner,Design,5,request
U762,SQL,Spring Boot,Intermediate,Database,4,completed
U520,Data Analysis,Deep Learning,Advanced,Analytics,3,view
U205,Figma,Data Analysis,Beginner,Design,3,request
U447,React,Python,Beginner,Programming,3,completed
U246,Figma,JavaScript,Intermediate,Design,3,completed
U547,Machine Learning,JavaScript,Intermediate,AI,3,view
U608,SQL,Data Visualization,Beginner,Database,3,view
U580,React,UI/UX Design,Intermediate,Programming,4,completed
U936,Excel,UI/UX Design,Intermediate,Analytics,5,view
U501,Data Visualization,Node.js,Beginner,Analytics,3,completed
U492,Excel,Data Analysis,Beginner,Analytics,3,completed
U259,UI/UX Design,Data Visualization,Intermediate,Design,3,request
U811,Python,Node.js,Advanced,Programming,3,request
U693,SQL,Spring Boot,Beginner,Database,4,view
U610,Excel,React,Intermediate,Analytics,3,completed
U467,React,Excel,Advanced,Programming,3,view
U457,JavaScript,Excel,Intermediate,Programming,3,completed
U941,Excel,Spring Boot,Advanced,Analytics,5,completed
U399,Machine Learning,React,Intermediate,AI,5,completed
U630,Figma,Spring Boot,Advanced,Design,4,completed
U89,Figma,Excel,Advanced,Design,5,completed
U333,Data Analysis,Data Visualization,Advanced,Analytics,5,completed
U802,Spring Boot,Deep Learning,Advanced,Programming,5,request
U961,React,Spring Boot,Intermediate,Programming,4,completed
U208,Data Analysis,React,Advanced,Analytics,3,completed
U414,UI/UX Design,Python,Advanced,Design,4,completed
U64,Deep Learning,SQL,Intermediate,AI,5,view
U604,UI/UX Design,JavaScript,Advanced,Design,4,completed
U268,Power BI,Python,Advanced,Analytics,5,view
U320,Machine Learning,JavaScript,Advanced,AI,5,completed
U278,Data Analysis,Spring Boot,Intermediate,Analytics,4,completed
U439,Java,Data Visualization,Beginner,Programming,3,view
U206,Excel,Figma,Advanced,Analytics,3,view
U982,Deep Learning,Java,Advanced,AI,5,view
U232,UI/UX Design,Node.js,Intermediate,Design,5,completed
U230,Excel,UI/UX Design,Intermediate,Analytics,4,completed
U894,React,Java,Intermediate,Programming,5,completed
U953,Power BI,JavaScript,Intermediate,Analytics,4,view
U903,SQL,Deep Learning,Beginner,Database,4,completed
U261,Machine Learning,Spring Boot,Beginner,AI,4,view
U397,Deep Learning,Python,Intermediate,AI,3,completed
U95,Data Analysis,Spring Boot,Intermediate,Analytics,3,completed
U121,Figma,Java,Beginner,Design,5,view
U423,Figma,Java,Advanced,Design,5,completed
U510,Deep Learning,Data Visualization,Advanced,AI,4,view
U451,Java,Data Visualization,Intermediate,Programming,4,completed
U342,Python,Excel,Intermediate,Programming,4,completed
U77,Spring Boot,Machine Learning,Intermediate,Programming,4,view
U544,Data Visualization,Node.js,Advanced,Analytics,4,completed
U490,Node.js,SQL,Intermediate,Programming,4,completed
U506,React,Data Analysis,Beginner,Programming,3,request
U837,Machine Learning,Deep Learning,Advanced,AI,5,completed
U180,Figma,Node.js,Intermediate,Design,4,completed
U874,Deep Learning,Spring Boot,Beginner,AI,4,completed
U605,Power BI,Node.js,Intermediate,Analytics,3,completed
U926,Spring Boot,Node.js,Advanced,Programming,3,view
U727,Node.js,Spring Boot,Intermediate,Programming,3,view
U893,UI/UX Design,Power BI,Advanced,Design,5,completed
U165,Data Visualization,JavaScript,Advanced,Analytics,5,completed
U161,Data Visualization,React,Intermediate,Analytics,3,view
U913,Java,Machine Learning,Advanced,Programming,5,completed
U738,Data Visualization,SQL,Advanced,Analytics,5,request
U22,UI/UX Design,Data Analysis,Beginner,Design,5,request
U556,React,SQL,Advanced,Programming,5,request
U961,Deep Learning,Excel,Intermediate,AI,4,view
U405,SQL,Node.js,Intermediate,Database,3,view
U698,Spring Boot,Java,Advanced,Programming,3,completed
U735,Java,JavaScript,Beginner,Programming,3,completed
U169,Spring Boot,SQL,Advanced,Programming,4,view
U197,JavaScript,Spring Boot,Intermediate,Programming,5,completed
U654,Data Visualization,Node.js,Intermediate,Analytics,5,completed
U177,Node.js,SQL,Beginner,Programming,3,view
U445,Python,Data Analysis,Intermediate,Programming,5,completed
U401,Excel,Power BI,Advanced,Analytics,4,completed
U172,Spring Boot,Excel,Beginner,Programming,5,view
U851,JavaScript,Power BI,Beginner,Programming,3,completed
U661,React,Machine Learning,Advanced,Programming,5,completed
U581,Excel,Node.js,Advanced,Analytics,5,completed
U51,Deep Learning,UI/UX Design,Advanced,AI,4,request
U437,Power BI,Node.js,Intermediate,Analytics,3,view
U673,Python,Data Analysis,Advanced,Programming,3,request
U382,JavaScript,Data Visualization,Intermediate,Programming,5,completed
U968,Python,Data Analysis,Intermediate,Programming,3,completed
U298,Excel,Power BI,Advanced,Analytics,4,request
U858,Power BI,UI/UX Design,Beginner,Analytics,5,view
U688,Data Visualization,Power BI,Beginner,Analytics,4,completed
U984,SQL,Java,Beginner,Database,3,completed
U622,Spring Boot,Figma,Intermediate,Programming,3,view
U343,UI/UX Design,JavaScript,Beginner,Design,5,view
U371,Node.js,JavaScript,Beginner,Programming,3,completed
U846,React,Node.js,Advanced,Programming,5,request
U740,Excel,Deep Learning,Beginner,Analytics,5,completed
U341,Machine Learning,Java,Intermediate,AI,5,request
U573,Deep Learning,Data Visualization,Beginner,AI,5,view
U405,Machine Learning,JavaScript,Beginner,AI,4,completed
U430,Node.js,Java,Advanced,Programming,3,request
U266,SQL,Spring Boot,Advanced,Database,3,completed
U720,Power BI,UI/UX Design,Advanced,Analytics,4,completed
U935,JavaScript,SQL,Intermediate,Programming,5,request
U107,Spring Boot,Data Analysis,Intermediate,Programming,4,request
U41,React,SQL,Advanced,Programming,3,completed
U269,React,Python,Intermediate,Programming,4,request
U397,Python,Deep Learning,Beginner,Programming,3,view
U130,Power BI,Excel,Intermediate,Analytics,5,view
U762,Power BI,Data Visualization,Intermediate,Analytics,5,request
U383,SQL,Node.js,Beginner,Database,4,completed
U171,SQL,Data Visualization,Intermediate,Database,4,completed
U357,Power BI,Spring Boot,Intermediate,Analytics,4,completed
U747,Node.js,SQL,Advanced,Programming,5,completed
U235,Machine Learning,Node.js,Beginner,AI,3,request
U620,Excel,UI/UX Design,Beginner,Analytics,3,completed
U293,Machine Learning,Data Visualization,Advanced,AI,3,completed
U930,Excel,Deep Learning,Advanced,Analytics,3,completed
U854,Node.js,Data Visualization,Intermediate,Programming,4,completed
U718,Python,Power BI,Intermediate,Programming,5,view
U778,React,Java,Advanced,Programming,5,view
U554,Figma,Data Visualization,Advanced,Design,3,completed
U424,JavaScript,Excel,Beginner,Programming,5,completed
U83,Node.js,Java,Advanced,Programming,5,completed
U368,Data Visualization,React,Intermediate,Analytics,3,completed
U88,Data Visualization,Power BI,Intermediate,Analytics,4,request
U995,Figma,SQL,Beginner,Design,4,view
U57,Deep Learning,Excel,Advanced,AI,5,view
U516,Machine Learning,UI/UX Design,Intermediate,AI,3,completed
U269,Data Visualization,Excel,Advanced,Analytics,4,completed
U169,Deep Learning,Data Analysis,Intermediate,AI,4,request
U248,Machine Learning,Java,Advanced,AI,4,view
U72,Java,Machine Learning,Beginner,Programming,5,request
U93,SQL,Spring Boot,Advanced,Database,5,completed
U906,React,Deep Learning,Beginner,Programming,4,request
U642,Python,Node.js,Beginner,Programming,3,completed
U651,UI/UX Design,SQL,Beginner,Design,3,completed
U396,React,Data Analysis,Advanced,Programming,3,completed
U580,Spring Boot,Figma,Intermediate,Programming,3,completed
U275,React,Data Visualization,Advanced,Programming,3,view
U247,Figma,Spring Boot,Advanced,Design,3,view
U522,SQL,Java,Advanced,Database,5,view
U905,Java,Figma,Beginner,Programming,4,view
U311,Java,Spring Boot,Advanced,Programming,3,view
U114,UI/UX Design,Data Analysis,Intermediate,Design,5,completed
U452,Data Analysis,Java,Beginner,Analytics,4,view
U107,Figma,Deep Learning,Beginner,Design,5,completed
U312,Machine Learning,Python,Advanced,AI,5,completed
U496,Machine Learning,SQL,Intermediate,AI,5,completed
U892,Figma,UI/UX Design,Advanced,Design,3,completed
U180,React,Deep Learning,Advanced,Programming,5,request
U684,Power BI,Node.js,Advanced,Analytics,5,request
U430,Deep Learning,React,Intermediate,AI,3,request
U724,UI/UX Design,Java,Intermediate,Design,5,completed
U868,Excel,Machine Learning,Beginner,Analytics,4,request
U169,Spring Boot,Data Visualization,Beginner,Programming,3,completed
U853,Excel,Machine Learning,Beginner,Analytics,4,request
U296,Figma,Power BI,Intermediate,Design,3,completed
U45,Data Analysis,Spring Boot,Advanced,Analytics,3,completed
U72,Power BI,Data Visualization,Advanced,Analytics,4,request
U4,Deep Learning,Figma,Beginner,AI,4,completed
U320,Excel,SQL,Intermediate,Analytics,4,request
U751,UI/UX Design,SQL,Advanced,Design,3,request
U897,Python,UI/UX Design,Intermediate,Programming,4,view
U93,Deep Learning,UI/UX Design,Beginner,AI,3,view
U820,Power BI,Data Analysis,Advanced,Analytics,3,request
U972,SQL,Node.js,Intermediate,Database,4,view
U450,Excel,Deep Learning,Beginner,Analytics,5,request
U440,Power BI,Machine Learning,Advanced,Analytics,4,completed
U266,Machine Learning,Deep Learning,Beginner,AI,3,completed
U115,Machine Learning,Python,Intermediate,AI,5,request
U954,Data Visualization,Machine Learning,Advanced,Analytics,5,completed
U934,SQL,Excel,Advanced,Database,5,completed
U15,Spring Boot,JavaScript,Intermediate,Programming,4,completed
U242,UI/UX Design,React,Beginner,Design,5,view
U428,Java,Spring Boot,Advanced,Programming,5,request
U737,Power BI,Deep Learning,Advanced,Analytics,4,request
U155,Data Analysis,Machine Learning,Beginner,Analytics,4,completed
U145,JavaScript,Spring Boot,Intermediate,Programming,4,completed
U447,Python,Node.js,Advanced,Programming,4,completed
U387,Data Analysis,Excel,Beginner,Analytics,5,completed
U381,Spring Boot,Deep Learning,Beginner,Programming,3,completed
U350,Deep Learning,Power BI,Intermediate,AI,3,view
U951,Spring Boot,Java,Beginner,Programming,5,request
U665,Figma,Deep Learning,Beginner,Design,3,completed
U612,UI/UX Design,Deep Learning,Intermediate,Design,3,view
U793,Data Analysis,Data Visualization,Beginner,Analytics,5,completed
U672,Data Analysis,Java,Advanced,Analytics,4,request
U478,UI/UX Design,Data Visualization,Beginner,Design,4,view
U287,Data Visualization,UI/UX Design,Beginner,Analytics,5,request
U27,SQL,Power BI,Intermediate,Database,5,request
U520,Excel,Data Visualization,Intermediate,Analytics,3,request
U222,Java,Figma,Beginner,Programming,5,view
U773,Data Analysis,Power BI,Intermediate,Analytics,5,completed
U908,Data Visualization,SQL,Intermediate,Analytics,4,completed
U43,Excel,Spring Boot,Beginner,Analytics,3,view
U651,Spring Boot,Power BI,Advanced,Programming,5,view
U943,SQL,Spring Boot,Beginner,Database,4,completed
U816,UI/UX Design,Node.js,Advanced,Design,4,completed
U537,UI/UX Design,Java,Beginner,Design,3,completed
U460,Java,JavaScript,Intermediate,Programming,5,completed
U681,Data Analysis,Data Visualization,Intermediate,Analytics,5,request
U570,React,Excel,Beginner,Programming,3,completed
U351,SQL,UI/UX Design,Intermediate,Database,4,request
U794,Java,UI/UX Design,Intermediate,Programming,4,completed
U971,Node.js,Figma,Intermediate,Programming,3,view
U974,UI/UX Design,Machine Learning,Intermediate,Design,3,view
U359,Node.js,React,Intermediate,Programming,5,completed
U398,Data Visualization,UI/UX Design,Beginner,Analytics,5,request
U591,Deep Learning,JavaScript,Intermediate,AI,5,completed
U391,Power BI,Spring Boot,Intermediate,Analytics,5,view
U772,Data Visualization,Excel,Advanced,Analytics,3,request
U939,Data Analysis,React,Advanced,Analytics,5,completed
U816,Data Analysis,Machine Learning,Beginner,Analytics,3,completed
U981,Figma,Data Visualization,Advanced,Design,5,request
U192,Machine Learning,Node.js,Beginner,AI,5,completed
U79,UI/UX Design,Figma,Beginner,Design,3,completed
U33,SQL,Excel,Beginner,Database,3,completed
U881,Spring Boot,UI/UX Design,Beginner,Programming,5,completed
U981,JavaScript,Machine Learning,Intermediate,Programming,3,completed
U362,JavaScript,Power BI,Beginner,Programming,4,view
U999,Deep Learning,Node.js,Advanced,AI,5,request
U236,Data Visualization,UI/UX Design,Intermediate,Analytics,4,request
U571,Java,UI/UX Design,Advanced,Programming,4,completed
U299,Excel,Node.js,Advanced,Analytics,5,request
U124,Data Analysis,Excel,Intermediate,Analytics,3,completed
U296,Power BI,React,Intermediate,Analytics,4,completed
U572,Machine Learning,Deep Learning,Beginner,AI,3,request
U142,JavaScript,Node.js,Advanced,Programming,3,completed
U166,React,Java,Beginner,Programming,4,view
U310,Power BI,Spring Boot,Advanced,Analytics,4,completed
U1000,Spring Boot,Java,Beginner,Programming,5,completed
U156,Machine Learning,Spring Boot,Intermediate,AI,3,view
U615,JavaScript,Excel,Beginner,Programming,3,request
U504,Python,Java,Advanced,Programming,3,request
U879,Excel,Machine Learning,Intermediate,Analytics,3,completed
U567,Power BI,Excel,Beginner,Analytics,5,completed
U290,Deep Learning,Data Analysis,Intermediate,AI,3,request
U415,React,Data Analysis,Intermediate,Programming,4,completed
U735,Java,SQL,Intermediate,Programming,3,view
U435,Data Visualization,UI/UX Design,Advanced,Analytics,3,completed
U583,Java,Machine Learning,Intermediate,Programming,3,completed
U759,Java,Power BI,Intermediate,Programming,4,completed
U867,SQL,UI/UX Design,Beginner,Database,5,request
U750,Spring Boot,Figma,Advanced,Programming,5,completed
U115,React,Node.js,Advanced,Programming,5,completed
U689,Figma,Java,Intermediate,Design,4,view
U924,Java,Figma,Advanced,Programming,3,completed
U89,Data Analysis,UI/UX Design,Advanced,Analytics,5,completed
U755,Python,Data Visualization,Beginner,Programming,4,request
U514,Python,UI/UX Design,Beginner,Programming,3,request
U904,JavaScript,Excel,Beginner,Programming,4,view
U218,JavaScript,UI/UX Design,Beginner,Programming,4,request
U765,Node.js,Data Visualization,Beginner,Programming,3,completed
U587,Spring Boot,Machine Learning,Advanced,Programming,3,completed
U633,Deep Learning,UI/UX Design,Advanced,AI,5,request
U43,Data Visualization,Figma,Beginner,Analytics,3,view
U170,Data Analysis,Power BI,Intermediate,Analytics,3,view
U340,Data Visualization,Deep Learning,Advanced,Analytics,5,completed
U390,Power BI,Node.js,Advanced,Analytics,3,completed
U871,Node.js,Python,Beginner,Programming,4,view
U581,UI/UX Design,SQL,Beginner,Design,3,view
U296,Deep Learning,Node.js,Intermediate,AI,3,view
U39,Power BI,Machine Learning,Advanced,Analytics,3,request
U748,Java,SQL,Intermediate,Programming,5,request
U753,Spring Boot,Data Analysis,Advanced,Programming,4,request
U728,Java,Spring Boot,Beginner,Programming,4,request
U279,Data Visualization,Python,Advanced,Analytics,4,completed
U927,Figma,Data Analysis,Intermediate,Design,3,request
U880,Data Visualization,Spring Boot,Beginner,Analytics,5,completed
U887,JavaScript,Excel,Advanced,Programming,5,completed
U676,Machine Learning,Deep Learning,Intermediate,AI,4,request
U92,Deep Learning,SQL,Intermediate,AI,3,completed
U362,Python,Data Visualization,Intermediate,Programming,3,request
U963,Excel,Deep Learning,Advanced,Analytics,5,view
U293,React,Spring Boot,Beginner,Programming,5,completed
U728,Deep Learning,Machine Learning,Intermediate,AI,4,completed
U637,Machine Learning,SQL,Advanced,AI,4,completed
U172,Deep Learning,Machine Learning,Advanced,AI,5,completed
U316,Deep Learning,Power BI,Advanced,AI,5,completed
U832,Deep Learning,Excel,Intermediate,AI,5,completed
U518,Machine Learning,Data Analysis,Intermediate,AI,5,completed
U132,Spring Boot,JavaScript,Advanced,Programming,4,completed
U97,Excel,Python,Beginner,Analytics,3,request
U239,Deep Learning,Java,Intermediate,AI,4,completed
U542,Java,UI/UX Design,Intermediate,Programming,4,completed
U305,Spring Boot,SQL,Beginner,Programming,4,completed
U524,Machine Learning,Node.js,Beginner,AI,5,completed
U166,Power BI,Java,Intermediate,Analytics,5,request
U624,UI/UX Design,Java,Beginner,Design,5,request
U756,Deep Learning,SQL,Intermediate,AI,4,completed
U349,Deep Learning,Power BI,Intermediate,AI,5,completed
U586,UI/UX Design,Node.js,Intermediate,Design,5,completed
U362,Python,Node.js,Intermediate,Programming,4,completed
U942,Java,Excel,Advanced,Programming,5,request
U725,Node.js,Java,Beginner,Programming,3,completed
U108,UI/UX Design,React,Beginner,Design,3,request
U756,Excel,React,Intermediate,Analytics,5,view
U176,Spring Boot,React,Beginner,Programming,4,view
U89,Excel,Power BI,Intermediate,Analytics,4,request
U596,Node.js,React,Beginner,Programming,5,view
U594,SQL,Spring Boot,Beginner,Database,5,request
U350,Data Visualization,Deep Learning,Beginner,Analytics,4,view
U36,UI/UX Design,Spring Boot,Intermediate,Design,3,view
U147,Python,Deep Learning,Intermediate,Programming,4,request
U972,Java,Excel,Beginner,Programming,5,completed
U819,React,Spring Boot,Beginner,Programming,5,completed
U101,Python,Deep Learning,Beginner,Programming,5,completed
U146,Spring Boot,SQL,Beginner,Programming,3,request
U565,Spring Boot,Figma,Advanced,Programming,5,request
U633,Deep Learning,React,Advanced,AI,5,view
U803,JavaScript,Data Visualization,Advanced,Programming,4,completed
U385,Java,Power BI,Intermediate,Programming,5,request
U342,Excel,Machine Learning,Intermediate,Analytics,3,request
U963,Excel,UI/UX Design,Advanced,Analytics,3,completed
U562,React,Data Analysis,Beginner,Programming,3,request
U336,Data Analysis,Figma,Intermediate,Analytics,4,completed
U563,Data Analysis,Machine Learning,Advanced,Analytics,4,completed
U693,Deep Learning,JavaScript,Intermediate,AI,3,completed
U199,Machine Learning,Data Visualization,Intermediate,AI,4,completed
U565,Node.js,Data Analysis,Beginner,Programming,5,request
U620,Excel,Power BI,Advanced,Analytics,4,completed
U19,JavaScript,Machine Learning,Beginner,Programming,5,completed
U727,JavaScript,UI/UX Design,Intermediate,Programming,3,completed
U623,Deep Learning,Machine Learning,Intermediate,AI,4,request
U669,Python,Data Visualization,Advanced,Programming,5,request
U817,Java,UI/UX Design,Advanced,Programming,3,completed
U84,Node.js,Spring Boot,Beginner,Programming,3,completed
U357,Spring Boot,Java,Intermediate,Programming,5,completed
U390,Python,Node.js,Beginner,Programming,4,completed
U992,Power BI,UI/UX Design,Beginner,Analytics,3,request
U696,Power BI,Spring Boot,Advanced,Analytics,5,completed
U804,Deep Learning,Excel,Advanced,AI,3,completed
U724,Excel,Figma,Beginner,Analytics,4,completed
U267,React,Figma,Intermediate,Programming,4,completed
U690,Machine Learning,Spring Boot,Advanced,AI,4,request
U254,Figma,Machine Learning,Intermediate,Design,5,completed
U948,Deep Learning,Machine Learning,Beginner,AI,3,completed
U893,Python,JavaScript,Intermediate,Programming,5,request
U966,SQL,Power BI,Beginner,Database,3,request
U76,Python,UI/UX Design,Beginner,Programming,5,completed
U802,Deep Learning,Machine Learning,Intermediate,AI,4,completed
U379,Excel,Data Analysis,Beginner,Analytics,3,request
U821,UI/UX Design,SQL,Intermediate,Design,5,completed
U460,Node.js,Data Visualization,Advanced,Programming,4,view
U358,Deep Learning,Java,Beginner,AI,4,request
U501,React,Power BI,Advanced,Programming,4,view
U258,Data Analysis,Power BI,Intermediate,Analytics,5,completed
U839,React,Power BI,Beginner,Programming,4,view
U399,React,Data Visualization,Advanced,Programming,4,completed
U335,Power BI,React,Advanced,Analytics,4,completed
U474,Node.js,Excel,Intermediate,Programming,3,completed
U177,Data Analysis,UI/UX Design,Advanced,Analytics,4,view
U531,Data Visualization,React,Intermediate,Analytics,5,request
U218,Machine Learning,Data Visualization,Advanced,AI,3,request
U211,Data Visualization,Deep Learning,Advanced,Analytics,3,request
U577,UI/UX Design,Data Analysis,Beginner,Design,4,request
U8,Data Visualization,JavaScript,Intermediate,Analytics,4,completed
U445,Deep Learning,Machine Learning,Intermediate,AI,5,completed
U209,Node.js,SQL,Intermediate,Programming,5,completed
U15,Java,Deep Learning,Advanced,Programming,4,request
U414,Node.js,SQL,Beginner,Programming,4,completed
U948,Data Visualization,Python,Beginner,Analytics,5,completed
U336,Data Visualization,SQL,Advanced,Analytics,3,completed
U132,SQL,Python,Beginner,Database,5,view
U192,JavaScript,Python,Intermediate,Programming,5,request
U662,Deep Learning,Node.js,Advanced,AI,5,request
U38,Spring Boot,Java,Advanced,Programming,5,completed
U212,Machine Learning,Node.js,Advanced,AI,3,completed
U824,UI/UX Design,Node.js,Beginner,Design,5,completed
U76,SQL,UI/UX Design,Intermediate,Database,5,completed
U309,Deep Learning,SQL,Beginner,AI,4,request
U846,Figma,Power BI,Beginner,Design,3,request
U886,UI/UX Design,Machine Learning,Beginner,Design,5,completed
U742,Data Analysis,UI/UX Design,Advanced,Analytics,5,completed
U697,Spring Boot,React,Beginner,Programming,4,view
U71,Excel,React,Beginner,Analytics,4,completed
U914,Figma,Java,Beginner,Design,5,completed
U61,Excel,Data Visualization,Beginner,Analytics,5,completed
U672,Excel,Data Analysis,Intermediate,Analytics,3,request
U685,Node.js,React,Intermediate,Programming,3,completed
U5,JavaScript,Java,Intermediate,Programming,3,completed
U784,Java,Data Analysis,Advanced,Programming,3,request
U150,SQL,Figma,Beginner,Database,4,completed
U639,Python,Spring Boot,Beginner,Programming,5,completed
U154,Spring Boot,Excel,Intermediate,Programming,4,request
U98,Data Visualization,Excel,Beginner,Analytics,4,view
U868,JavaScript,Figma,Beginner,Programming,3,request
U327,JavaScript,Node.js,Beginner,Programming,5,request
U805,Spring Boot,Java,Advanced,Programming,3,request
U750,Data Analysis,SQL,Intermediate,Analytics,5,view
U389,Node.js,Spring Boot,Intermediate,Programming,4,view
U525,JavaScript,React,Beginner,Programming,4,completed
U685,Machine Learning,Power BI,Advanced,AI,3,completed
U726,React,Excel,Intermediate,Programming,4,request
U275,Power BI,Figma,Intermediate,Analytics,5,completed
U927,Figma,JavaScript,Advanced,Design,3,view
U386,UI/UX Design,SQL,Advanced,Design,5,request
U713,Java,Machine Learning,Beginner,Programming,4,view
U18,JavaScript,Python,Intermediate,Programming,4,view
U696,React,Machine Learning,Advanced,Programming,4,completed
U622,Java,Data Visualization,Beginner,Programming,5,completed
U267,Deep Learning,Excel,Intermediate,AI,3,completed
U129,Python,Java,Beginner,Programming,5,completed
U255,Data Visualization,UI/UX Design,Advanced,Analytics,5,view
U889,Java,Node.js,Beginner,Programming,3,request
U988,Machine Learning,Figma,Intermediate,AI,5,view
U474,Excel,Python,Advanced,Analytics,4,view
U878,Data Visualization,React,Intermediate,Analytics,4,completed
U393,Deep Learning,Power BI,Advanced,AI,4,completed
U497,React,Deep Learning,Advanced,Programming,5,request
U801,UI/UX Design,Data Analysis,Advanced,Design,4,completed
U725,Python,Machine Learning,Advanced,Programming,4,view
U442,Excel,Power BI,Advanced,Analytics,3,completed
U637,SQL,React,Advanced,Database,4,view
U377,Python,Data Visualization,Advanced,Programming,3,completed
U505,Node.js,Data Analysis,Advanced,Programming,5,view
U842,UI/UX Design,Java,Beginner,Design,4,completed
U240,JavaScript,Data Visualization,Beginner,Programming,3,completed
U18,Data Visualization,Java,Advanced,Analytics,4,completed
U647,SQL,Figma,Intermediate,Database,4,completed
U539,Node.js,Java,Beginner,Programming,5,completed
U280,UI/UX Design,JavaScript,Beginner,Design,3,completed
U31,Data Visualization,Java,Intermediate,Analytics,3,request
U38,Python,Figma,Intermediate,Programming,4,completed
U552,React,Spring Boot,Advanced,Programming,3,completed
U566,Node.js,Figma,Advanced,Programming,4,request
U665,Figma,Power BI,Intermediate,Design,5,request
U367,SQL,Data Visualization,Beginner,Database,5,view
U808,React,Data Analysis,Beginner,Programming,3,view
U805,Power BI,UI/UX Design,Beginner,Analytics,5,completed
U300,Java,Excel,Intermediate,Programming,3,view
U891,Python,Node.js,Advanced,Programming,4,completed
U822,Java,Deep Learning,Intermediate,Programming,3,request
U300,Machine Learning,Data Visualization,Advanced,AI,4,completed
U710,SQL,Python,Advanced,Database,3,completed
U537,UI/UX Design,Deep Learning,Intermediate,Design,5,view
U294,Spring Boot,Data Analysis,Intermediate,Programming,4,completed
U568,JavaScript,Power BI,Advanced,Programming,5,request
U61,Data Visualization,UI/UX Design,Advanced,Analytics,4,completed
U331,Figma,Data Analysis,Beginner,Design,5,completed
U710,Data Analysis,Node.js,Advanced,Analytics,3,request
U799,Python,JavaScript,Beginner,Programming,3,request
U740,SQL,JavaScript,Intermediate,Database,4,view
U662,Power BI,Java,Beginner,Analytics,5,completed
U173,Machine Learning,React,Beginner,AI,4,completed
U177,Excel,Node.js,Beginner,Analytics,5,view
U301,React,Excel,Beginner,Programming,3,view
U323,Machine Learning,Java,Beginner,AI,5,completed
U920,SQL,React,Advanced,Database,3,view
U785,Deep Learning,Data Analysis,Advanced,AI,4,view
U320,Deep Learning,UI/UX Design,Advanced,AI,4,request
U962,Java,Figma,Advanced,Programming,5,completed
U725,Spring Boot,React,Beginner,Programming,3,request
U564,JavaScript,Data Analysis,Advanced,Programming,3,view
U483,UI/UX Design,Data Analysis,Intermediate,Design,5,completed
U426,UI/UX Design,Java,Beginner,Design,5,completed
U345,Data Analysis,Machine Learning,Advanced,Analytics,3,request
U10,JavaScript,Figma,Beginner,Programming,3,request
U642,Node.js,Data Visualization,Advanced,Programming,3,request
U14,Java,Spring Boot,Advanced,Programming,3,completed
U830,Machine Learning,Node.js,Advanced,AI,3,view
U41,Machine Learning,Figma,Intermediate,AI,5,completed
U281,Spring Boot,Power BI,Beginner,Programming,4,view
U522,UI/UX Design,Java,Beginner,Design,5,completed
U465,JavaScript,Python,Intermediate,Programming,5,completed
U197,Machine Learning,Figma,Beginner,AI,5,view
U142,Excel,React,Beginner,Analytics,4,completed
U196,JavaScript,Power BI,Intermediate,Programming,3,completed
U52,Spring Boot,Data Analysis,Intermediate,Programming,4,request
U757,Deep Learning,Node.js,Beginner,AI,4,view
U892,Spring Boot,Java,Intermediate,Programming,4,completed
U814,Deep Learning,React,Intermediate,AI,3,request
U284,Node.js,Python,Beginner,Programming,4,request
U377,Python,Deep Learning,Beginner,Programming,4,completed
U207,Java,Machine Learning,Intermediate,Programming,3,view
U964,Data Visualization,Figma,Advanced,Analytics,5,completed
U754,JavaScript,Data Analysis,Intermediate,Programming,3,view
U455,Deep Learning,Node.js,Beginner,AI,5,completed
U383,Python,React,Beginner,Programming,4,request
U921,Power BI,Deep Learning,Intermediate,Analytics,4,completed
U73,Data Visualization,Deep Learning,Intermediate,Analytics,4,completed
U337,UI/UX Design,Power BI,Beginner,Design,4,view
U511,UI/UX Design,Machine Learning,Advanced,Design,5,view
U317,Spring Boot,SQL,Intermediate,Programming,5,completed
U951,Power BI,Figma,Beginner,Analytics,3,completed
U867,Data Analysis,SQL,Beginner,Analytics,5,completed
U73,React,Data Visualization,Beginner,Programming,5,completed
U675,React,Deep Learning,Advanced,Programming,3,completed
U189,JavaScript,UI/UX Design,Intermediate,Programming,4,completed
U434,Machine Learning,JavaScript,Intermediate,AI,5,completed
U214,Excel,Machine Learning,Advanced,Analytics,4,completed
U21,Figma,Java,Beginner,Design,3,view
U967,Power BI,Spring Boot,Intermediate,Analytics,4,request
U279,Node.js,Figma,Intermediate,Programming,4,request
U922,Deep Learning,Figma,Beginner,AI,4,completed
U689,Spring Boot,Python,Beginner,Programming,5,completed
U387,Figma,Node.js,Intermediate,Design,5,completed
U273,Figma,Power BI,Advanced,Design,3,completed
U70,Data Visualization,Data Analysis,Beginner,Analytics,5,completed
U709,Power BI,Data Visualization,Intermediate,Analytics,5,completed
U673,JavaScript,UI/UX Design,Intermediate,Programming,4,completed
U748,JavaScript,Power BI,Intermediate,Programming,5,completed
U571,React,Deep Learning,Beginner,Programming,4,request
U333,Power BI,Figma,Advanced,Analytics,4,request
U444,UI/UX Design,Deep Learning,Intermediate,Design,4,completed
U506,Python,Node.js,Intermediate,Programming,5,request
U324,Deep Learning,Python,Advanced,AI,4,view
U433,Excel,Java,Beginner,Analytics,3,completed
U638,Java,Figma,Advanced,Programming,5,view
U300,Figma,Node.js,Beginner,Design,5,completed
U208,JavaScript,Figma,Advanced,Programming,4,request
U939,Node.js,Python,Intermediate,Programming,5,request
U395,Power BI,Python,Advanced,Analytics,5,request
U44,UI/UX Design,Node.js,Intermediate,Design,5,view
U101,Node.js,Spring Boot,Advanced,Programming,4,completed
U87,Data Visualization,Excel,Intermediate,Analytics,3,completed
U421,Node.js,Spring Boot,Advanced,Programming,4,completed
U153,JavaScript,Python,Advanced,Programming,4,view
U747,React,JavaScript,Intermediate,Programming,5,request
U936,Deep Learning,Excel,Advanced,AI,3,request
U85,Excel,Spring Boot,Advanced,Analytics,3,completed
U80,Java,Machine Learning,Advanced,Programming,4,completed
U898,Figma,Data Visualization,Intermediate,Design,5,completed
U433,Data Visualization,Excel,Beginner,Analytics,3,completed
U907,UI/UX Design,Java,Advanced,Design,3,view
U537,Excel,Figma,Advanced,Analytics,4,request
U875,SQL,Node.js,Intermediate,Database,4,request
U1000,Power BI,Figma,Beginner,Analytics,4,view
U698,Python,Deep Learning,Beginner,Programming,3,request
U409,Data Visualization,React,Advanced,Analytics,3,completed
U834,Machine Learning,Java,Advanced,AI,5,completed
U697,Node.js,Data Analysis,Intermediate,Programming,4,request
U202,UI/UX Design,Java,Intermediate,Design,3,view
U417,SQL,JavaScript,Beginner,Database,5,request
U643,Excel,Figma,Intermediate,Analytics,4,view
U730,Deep Learning,Figma,Intermediate,AI,5,completed
U145,Data Analysis,Excel,Beginner,Analytics,3,request
U324,JavaScript,Data Visualization,Advanced,Programming,3,completed
U433,UI/UX Design,Data Visualization,Intermediate,Design,3,completed
U840,Machine Learning,Node.js,Intermediate,AI,5,request
U982,Figma,Machine Learning,Beginner,Design,5,request
U298,Excel,Spring Boot,Beginner,Analytics,3,request
U600,UI/UX Design,JavaScript,Advanced,Design,4,completed
U588,Figma,Data Visualization,Advanced,Design,4,completed
U863,Data Analysis,Figma,Advanced,Analytics,5,request
U95,React,Java,Intermediate,Programming,4,completed
U995,Deep Learning,UI/UX Design,Intermediate,AI,4,view
U480,Deep Learning,Excel,Advanced,AI,3,completed
U173,Figma,Node.js,Intermediate,Design,5,completed
U654,Excel,Python,Advanced,Analytics,4,request
U572,Data Visualization,UI/UX Design,Advanced,Analytics,5,completed
U78,SQL,Deep Learning,Advanced,Database,5,request
U638,Power BI,Java,Intermediate,Analytics,4,request
U20,Deep Learning,JavaScript,Intermediate,AI,3,completed
U179,Java,Excel,Beginner,Programming,5,completed
U282,SQL,Deep Learning,Advanced,Database,5,completed
U133,Node.js,Figma,Intermediate,Programming,4,request
U534,Figma,Python,Intermediate,Design,5,completed
U21,Power BI,Java,Intermediate,Analytics,4,completed
U91,Deep Learning,Java,Beginner,AI,3,completed
U178,Python,Data Visualization,Beginner,Programming,3,completed
U565,UI/UX Design,Power BI,Advanced,Design,5,completed
U465,JavaScript,Figma,Advanced,Programming,5,completed
U130,Machine Learning,Java,Intermediate,AI,5,view
U687,Java,Data Visualization,Beginner,Programming,4,request
U137,Excel,SQL,Intermediate,Analytics,4,request
U138,React,Data Visualization,Beginner,Programming,5,view
U975,Figma,Power BI,Intermediate,Design,3,request
U495,React,JavaScript,Advanced,Programming,3,request
U838,UI/UX Design,Node.js,Advanced,Design,5,completed
U341,Figma,Python,Advanced,Design,3,completed
U618,Node.js,Excel,Advanced,Programming,5,request
U802,Python,SQL,Intermediate,Programming,5,completed
U471,Data Analysis,Spring Boot,Beginner,Analytics,4,request
U168,SQL,Data Analysis,Beginner,Database,3,view
U986,Spring Boot,Data Visualization,Intermediate,Programming,5,completed
U599,Excel,Python,Intermediate,Analytics,4,completed
U767,Python,Node.js,Advanced,Programming,5,completed
U153,Java,Power BI,Advanced,Programming,3,view
U510,Java,Spring Boot,Intermediate,Programming,4,request
U767,Java,Excel,Advanced,Programming,4,request
U526,Machine Learning,Spring Boot,Advanced,AI,4,completed
U311,Java,Node.js,Beginner,Programming,4,request
U154,Data Visualization,React,Intermediate,Analytics,5,request
U334,Spring Boot,Figma,Advanced,Programming,5,completed
U606,Power BI,Machine Learning,Intermediate,Analytics,3,completed
U398,SQL,Figma,Beginner,Database,4,completed
U222,Data Visualization,Node.js,Beginner,Analytics,3,completed
U668,Spring Boot,Figma,Beginner,Programming,5,completed
U858,Data Analysis,UI/UX Design,Advanced,Analytics,3,request
U67,UI/UX Design,Python,Beginner,Design,5,view
U700,SQL,Machine Learning,Advanced,Database,3,request
U952,Figma,Power BI,Advanced,Design,5,view
U481,Machine Learning,UI/UX Design,Advanced,AI,3,completed
U40,SQL,Python,Advanced,Database,4,view
U2,Spring Boot,Python,Beginner,Programming,3,completed
U703,Machine Learning,Figma,Beginner,AI,3,completed
U809,Deep Learning,UI/UX Design,Beginner,AI,5,view
U665,Power BI,Java,Intermediate,Analytics,5,request
U420,JavaScript,Java,Advanced,Programming,3,request
U947,JavaScript,Java,Intermediate,Programming,3,view
U133,SQL,Deep Learning,Advanced,Database,4,completed
U854,Spring Boot,Excel,Advanced,Programming,3,completed
U500,Deep Learning,Spring Boot,Beginner,AI,4,request
U82,Machine Learning,Data Analysis,Beginner,AI,5,request
U298,SQL,Deep Learning,Advanced,Database,4,request
U326,Power BI,JavaScript,Intermediate,Analytics,5,completed
U203,Deep Learning,Excel,Beginner,AI,4,completed
U820,Figma,Deep Learning,Beginner,Design,4,completed
U527,Excel,Power BI,Advanced,Analytics,3,completed
U674,React,Figma,Intermediate,Programming,5,completed
U73,Node.js,Figma,Intermediate,Programming,4,completed
U932,Power BI,Excel,Beginner,Analytics,5,completed
U847,Figma,Deep Learning,Intermediate,Design,3,completed
U653,JavaScript,Python,Beginner,Programming,5,request
U146,Deep Learning,Excel,Advanced,AI,3,request
U633,Power BI,JavaScript,Intermediate,Analytics,4,view
U754,React,Deep Learning,Advanced,Programming,4,completed
U729,Spring Boot,Data Analysis,Advanced,Programming,4,completed
U303,Node.js,UI/UX Design,Beginner,Programming,4,completed
U423,SQL,Power BI,Intermediate,Database,5,request
U118,Deep Learning,Figma,Advanced,AI,3,request
U94,Machine Learning,Node.js,Beginner,AI,3,view
U463,Java,Node.js,Intermediate,Programming,3,view
U80,Power BI,Spring Boot,Beginner,Analytics,5,request
U595,Node.js,JavaScript,Beginner,Programming,3,completed
U456,JavaScript,UI/UX Design,Intermediate,Programming,3,completed
U199,Machine Learning,Python,Advanced,AI,5,request
U479,Deep Learning,React,Beginner,AI,3,completed
U607,Node.js,Spring Boot,Beginner,Programming,3,completed
U244,SQL,Machine Learning,Intermediate,Database,3,view
U573,Figma,Excel,Beginner,Design,4,completed
U734,Data Analysis,UI/UX Design,Intermediate,Analytics,4,request
U662,UI/UX Design,Python,Advanced,Design,4,view
U120,UI/UX Design,Python,Beginner,Design,4,completed
U831,Java,Excel,Intermediate,Programming,4,view
U114,Power BI,Node.js,Intermediate,Analytics,3,completed
U626,Python,Power BI,Intermediate,Programming,5,completed
U835,Spring Boot,Power BI,Intermediate,Programming,4,completed
U386,Data Analysis,Deep Learning,Intermediate,Analytics,5,completed
U146,UI/UX Design,React,Advanced,Design,3,completed
U172,Java,UI/UX Design,Beginner,Programming,3,completed
U225,React,Java,Advanced,Programming,5,request
U932,Java,Data Analysis,Beginner,Programming,5,view
U372,JavaScript,Spring Boot,Beginner,Programming,5,request
U93,Java,Deep Learning,Beginner,Programming,4,completed
U804,Data Visualization,React,Advanced,Analytics,5,completed
U231,Figma,Java,Intermediate,Design,4,view
U921,Data Analysis,Python,Advanced,Analytics,4,request
U985,Excel,Machine Learning,Advanced,Analytics,5,request
U918,SQL,UI/UX Design,Intermediate,Database,5,completed
U353,UI/UX Design,Data Analysis,Advanced,Design,4,completed
U441,React,JavaScript,Intermediate,Programming,5,completed
U692,Spring Boot,Node.js,Intermediate,Programming,4,completed
U573,Data Analysis,Data Visualization,Beginner,Analytics,3,completed
U514,Data Analysis,Spring Boot,Advanced,Analytics,4,completed
U12,UI/UX Design,Spring Boot,Beginner,Design,3,completed
U920,Node.js,UI/UX Design,Advanced,Programming,4,request
U403,Data Analysis,Spring Boot,Beginner,Analytics,3,request
U192,Python,Power BI,Beginner,Programming,4,completed
U749,UI/UX Design,Machine Learning,Advanced,Design,3,completed
U494,Data Visualization,Excel,Advanced,Analytics,5,request
U948,Deep Learning,Spring Boot,Intermediate,AI,4,request
U894,Node.js,Data Analysis,Beginner,Programming,4,completed
U180,Node.js,Figma,Advanced,Programming,4,view
U181,Data Visualization,UI/UX Design,Intermediate,Analytics,5,completed
U34,Power BI,Node.js,Beginner,Analytics,5,view
U713,UI/UX Design,JavaScript,Advanced,Design,4,request
U408,Machine Learning,Python,Intermediate,AI,4,view
U96,Node.js,React,Advanced,Programming,3,completed
U617,Deep Learning,Power BI,Beginner,AI,3,completed
U242,Deep Learning,UI/UX Design,Intermediate,AI,3,completed
U227,Figma,Power BI,Beginner,Design,3,completed
U253,Figma,UI/UX Design,Intermediate,Design,4,request
U995,Machine Learning,Excel,Advanced,AI,5,view
U321,React,Figma,Beginner,Programming,3,completed
U61,Excel,Node.js,Advanced,Analytics,3,view
U732,UI/UX Design,Java,Beginner,Design,5,view
U675,Node.js,Spring Boot,Advanced,Programming,3,completed
U773,Python,Power BI,Beginner,Programming,4,request
U353,Power BI,Data Visualization,Intermediate,Analytics,5,request
U457,Figma,SQL,Advanced,Design,4,view
U664,Java,Figma,Advanced,Programming,4,request
U389,Figma,Data Visualization,Beginner,Design,5,completed
U551,Power BI,UI/UX Design,Beginner,Analytics,3,completed
U267,Excel,Python,Beginner,Analytics,3,completed
U403,JavaScript,Data Visualization,Advanced,Programming,4,completed
U345,Python,SQL,Advanced,Programming,5,request
U211,JavaScript,Excel,Intermediate,Programming,3,completed
U808,Power BI,Deep Learning,Intermediate,Analytics,4,request
U969,Deep Learning,Power BI,Beginner,AI,4,completed
U771,Figma,SQL,Beginner,Design,5,completed
U316,Java,Power BI,Beginner,Programming,3,request
U463,Power BI,Excel,Intermediate,Analytics,5,completed
U685,Python,Excel,Intermediate,Programming,4,completed
U818,Spring Boot,Java,Advanced,Programming,4,request
U593,Data Visualization,Excel,Advanced,Analytics,3,request
U618,Data Analysis,SQL,Beginner,Analytics,3,request
U260,Power BI,Data Visualization,Beginner,Analytics,4,completed
U235,Excel,JavaScript,Advanced,Analytics,4,request
U177,Data Analysis,Spring Boot,Intermediate,Analytics,4,completed
U76,Excel,Spring Boot,Advanced,Analytics,3,view
U878,Node.js,Power BI,Intermediate,Programming,4,completed
U518,Deep Learning,Java,Intermediate,AI,5,view
U100,JavaScript,Node.js,Intermediate,Programming,5,request
U272,Power BI,Spring Boot,Beginner,Analytics,4,request
U117,Node.js,Python,Advanced,Programming,4,completed
U867,JavaScript,Machine Learning,Intermediate,Programming,4,completed
U905,Node.js,JavaScript,Intermediate,Programming,4,request
U329,Data Visualization,Node.js,Beginner,Analytics,3,view
U417,Java,Spring Boot,Beginner,Programming,3,completed
U103,Java,Spring Boot,Advanced,Programming,3,completed
U405,Figma,Node.js,Advanced,Design,5,view
U181,Machine Learning,Python,Advanced,AI,5,completed
U629,JavaScript,Node.js,Intermediate,Programming,3,request
U227,Data Visualization,Deep Learning,Intermediate,Analytics,3,request
U983,Data Analysis,Node.js,Advanced,Analytics,4,request
U100,Data Visualization,SQL,Intermediate,Analytics,4,request
U305,Spring Boot,Python,Advanced,Programming,3,view
U521,SQL,UI/UX Design,Beginner,Database,4,completed
U646,Python,UI/UX Design,Intermediate,Programming,4,request
U754,Power BI,Data Analysis,Advanced,Analytics,3,request
U646,UI/UX Design,Data Visualization,Advanced,Design,4,request
U693,Deep Learning,Data Analysis,Intermediate,AI,5,completed
U301,SQL,JavaScript,Advanced,Database,5,request
U921,Excel,SQL,Intermediate,Analytics,5,completed
U33,Java,JavaScript,Advanced,Programming,5,completed
U86,Machine Learning,SQL,Beginner,AI,5,view
U63,JavaScript,Java,Advanced,Programming,5,completed
U845,SQL,Spring Boot,Intermediate,Database,5,completed
U757,Deep Learning,Data Analysis,Intermediate,AI,4,view
U901,Machine Learning,Deep Learning,Advanced,AI,4,view
U276,React,Data Analysis,Beginner,Programming,5,view
U643,Power BI,Java,Beginner,Analytics,4,completed
U52,Node.js,Java,Beginner,Programming,3,view
U187,Node.js,Java,Advanced,Programming,5,completed
U647,Deep Learning,React,Advanced,AI,5,view
U823,Machine Learning,React,Advanced,AI,3,completed
U710,React,Machine Learning,Advanced,Programming,4,completed
U510,Machine Learning,Excel,Intermediate,AI,5,request
U253,Deep Learning,UI/UX Design,Intermediate,AI,4,completed
U391,Power BI,Spring Boot,Intermediate,Analytics,4,request
U48,React,UI/UX Design,Beginner,Programming,4,request
U80,Java,Excel,Advanced,Programming,5,completed
U515,React,SQL,Advanced,Programming,5,completed
U620,Java,React,Intermediate,Programming,3,view
U815,Data Analysis,Python,Beginner,Analytics,3,request
U151,Data Visualization,JavaScript,Intermediate,Analytics,3,request
U680,Power BI,Deep Learning,Beginner,Analytics,4,completed
U450,Data Analysis,Figma,Intermediate,Analytics,4,completed
U456,Figma,UI/UX Design,Intermediate,Design,4,completed
U707,Deep Learning,Machine Learning,Beginner,AI,3,request
U583,UI/UX Design,Data Analysis,Intermediate,Design,4,completed
U862,JavaScript,Python,Intermediate,Programming,5,completed
U87,Node.js,Java,Advanced,Programming,5,completed
U672,Spring Boot,Machine Learning,Beginner,Programming,3,request
U301,Spring Boot,Power BI,Advanced,Programming,4,request
U809,Spring Boot,Machine Learning,Intermediate,Programming,4,request
U681,Figma,SQL,Advanced,Design,4,completed
U723,Excel,SQL,Advanced,Analytics,3,completed
U971,Node.js,SQL,Beginner,Programming,3,request
U758,SQL,Power BI,Intermediate,Database,5,completed
U460,Data Visualization,Python,Advanced,Analytics,4,request
U565,Deep Learning,SQL,Beginner,AI,4,request
U100,Data Analysis,JavaScript,Intermediate,Analytics,3,request
U214,SQL,Python,Beginner,Database,5,completed
U275,Data Visualization,Java,Beginner,Analytics,5,completed
U463,React,UI/UX Design,Advanced,Programming,3,completed
U690,Figma,JavaScript,Beginner,Design,3,completed
U804,Python,Node.js,Beginner,Programming,4,completed
U905,Power BI,Data Analysis,Beginner,Analytics,3,completed
U165,Spring Boot,React,Intermediate,Programming,4,request
U141,Excel,Python,Beginner,Analytics,4,completed
U228,UI/UX Design,Figma,Advanced,Design,5,completed
U332,Machine Learning,UI/UX Design,Beginner,AI,5,view
U335,JavaScript,Spring Boot,Intermediate,Programming,5,view
U709,SQL,Java,Advanced,Database,4,completed
U630,UI/UX Design,Power BI,Advanced,Design,4,request
U709,JavaScript,Power BI,Intermediate,Programming,5,request
U924,Spring Boot,Node.js,Intermediate,Programming,3,view
U590,Data Analysis,Figma,Advanced,Analytics,3,request
U842,React,UI/UX Design,Beginner,Programming,5,completed
U302,Node.js,Data Analysis,Beginner,Programming,5,request
U453,Machine Learning,Power BI,Intermediate,AI,5,completed
U350,Figma,Power BI,Beginner,Design,5,completed
U757,Figma,Machine Learning,Intermediate,Design,3,view
U259,Data Visualization,Machine Learning,Intermediate,Analytics,5,request
U645,UI/UX Design,Excel,Advanced,Design,4,view
U213,React,Figma,Beginner,Programming,5,completed
U273,React,Deep Learning,Intermediate,Programming,5,view
U191,Data Analysis,Power BI,Intermediate,Analytics,4,completed
U120,SQL,UI/UX Design,Advanced,Database,3,completed
U672,Data Analysis,Node.js,Intermediate,Analytics,3,request
U614,Machine Learning,Node.js,Beginner,AI,3,request
U398,Data Analysis,Power BI,Beginner,Analytics,3,view
U739,Data Analysis,Excel,Advanced,Analytics,5,completed
U95,Machine Learning,Excel,Intermediate,AI,5,completed
U356,Python,Java,Advanced,Programming,5,completed
U931,Power BI,React,Advanced,Analytics,3,completed
U507,Excel,Data Visualization,Beginner,Analytics,4,request
U151,Figma,Java,Advanced,Design,4,completed
U17,Data Analysis,Figma,Intermediate,Analytics,3,completed
U911,Data Analysis,Java,Advanced,Analytics,3,view
U678,Data Visualization,Java,Advanced,Analytics,3,view
U747,Deep Learning,Spring Boot,Intermediate,AI,4,completed
U698,SQL,JavaScript,Intermediate,Database,5,request
U152,Excel,Spring Boot,Advanced,Analytics,5,request
U162,SQL,Java,Advanced,Database,3,completed
U179,UI/UX Design,React,Advanced,Design,4,request
U76,Python,SQL,Intermediate,Programming,4,completed
U691,Spring Boot,Python,Beginner,Programming,3,completed
U19,SQL,Python,Intermediate,Database,4,completed
U70,Data Visualization,Spring Boot,Intermediate,Analytics,5,completed
U11,Node.js,Figma,Advanced,Programming,4,completed
U606,Data Analysis,SQL,Advanced,Analytics,5,request
U662,Power BI,UI/UX Design,Advanced,Analytics,5,completed
U447,Excel,React,Advanced,Analytics,5,completed
U386,Java,Deep Learning,Advanced,Programming,3,completed
U52,Figma,Power BI,Intermediate,Design,5,request
U500,UI/UX Design,Data Visualization,Intermediate,Design,3,completed
U524,Data Analysis,SQL,Intermediate,Analytics,4,request
U163,Java,Node.js,Intermediate,Programming,3,completed
U204,Power BI,Data Visualization,Advanced,Analytics,5,completed
U60,Java,Power BI,Intermediate,Programming,4,view
U303,Data Analysis,Excel,Beginner,Analytics,4,completed
U556,JavaScript,UI/UX Design,Advanced,Programming,3,request
U739,Data Analysis,Power BI,Intermediate,Analytics,5,view
U316,Java,Python,Intermediate,Programming,3,completed
U634,Machine Learning,React,Advanced,AI,4,completed
U610,Figma,Node.js,Beginner,Design,3,view
U971,Python,Data Visualization,Beginner,Programming,3,view
U972,Python,Deep Learning,Intermediate,Programming,4,completed
U36,UI/UX Design,Figma,Intermediate,Design,5,completed
U751,Deep Learning,JavaScript,Beginner,AI,4,completed
U128,Java,SQL,Advanced,Programming,5,completed
U582,Spring Boot,Machine Learning,Intermediate,Programming,3,request
U905,Deep Learning,UI/UX Design,Beginner,AI,4,completed
U294,Python,Power BI,Intermediate,Programming,3,view
U405,Excel,Node.js,Intermediate,Analytics,3,request
U920,UI/UX Design,Power BI,Beginner,Design,5,completed
U532,Power BI,Data Analysis,Beginner,Analytics,3,request
U788,Data Visualization,Spring Boot,Intermediate,Analytics,5,request
U469,Figma,Java,Intermediate,Design,4,view
U401,Node.js,Java,Intermediate,Programming,5,completed
U503,Python,Java,Beginner,Programming,5,completed
U609,Power BI,Node.js,Beginner,Analytics,3,completed
U24,UI/UX Design,React,Advanced,Design,4,request
U471,UI/UX Design,Excel,Beginner,Design,3,request
U393,Spring Boot,React,Beginner,Programming,5,completed
U859,SQL,Data Analysis,Intermediate,Database,4,view
U455,Spring Boot,Data Visualization,Beginner,Programming,4,completed
U707,JavaScript,Power BI,Beginner,Programming,3,view
U71,Figma,Node.js,Intermediate,Design,5,completed
U743,Excel,Deep Learning,Advanced,Analytics,5,completed
U273,SQL,Data Analysis,Intermediate,Database,3,completed
U821,Excel,Figma,Advanced,Analytics,3,completed
U85,Data Visualization,Python,Beginner,Analytics,3,completed
U960,Java,Node.js,Intermediate,Programming,4,view
U204,UI/UX Design,Python,Beginner,Design,3,completed
U769,Data Analysis,Python,Advanced,Analytics,4,completed
U914,Figma,Deep Learning,Beginner,Design,4,request
U20,Data Analysis,Power BI,Beginner,Analytics,3,completed
U96,Data Visualization,Figma,Beginner,Analytics,4,completed
U865,Deep Learning,UI/UX Design,Advanced,AI,4,request
U645,Java,UI/UX Design,Beginner,Programming,4,request
U845,Node.js,React,Advanced,Programming,5,request
U258,Data Visualization,Data Analysis,Advanced,Analytics,5,request
U24,Machine Learning,Python,Advanced,AI,5,completed
U694,Python,Data Analysis,Advanced,Programming,5,completed
U809,React,Python,Intermediate,Programming,5,view
U331,Figma,Java,Beginner,Design,5,completed
U635,Python,Spring Boot,Beginner,Programming,4,completed
U730,Node.js,Spring Boot,Intermediate,Programming,3,request
U670,Machine Learning,Excel,Beginner,AI,5,request
U478,Node.js,Spring Boot,Advanced,Programming,4,completed
U45,Data Analysis,Excel,Intermediate,Analytics,3,request
U673,SQL,Data Visualization,Beginner,Database,3,request
U946,Java,UI/UX Design,Beginner,Programming,4,request
U347,Python,SQL,Intermediate,Programming,4,request
U561,Python,Data Visualization,Intermediate,Programming,5,completed
U220,Java,Deep Learning,Advanced,Programming,4,request
U456,Spring Boot,Machine Learning,Beginner,Programming,5,request
U702,JavaScript,Machine Learning,Beginner,Programming,4,completed
U915,Java,Excel,Advanced,Programming,5,view
U634,Deep Learning,Data Visualization,Intermediate,AI,4,request
U42,Deep Learning,Data Visualization,Advanced,AI,4,view
U372,Machine Learning,UI/UX Design,Beginner,AI,3,completed
U137,Deep Learning,UI/UX Design,Advanced,AI,4,request
U688,Deep Learning,Node.js,Beginner,AI,3,view
U841,Power BI,Spring Boot,Beginner,Analytics,4,completed
U64,JavaScript,Excel,Intermediate,Programming,3,completed
U499,Power BI,UI/UX Design,Beginner,Analytics,5,request
U775,React,Figma,Beginner,Programming,5,completed
U487,Power BI,React,Intermediate,Analytics,5,completed
U856,JavaScript,Machine Learning,Beginner,Programming,4,request
U507,Figma,Data Analysis,Beginner,Design,5,request
U243,Excel,React,Advanced,Analytics,3,completed
U583,Machine Learning,Deep Learning,Advanced,AI,3,completed
U505,Data Analysis,Figma,Advanced,Analytics,4,request
U510,Excel,Figma,Intermediate,Analytics,5,view
U605,Node.js,Data Visualization,Intermediate,Programming,5,completed
U65,Figma,Machine Learning,Beginner,Design,4,completed
U10,Python,Java,Intermediate,Programming,5,view
U549,Java,Machine Learning,Beginner,Programming,3,view
U840,React,Excel,Intermediate,Programming,5,completed
U124,Python,Figma,Beginner,Programming,5,completed
U902,JavaScript,Excel,Advanced,Programming,5,view
U309,Python,JavaScript,Beginner,Programming,4,completed
U71,SQL,Deep Learning,Intermediate,Database,4,completed
U434,Figma,Spring Boot,Intermediate,Design,5,request
U769,Deep Learning,Node.js,Advanced,AI,4,view
U348,Spring Boot,Figma,Intermediate,Programming,5,request
U412,Data Analysis,Figma,Beginner,Analytics,5,completed
U762,Python,Java,Advanced,Programming,5,request
U61,Power BI,SQL,Advanced,Analytics,4,completed
U2,Deep Learning,Java,Advanced,AI,5,completed
U153,Node.js,Machine Learning,Advanced,Programming,5,completed
U216,Java,Data Visualization,Intermediate,Programming,5,view
U222,Machine Learning,UI/UX Design,Intermediate,AI,5,request
U181,Figma,React,Intermediate,Design,4,request
U44,Figma,Data Visualization,Beginner,Design,5,view
U753,React,UI/UX Design,Intermediate,Programming,3,completed
U525,Deep Learning,SQL,Beginner,AI,5,completed
U950,Data Analysis,Figma,Advanced,Analytics,4,completed
U515,React,UI/UX Design,Beginner,Programming,5,completed
U500,Spring Boot,Java,Advanced,Programming,3,completed
U684,Power BI,UI/UX Design,Intermediate,Analytics,4,view
U718,Data Analysis,Excel,Intermediate,Analytics,5,view
U860,Excel,Deep Learning,Beginner,Analytics,3,view
U596,Node.js,Machine Learning,Beginner,Programming,3,completed
U86,Power BI,Data Analysis,Advanced,Analytics,3,view
U470,Excel,SQL,Intermediate,Analytics,5,completed
U801,UI/UX Design,Figma,Intermediate,Design,4,view
U150,UI/UX Design,Data Visualization,Advanced,Design,4,request
U51,Power BI,Java,Beginner,Analytics,5,completed
U872,Data Visualization,Data Analysis,Intermediate,Analytics,4,request
U110,Node.js,Data Analysis,Advanced,Programming,3,completed
U838,Data Analysis,Data Visualization,Intermediate,Analytics,3,completed
U999,Data Analysis,Python,Advanced,Analytics,3,completed
U831,Power BI,Java,Advanced,Analytics,4,completed
U113,JavaScript,Python,Intermediate,Programming,3,request
U239,SQL,Excel,Beginner,Database,3,request
U747,React,Deep Learning,Beginner,Programming,3,request
U877,React,Data Visualization,Intermediate,Programming,3,completed
U104,Deep Learning,Java,Advanced,AI,5,completed
U319,Data Analysis,Power BI,Intermediate,Analytics,3,request
U854,JavaScript,UI/UX Design,Intermediate,Programming,5,view
U472,SQL,Node.js,Beginner,Database,3,request
U701,Java,Figma,Beginner,Programming,4,request
U398,Spring Boot,Excel,Advanced,Programming,4,completed
U845,React,Power BI,Intermediate,Programming,3,completed
U92,Deep Learning,Figma,Beginner,AI,3,completed
U274,Deep Learning,Spring Boot,Advanced,AI,4,completed
U44,Java,Figma,Beginner,Programming,5,request
U709,Node.js,Machine Learning,Intermediate,Programming,5,view
U543,Excel,JavaScript,Intermediate,Analytics,3,completed
U33,React,Deep Learning,Advanced,Programming,4,request
U725,Machine Learning,Data Analysis,Advanced,AI,4,request
U180,Data Analysis,Node.js,Intermediate,Analytics,4,completed
U977,React,Node.js,Intermediate,Programming,3,completed
U651,Node.js,Data Analysis,Intermediate,Programming,5,completed
U747,JavaScript,Spring Boot,Intermediate,Programming,3,view
U713,SQL,Power BI,Intermediate,Database,4,request
U84,Power BI,Data Visualization,Beginner,Analytics,3,request
U130,Python,Java,Advanced,Programming,5,request
U752,Python,Machine Learning,Advanced,Programming,5,completed
U947,Deep Learning,UI/UX Design,Intermediate,AI,3,view
U599,Deep Learning,Node.js,Intermediate,AI,4,request
U411,React,Excel,Intermediate,Programming,4,view
U364,Python,Data Visualization,Advanced,Programming,3,request
U305,React,UI/UX Design,Advanced,Programming,4,completed
U966,Excel,Python,Advanced,Analytics,5,completed
U198,Java,Python,Beginner,Programming,5,completed
U789,Machine Learning,Spring Boot,Beginner,AI,4,request
U682,Node.js,Java,Beginner,Programming,5,completed
U737,Spring Boot,Excel,Intermediate,Programming,3,completed
U534,SQL,Deep Learning,Advanced,Database,5,view
U59,Deep Learning,Machine Learning,Intermediate,AI,3,request
U790,Data Analysis,SQL,Intermediate,Analytics,3,view
U675,Figma,UI/UX Design,Intermediate,Design,5,completed
U901,UI/UX Design,Machine Learning,Beginner,Design,4,completed
U19,React,Node.js,Beginner,Programming,3,view
U651,Data Visualization,React,Beginner,Analytics,3,view
U659,Java,Deep Learning,Intermediate,Programming,4,view
U155,Data Analysis,Power BI,Advanced,Analytics,5,view
U23,Power BI,Java,Intermediate,Analytics,4,request
U170,Python,Data Analysis,Beginner,Programming,5,view
U565,Python,Excel,Advanced,Programming,5,request
U600,Python,JavaScript,Beginner,Programming,4,completed
U273,Figma,Node.js,Beginner,Design,5,request
U96,Power BI,JavaScript,Intermediate,Analytics,4,request
U680,Machine Learning,Deep Learning,Advanced,AI,3,request
U172,Spring Boot,Python,Intermediate,Programming,3,request
U574,Spring Boot,UI/UX Design,Intermediate,Programming,5,completed
U497,Node.js,Spring Boot,Intermediate,Programming,5,view
U39,Data Analysis,Machine Learning,Beginner,Analytics,5,completed
U987,Python,UI/UX Design,Beginner,Programming,5,view
U25,Excel,Java,Advanced,Analytics,4,completed
U633,React,Spring Boot,Beginner,Programming,5,completed
U784,Machine Learning,Figma,Advanced,AI,3,completed
U197,Node.js,React,Intermediate,Programming,4,completed
U902,SQL,Power BI,Intermediate,Database,5,completed
U701,Python,Deep Learning,Beginner,Programming,4,request
U639,Figma,Spring Boot,Beginner,Design,4,view
U12,Spring Boot,JavaScript,Beginner,Programming,5,request
U246,UI/UX Design,Machine Learning,Advanced,Design,4,request
U133,React,Python,Intermediate,Programming,3,view
U297,Java,UI/UX Design,Advanced,Programming,4,completed
U526,Power BI,Spring Boot,Intermediate,Analytics,5,completed
U27,UI/UX Design,JavaScript,Beginner,Design,4,completed
U78,Spring Boot,Node.js,Advanced,Programming,4,view
U347,Deep Learning,Java,Advanced,AI,3,request
U936,Deep Learning,UI/UX Design,Advanced,AI,3,completed
U526,Deep Learning,UI/UX Design,Advanced,AI,5,completed
U500,Data Analysis,UI/UX Design,Advanced,Analytics,3,request
U919,UI/UX Design,Data Visualization,Intermediate,Design,3,completed
U821,Power BI,Python,Advanced,Analytics,3,request
U53,Python,SQL,Beginner,Programming,5,request
U508,Data Analysis,UI/UX Design,Beginner,Analytics,4,request
U215,JavaScript,Data Analysis,Intermediate,Programming,4,request
U683,Power BI,React,Beginner,Analytics,5,completed
U590,Excel,UI/UX Design,Beginner,Analytics,5,view
U76,Python,SQL,Advanced,Programming,4,completed
U303,Excel,Figma,Intermediate,Analytics,3,request
U826,Data Visualization,Excel,Intermediate,Analytics,3,completed
U142,React,Excel,Advanced,Programming,4,request
U176,UI/UX Design,React,Beginner,Design,5,view
U658,Power BI,Spring Boot,Intermediate,Analytics,5,view
U565,SQL,JavaScript,Beginner,Database,5,view
U139,Figma,Power BI,Beginner,Design,5,completed
U912,UI/UX Design,Deep Learning,Advanced,Design,3,view
U72,UI/UX Design,SQL,Beginner,Design,4,completed
U255,Power BI,Data Analysis,Beginner,Analytics,5,completed
U43,React,Spring Boot,Beginner,Programming,4,completed
U603,Machine Learning,Deep Learning,Advanced,AI,5,request
U28,React,Deep Learning,Advanced,Programming,5,request
U208,Machine Learning,Java,Beginner,AI,3,completed
U328,Node.js,Java,Beginner,Programming,3,completed
U492,Python,UI/UX Design,Intermediate,Programming,4,view
U404,Power BI,Data Analysis,Intermediate,Analytics,3,request
U976,Excel,Power BI,Intermediate,Analytics,4,view
U778,Node.js,UI/UX Design,Beginner,Programming,5,view
U938,Data Visualization,Power BI,Intermediate,Analytics,3,completed
U185,Excel,UI/UX Design,Advanced,Analytics,3,request
U201,UI/UX Design,Spring Boot,Intermediate,Design,4,request
U681,Python,JavaScript,Intermediate,Programming,3,request
U543,Data Visualization,Spring Boot,Intermediate,Analytics,4,completed
U81,Node.js,Python,Advanced,Programming,3,request
U536,Java,React,Intermediate,Programming,4,completed
U942,Figma,Deep Learning,Beginner,Design,5,request
U449,Data Visualization,Machine Learning,Advanced,Analytics,5,completed
U296,Excel,Spring Boot,Intermediate,Analytics,3,completed
U307,JavaScript,React,Advanced,Programming,5,request
U675,Data Analysis,Java,Advanced,Analytics,3,view
U977,Data Analysis,Power BI,Intermediate,Analytics,5,view
U801,Python,Figma,Advanced,Programming,3,view
U354,Node.js,Excel,Advanced,Programming,3,completed
U857,Machine Learning,SQL,Advanced,AI,4,completed
U62,Data Analysis,Machine Learning,Intermediate,Analytics,4,completed
U830,Spring Boot,Data Visualization,Intermediate,Programming,3,request
U632,Spring Boot,Node.js,Intermediate,Programming,3,completed
U227,UI/UX Design,Machine Learning,Beginner,Design,4,completed
U150,Python,Machine Learning,Beginner,Programming,5,view
U83,Power BI,JavaScript,Beginner,Analytics,4,view
U382,Excel,Figma,Intermediate,Analytics,5,completed
U23,JavaScript,Python,Advanced,Programming,5,completed
U382,Data Analysis,UI/UX Design,Advanced,Analytics,3,view
U246,Figma,Machine Learning,Beginner,Design,3,completed
U447,Spring Boot,JavaScript,Intermediate,Programming,4,completed
U839,React,JavaScript,Intermediate,Programming,4,completed
U720,Python,Machine Learning,Beginner,Programming,5,completed
U666,Power BI,Java,Intermediate,Analytics,5,request
U801,Data Visualization,Data Analysis,Advanced,Analytics,4,view
U108,Deep Learning,Node.js,Beginner,AI,3,completed
U88,Spring Boot,Python,Intermediate,Programming,4,completed
U204,Machine Learning,Excel,Advanced,AI,3,view
U701,Python,UI/UX Design,Beginner,Programming,4,view
U189,JavaScript,UI/UX Design,Beginner,Programming,5,view
U859,Figma,Java,Advanced,Design,3,view
U705,JavaScript,SQL,Beginner,Programming,3,completed
U26,Excel,Power BI,Beginner,Analytics,4,view
U487,Deep Learning,Figma,Advanced,AI,4,request
U824,UI/UX Design,Node.js,Beginner,Design,4,completed
U963,UI/UX Design,Data Visualization,Advanced,Design,3,request
U175,Deep Learning,Figma,Beginner,AI,5,request
U749,JavaScript,Figma,Intermediate,Programming,3,completed
U288,Machine Learning,Data Visualization,Intermediate,AI,4,completed
U107,UI/UX Design,React,Intermediate,Design,5,completed
U941,Python,Deep Learning,Beginner,Programming,3,completed
U594,Figma,UI/UX Design,Advanced,Design,5,completed
U114,Spring Boot,Machine Learning,Beginner,Programming,3,request
U543,Data Visualization,JavaScript,Intermediate,Analytics,3,request
U721,Node.js,React,Advanced,Programming,4,request
U77,Python,Data Visualization,Advanced,Programming,4,completed
U708,Python,Spring Boot,Beginner,Programming,3,request
U840,React,Figma,Beginner,Programming,4,view
U762,React,Python,Intermediate,Programming,3,completed
U172,UI/UX Design,Deep Learning,Intermediate,Design,4,completed
U933,Python,Machine Learning,Advanced,Programming,5,completed
U281,Data Analysis,Data Visualization,Advanced,Analytics,3,completed
U929,React,Excel,Intermediate,Programming,3,request
U797,JavaScript,Power BI,Beginner,Programming,4,view
U644,Spring Boot,Java,Advanced,Programming,5,view
U289,Excel,Data Analysis,Beginner,Analytics,5,view
U135,JavaScript,UI/UX Design,Beginner,Programming,4,completed
U996,Data Analysis,Figma,Intermediate,Analytics,4,request
U913,UI/UX Design,Node.js,Advanced,Design,3,request
U339,Excel,React,Beginner,Analytics,4,completed
U393,Excel,UI/UX Design,Intermediate,Analytics,5,request
U641,React,Node.js,Intermediate,Programming,4,view
U175,Data Visualization,Spring Boot,Advanced,Analytics,3,completed
U195,Figma,Data Analysis,Intermediate,Design,5,completed
U431,JavaScript,Java,Beginner,Programming,3,completed
U196,Machine Learning,Python,Advanced,AI,5,request
U915,UI/UX Design,Data Visualization,Beginner,Design,3,completed
U329,Spring Boot,SQL,Intermediate,Programming,5,request
U710,Python,Data Visualization,Beginner,Programming,3,completed
U397,Data Analysis,Node.js,Beginner,Analytics,3,request
U286,Power BI,SQL,Beginner,Analytics,4,completed
U113,Figma,JavaScript,Advanced,Design,5,view
U869,Java,Power BI,Intermediate,Programming,3,completed
U650,Java,Data Visualization,Advanced,Programming,3,completed
U420,Java,Spring Boot,Intermediate,Programming,3,completed
U715,Machine Learning,React,Beginner,AI,5,view
U653,Data Analysis,SQL,Intermediate,Analytics,3,completed
U716,Data Analysis,Figma,Beginner,Analytics,4,request
U222,Figma,Deep Learning,Beginner,Design,5,request
U544,Machine Learning,Deep Learning,Beginner,AI,4,request
U80,React,Power BI,Intermediate,Programming,5,completed
U419,Data Analysis,Java,Advanced,Analytics,4,completed
U184,SQL,Excel,Intermediate,Database,4,request
U410,React,JavaScript,Intermediate,Programming,5,completed
U50,React,Figma,Intermediate,Programming,3,completed
U847,Machine Learning,Data Analysis,Advanced,AI,3,request
U162,Node.js,Figma,Beginner,Programming,4,view
U158,Excel,Python,Advanced,Analytics,4,view
U709,Figma,Deep Learning,Advanced,Design,5,request
U446,JavaScript,Data Analysis,Intermediate,Programming,4,completed
U720,Figma,Power BI,Advanced,Design,5,view
U646,JavaScript,Java,Intermediate,Programming,3,request
U157,Spring Boot,Python,Beginner,Programming,3,request
U633,Excel,Machine Learning,Intermediate,Analytics,5,completed
U197,UI/UX Design,SQL,Beginner,Design,5,request
U29,Excel,Java,Intermediate,Analytics,4,completed
U652,Java,React,Beginner,Programming,4,completed
U427,Data Visualization,SQL,Beginner,Analytics,4,completed
U632,Spring Boot,Excel,Intermediate,Programming,3,view
U120,UI/UX Design,Data Visualization,Advanced,Design,5,completed
U794,Figma,JavaScript,Advanced,Design,4,request
U240,Spring Boot,Machine Learning,Advanced,Programming,4,completed
U221,Figma,React,Beginner,Design,4,completed
U856,Power BI,SQL,Advanced,Analytics,4,request
U115,JavaScript,Excel,Advanced,Programming,5,view
U893,Data Visualization,Figma,Beginner,Analytics,3,view
U610,Figma,React,Advanced,Design,4,request
U812,Figma,UI/UX Design,Beginner,Design,5,completed
U731,Excel,UI/UX Design,Intermediate,Analytics,4,completed
U883,SQL,Spring Boot,Beginner,Database,3,completed
U519,Power BI,SQL,Beginner,Analytics,3,completed
U903,UI/UX Design,Excel,Advanced,Design,3,completed
U303,Data Visualization,Power BI,Intermediate,Analytics,5,completed
U674,Excel,Deep Learning,Advanced,Analytics,3,completed
U749,Machine Learning,Spring Boot,Advanced,AI,3,completed
U112,Machine Learning,Data Visualization,Advanced,AI,5,completed
U29,Data Visualization,Spring Boot,Intermediate,Analytics,5,request
U829,Python,Excel,Beginner,Programming,4,request
U107,Spring Boot,UI/UX Design,Advanced,Programming,4,request
U367,Data Analysis,Spring Boot,Intermediate,Analytics,5,request
U323,JavaScript,Power BI,Beginner,Programming,4,request
U539,UI/UX Design,Python,Beginner,Design,3,completed
U370,Data Visualization,Figma,Beginner,Analytics,3,completed
U231,UI/UX Design,Java,Intermediate,Design,4,request
U746,React,Java,Intermediate,Programming,4,request
U525,Data Analysis,Excel,Intermediate,Analytics,3,request
U66,SQL,Python,Beginner,Database,4,request
U297,Spring Boot,Deep Learning,Intermediate,Programming,5,completed
U743,SQL,Figma,Advanced,Database,3,completed
U23,UI/UX Design,Python,Beginner,Design,4,view
U75,UI/UX Design,JavaScript,Advanced,Design,3,request
U147,Data Visualization,SQL,Beginner,Analytics,3,request
U635,Data Analysis,Figma,Advanced,Analytics,5,completed
U492,React,Data Analysis,Beginner,Programming,3,completed
U978,Java,Spring Boot,Beginner,Programming,3,request
U246,Spring Boot,Figma,Advanced,Programming,3,request
U73,Deep Learning,SQL,Intermediate,AI,3,completed
U340,Python,Machine Learning,Beginner,Programming,3,completed
U445,JavaScript,Python,Beginner,Programming,4,completed
U313,Java,Node.js,Intermediate,Programming,5,completed
U178,JavaScript,Node.js,Beginner,Programming,5,view
U638,Machine Learning,Power BI,Beginner,AI,4,view
U919,React,Data Analysis,Intermediate,Programming,5,completed
U522,SQL,Spring Boot,Advanced,Database,5,completed
U674,Figma,Java,Intermediate,Design,3,view
U368,Data Visualization,React,Advanced,Analytics,3,request
U453,Deep Learning,Python,Intermediate,AI,5,completed
U183,React,JavaScript,Beginner,Programming,5,request
U212,Power BI,Java,Beginner,Analytics,3,view
U893,Figma,Machine Learning,Advanced,Design,5,completed
U545,Spring Boot,Data Visualization,Beginner,Programming,3,completed
U815,SQL,Data Visualization,Advanced,Database,3,request
U763,SQL,Machine Learning,Intermediate,Database,5,completed
U182,Data Visualization,UI/UX Design,Intermediate,Analytics,4,completed
U744,Deep Learning,Spring Boot,Advanced,AI,4,completed
U507,Figma,Excel,Intermediate,Design,4,view
U428,Node.js,Spring Boot,Intermediate,Programming,4,view
U562,Python,Power BI,Beginner,Programming,5,view
U770,SQL,UI/UX Design,Advanced,Database,3,completed
U804,Python,Deep Learning,Intermediate,Programming,3,view
U99,Excel,Java,Beginner,Analytics,5,completed
U583,Power BI,Data Visualization,Beginner,Analytics,5,request
U955,Power BI,Data Visualization,Advanced,Analytics,4,view
U373,Deep Learning,Excel,Intermediate,AI,5,request
U961,Java,Spring Boot,Beginner,Programming,3,view
U95,Spring Boot,SQL,Intermediate,Programming,4,request
U434,Data Analysis,Python,Beginner,Analytics,5,view
U190,Deep Learning,React,Intermediate,AI,5,view
U590,Python,SQL,Intermediate,Programming,4,completed
U417,UI/UX Design,Spring Boot,Intermediate,Design,5,request
U932,Spring Boot,Power BI,Beginner,Programming,4,request
U403,Machine Learning,Power BI,Beginner,AI,5,completed
U67,Deep Learning,Data Analysis,Beginner,AI,4,completed
U845,SQL,Python,Advanced,Database,3,completed
U903,React,Data Analysis,Advanced,Programming,4,completed
U597,Figma,Machine Learning,Beginner,Design,5,completed
U234,Spring Boot,Python,Intermediate,Programming,5,completed
U798,React,Java,Beginner,Programming,5,completed
U689,SQL,Excel,Beginner,Database,3,completed
U223,UI/UX Design,SQL,Advanced,Design,5,completed
U124,Excel,Deep Learning,Intermediate,Analytics,5,completed
U583,JavaScript,Excel,Advanced,Programming,4,completed
U195,Power BI,Excel,Beginner,Analytics,4,completed
U233,Node.js,Data Visualization,Intermediate,Programming,5,completed
U47,React,Excel,Beginner,Programming,4,completed
U697,JavaScript,Spring Boot,Advanced,Programming,5,completed
U427,Spring Boot,UI/UX Design,Beginner,Programming,5,completed
U95,Figma,Excel,Intermediate,Design,5,request
U591,JavaScript,SQL,Advanced,Programming,3,view
U228,Python,Data Analysis,Beginner,Programming,4,view
U478,UI/UX Design,Deep Learning,Intermediate,Design,5,completed
U118,Machine Learning,Data Analysis,Intermediate,AI,5,request
U178,Python,JavaScript,Advanced,Programming,3,view
U646,Java,SQL,Advanced,Programming,3,completed
U61,Java,React,Intermediate,Programming,4,request
U104,Machine Learning,Power BI,Intermediate,AI,3,completed
U515,Data Visualization,Excel,Intermediate,Analytics,5,request
U347,Data Analysis,Machine Learning,Beginner,Analytics,4,completed
U104,Spring Boot,Figma,Advanced,Programming,4,request
U513,Node.js,UI/UX Design,Intermediate,Programming,5,request
U165,Java,Deep Learning,Intermediate,Programming,3,request
U127,Deep Learning,UI/UX Design,Beginner,AI,4,request
U479,Data Visualization,UI/UX Design,Beginner,Analytics,4,request
U984,Deep Learning,Java,Beginner,AI,3,view
U164,Python,Deep Learning,Advanced,Programming,5,completed
U150,Data Analysis,Python,Beginner,Analytics,5,completed
U21,Excel,Spring Boot,Advanced,Analytics,3,request
U656,React,JavaScript,Beginner,Programming,4,completed
U996,Machine Learning,Python,Advanced,AI,4,view
U209,Python,Figma,Intermediate,Programming,5,request
U414,JavaScript,Data Analysis,Intermediate,Programming,3,request
U619,Node.js,Excel,Beginner,Programming,3,completed
U739,Node.js,Spring Boot,Beginner,Programming,4,request
U856,Machine Learning,Spring Boot,Beginner,AI,4,view
U573,Figma,Power BI,Advanced,Design,5,completed
U514,Data Analysis,Python,Intermediate,Analytics,3,view
U530,React,Machine Learning,Intermediate,Programming,3,completed
U685,Java,UI/UX Design,Intermediate,Programming,4,completed
U275,Node.js,SQL,Beginner,Programming,5,completed
U618,Machine Learning,SQL,Intermediate,AI,3,completed
U739,Power BI,UI/UX Design,Beginner,Analytics,3,completed
U478,Data Visualization,Spring Boot,Beginner,Analytics,5,request
U883,Python,Data Analysis,Advanced,Programming,4,view
U528,JavaScript,Data Analysis,Intermediate,Programming,3,request
U441,Java,Deep Learning,Advanced,Programming,5,completed
U960,Spring Boot,Machine Learning,Advanced,Programming,3,completed
U68,Data Analysis,Node.js,Beginner,Analytics,5,request
U413,Python,JavaScript,Advanced,Programming,3,view
U730,Excel,Data Analysis,Beginner,Analytics,3,request
U160,Excel,Spring Boot,Advanced,Analytics,3,completed
U968,UI/UX Design,Spring Boot,Intermediate,Design,4,request
U578,Java,UI/UX Design,Advanced,Programming,4,completed
U566,SQL,Excel,Intermediate,Database,4,completed
U939,Data Analysis,Java,Advanced,Analytics,3,completed
U700,Data Visualization,Python,Intermediate,Analytics,5,completed
U726,Figma,Node.js,Advanced,Design,5,completed
U389,Figma,Power BI,Intermediate,Design,5,completed
U856,UI/UX Design,Spring Boot,Advanced,Design,5,request
U614,Excel,JavaScript,Intermediate,Analytics,3,view
U335,React,Node.js,Beginner,Programming,4,request
U442,JavaScript,Data Visualization,Intermediate,Programming,5,completed
U788,Figma,Power BI,Intermediate,Design,3,request
U248,Python,Figma,Advanced,Programming,3,request
U307,Excel,UI/UX Design,Advanced,Analytics,5,request
U609,JavaScript,Data Visualization,Advanced,Programming,4,completed
U378,SQL,React,Advanced,Database,3,completed
U36,Data Visualization,Excel,Intermediate,Analytics,4,completed
U411,UI/UX Design,Python,Advanced,Design,3,completed
U817,SQL,React,Advanced,Database,4,completed
U958,Excel,JavaScript,Intermediate,Analytics,5,request
U378,Excel,Data Analysis,Advanced,Analytics,4,completed
U316,Python,Java,Advanced,Programming,5,view
U812,JavaScript,Spring Boot,Intermediate,Programming,5,request
U20,Data Analysis,JavaScript,Intermediate,Analytics,3,request
U148,UI/UX Design,Python,Beginner,Design,5,completed
U543,React,Data Analysis,Advanced,Programming,4,completed
U464,Data Analysis,Deep Learning,Beginner,Analytics,4,completed
U501,SQL,Deep Learning,Beginner,Database,3,completed
U956,Spring Boot,JavaScript,Advanced,Programming,3,completed
U787,React,Data Analysis,Advanced,Programming,3,completed
U968,Figma,React,Intermediate,Design,5,request
U533,Spring Boot,Data Analysis,Intermediate,Programming,4,completed
U144,Spring Boot,Power BI,Beginner,Programming,5,request
U676,JavaScript,Python,Beginner,Programming,3,completed
U290,SQL,Spring Boot,Intermediate,Database,3,completed
U948,React,UI/UX Design,Advanced,Programming,4,request
U400,Machine Learning,Node.js,Advanced,AI,3,request
U233,Deep Learning,Machine Learning,Intermediate,AI,5,request
U924,Excel,React,Beginner,Analytics,5,request
U400,Java,Excel,Advanced,Programming,4,request
U362,Data Analysis,React,Beginner,Analytics,4,completed
U108,JavaScript,Data Visualization,Intermediate,Programming,3,completed
U176,Data Visualization,React,Intermediate,Analytics,4,request
U908,Java,JavaScript,Intermediate,Programming,4,completed
U588,Power BI,UI/UX Design,Intermediate,Analytics,5,completed
U611,Figma,Node.js,Intermediate,Design,4,request
U562,Deep Learning,JavaScript,Intermediate,AI,4,completed
U838,React,UI/UX Design,Beginner,Programming,3,completed
U670,Java,React,Beginner,Programming,4,view
U872,Java,SQL,Beginner,Programming,4,view
U984,Power BI,Node.js,Beginner,Analytics,5,completed
U816,React,Power BI,Beginner,Programming,5,completed
U187,Machine Learning,Excel,Intermediate,AI,5,completed
U48,Machine Learning,React,Beginner,AI,3,view
U330,Spring Boot,Java,Beginner,Programming,3,completed
U334,Deep Learning,Excel,Beginner,AI,3,completed
U687,Power BI,Data Visualization,Beginner,Analytics,4,request
U290,Machine Learning,SQL,Beginner,AI,3,view
U95,Machine Learning,Spring Boot,Beginner,AI,5,completed
U268,Machine Learning,Deep Learning,Intermediate,AI,3,completed
U569,Java,Excel,Beginner,Programming,3,completed
U76,Spring Boot,UI/UX Design,Advanced,Programming,4,completed
U613,SQL,Power BI,Intermediate,Database,5,completed
U546,Excel,SQL,Advanced,Analytics,5,request
U366,UI/UX Design,Figma,Beginner,Design,3,completed
U729,UI/UX Design,Machine Learning,Beginner,Design,4,request
U480,Machine Learning,Spring Boot,Advanced,AI,3,completed
U162,Spring Boot,Python,Beginner,Programming,5,completed
U365,Power BI,Deep Learning,Intermediate,Analytics,4,request
U878,Excel,Figma,Beginner,Analytics,3,request
U154,SQL,Data Visualization,Beginner,Database,4,completed
U666,React,Spring Boot,Advanced,Programming,5,view
U857,Python,Data Analysis,Beginner,Programming,4,view
U850,Excel,SQL,Advanced,Analytics,5,completed
U126,Data Analysis,Data Visualization,Intermediate,Analytics,5,view
U804,Excel,Spring Boot,Beginner,Analytics,5,view
U242,Deep Learning,Figma,Advanced,AI,3,view
U920,JavaScript,UI/UX Design,Advanced,Programming,4,completed
U101,Data Visualization,Java,Advanced,Analytics,4,completed
U286,Power BI,Figma,Beginner,Analytics,3,completed
U793,UI/UX Design,Java,Advanced,Design,5,completed
U377,Deep Learning,Spring Boot,Intermediate,AI,3,completed
U843,JavaScript,Node.js,Intermediate,Programming,3,completed
U930,SQL,Power BI,Beginner,Database,4,completed
U71,Power BI,React,Intermediate,Analytics,5,request
U153,Node.js,Deep Learning,Intermediate,Programming,3,completed
U434,JavaScript,UI/UX Design,Beginner,Programming,3,completed
U311,Spring Boot,Power BI,Advanced,Programming,3,request
U745,Spring Boot,Figma,Beginner,Programming,3,view
U344,Data Visualization,SQL,Intermediate,Analytics,4,request
U292,Excel,Machine Learning,Advanced,Analytics,5,completed
U553,React,Figma,Intermediate,Programming,4,request
U501,Machine Learning,JavaScript,Advanced,AI,5,view
U717,Deep Learning,UI/UX Design,Intermediate,AI,3,view
U476,Excel,Python,Beginner,Analytics,3,completed
U644,Data Visualization,UI/UX Design,Beginner,Analytics,5,request
U73,JavaScript,Figma,Intermediate,Programming,3,completed
U344,Excel,Power BI,Intermediate,Analytics,3,request
U504,Python,Figma,Advanced,Programming,5,completed
U868,Data Analysis,UI/UX Design,Advanced,Analytics,3,completed
U832,Java,JavaScript,Beginner,Programming,5,request
U441,SQL,Machine Learning,Beginner,Database,4,completed
U932,Machine Learning,Python,Advanced,AI,3,completed
U543,Node.js,Figma,Advanced,Programming,4,completed
U246,Excel,UI/UX Design,Intermediate,Analytics,3,completed
U501,Deep Learning,UI/UX Design,Beginner,AI,5,completed
U552,React,SQL,Intermediate,Programming,5,view
U71,Figma,JavaScript,Beginner,Design,4,request
U587,Python,SQL,Beginner,Programming,5,request
U452,Data Analysis,JavaScript,Beginner,Analytics,4,view
U51,Data Analysis,Python,Beginner,Analytics,4,completed
U995,Machine Learning,SQL,Advanced,AI,5,request
U294,Figma,React,Advanced,Design,4,request
U555,Python,Figma,Advanced,Programming,3,completed
U542,UI/UX Design,Spring Boot,Advanced,Design,4,completed
U993,Java,Deep Learning,Advanced,Programming,3,view
U883,React,Power BI,Advanced,Programming,5,view
U892,Deep Learning,React,Advanced,AI,3,completed
U186,Power BI,Excel,Beginner,Analytics,4,request
U281,Deep Learning,Spring Boot,Advanced,AI,5,completed
U703,UI/UX Design,Deep Learning,Intermediate,Design,3,completed
U444,Spring Boot,Power BI,Advanced,Programming,5,request
U90,React,Power BI,Beginner,Programming,5,view
U902,Data Analysis,JavaScript,Intermediate,Analytics,3,completed
U51,Java,Deep Learning,Intermediate,Programming,4,view
U966,SQL,Java,Intermediate,Database,4,completed
U500,UI/UX Design,React,Advanced,Design,5,request
U490,Deep Learning,Data Visualization,Beginner,AI,3,completed
U404,Deep Learning,Power BI,Intermediate,AI,5,request
U434,SQL,Excel,Beginner,Database,3,completed
U733,Machine Learning,Python,Intermediate,AI,5,completed
U897,Python,Deep Learning,Advanced,Programming,5,view
U355,Data Analysis,Power BI,Beginner,Analytics,3,request
U822,JavaScript,Python,Intermediate,Programming,5,completed
U509,Machine Learning,Data Visualization,Advanced,AI,3,request
U187,Spring Boot,JavaScript,Beginner,Programming,4,request
U259,Data Analysis,Python,Advanced,Analytics,4,view
U485,Figma,UI/UX Design,Intermediate,Design,3,completed
U705,React,Excel,Beginner,Programming,4,completed
U870,Data Analysis,Power BI,Beginner,Analytics,4,view
U528,Power BI,Java,Beginner,Analytics,4,view
U989,Data Visualization,React,Advanced,Analytics,4,request
U430,SQL,UI/UX Design,Intermediate,Database,5,request
U160,Figma,Spring Boot,Intermediate,Design,3,request
U501,SQL,JavaScript,Intermediate,Database,3,completed
U153,Data Analysis,React,Intermediate,Analytics,5,completed
U499,SQL,Spring Boot,Intermediate,Database,5,completed
U101,Figma,Excel,Intermediate,Design,3,completed
U330,Python,Data Analysis,Beginner,Programming,3,completed
U86,Excel,UI/UX Design,Advanced,Analytics,4,request
U497,Python,React,Beginner,Programming,4,request
U760,Data Visualization,Java,Intermediate,Analytics,3,completed
U267,Python,Data Visualization,Beginner,Programming,5,completed
U17,Machine Learning,Node.js,Beginner,AI,5,completed
U627,JavaScript,Node.js,Advanced,Programming,5,view
U481,Data Analysis,Data Visualization,Beginner,Analytics,5,view
U430,SQL,UI/UX Design,Intermediate,Database,5,completed
U478,Python,Figma,Intermediate,Programming,3,completed
U11,Java,Machine Learning,Beginner,Programming,3,completed
U824,Python,JavaScript,Beginner,Programming,4,request
U888,Python,Node.js,Intermediate,Programming,3,completed
U758,SQL,UI/UX Design,Beginner,Database,3,view
U254,Java,Figma,Beginner,Programming,3,completed
U968,React,JavaScript,Intermediate,Programming,4,request
U459,Node.js,UI/UX Design,Advanced,Programming,4,completed
U538,Spring Boot,Excel,Intermediate,Programming,5,request
U270,Spring Boot,Data Analysis,Advanced,Programming,4,completed
U438,Data Analysis,Machine Learning,Intermediate,Analytics,4,view
U512,Data Visualization,React,Intermediate,Analytics,4,request
U558,Excel,React,Advanced,Analytics,4,request
U722,Spring Boot,Deep Learning,Advanced,Programming,3,view
U617,Data Visualization,Java,Intermediate,Analytics,3,completed
U477,Power BI,Java,Beginner,Analytics,4,completed
U423,Node.js,React,Intermediate,Programming,5,completed
U950,JavaScript,Deep Learning,Beginner,Programming,5,request
U853,UI/UX Design,React,Beginner,Design,3,completed
U541,UI/UX Design,Data Visualization,Beginner,Design,3,completed
U655,JavaScript,Java,Advanced,Programming,5,completed
U800,JavaScript,Python,Beginner,Programming,5,completed
U218,Deep Learning,React,Beginner,AI,5,completed
U545,Python,Node.js,Advanced,Programming,4,view
U870,Data Analysis,Deep Learning,Advanced,Analytics,5,completed
U326,React,Excel,Intermediate,Programming,4,view
U965,Data Visualization,JavaScript,Intermediate,Analytics,4,completed
U166,UI/UX Design,JavaScript,Intermediate,Design,3,request
U391,Figma,Spring Boot,Intermediate,Design,3,completed
U353,Node.js,JavaScript,Beginner,Programming,5,request
U784,React,Figma,Advanced,Programming,3,view
U670,React,Machine Learning,Intermediate,Programming,5,request
U524,Deep Learning,Figma,Advanced,AI,3,completed
U556,UI/UX Design,Data Visualization,Beginner,Design,5,completed
U735,Node.js,Data Analysis,Intermediate,Programming,4,completed
U11,UI/UX Design,Power BI,Beginner,Design,4,request
U530,Figma,Deep Learning,Intermediate,Design,4,view
U912,Deep Learning,Power BI,Advanced,AI,3,completed
U981,Deep Learning,Excel,Advanced,AI,3,completed
U322,Figma,Python,Advanced,Design,5,completed
U755,SQL,Node.js,Advanced,Database,4,completed
U742,UI/UX Design,Python,Advanced,Design,3,completed
U292,Java,Spring Boot,Advanced,Programming,4,completed
U190,Python,Power BI,Beginner,Programming,3,request
U393,Deep Learning,Figma,Beginner,AI,5,completed
U854,Figma,Excel,Intermediate,Design,3,request
U976,SQL,Machine Learning,Beginner,Database,5,completed
U401,Node.js,JavaScript,Advanced,Programming,4,completed
U119,Node.js,JavaScript,Advanced,Programming,4,completed
U247,Python,SQL,Intermediate,Programming,5,view
U595,Machine Learning,UI/UX Design,Beginner,AI,3,request
U11,Excel,React,Advanced,Analytics,5,completed
U986,Data Analysis,Excel,Advanced,Analytics,4,completed
U737,React,Figma,Intermediate,Programming,5,view
U727,Deep Learning,UI/UX Design,Advanced,AI,3,request
U968,Data Visualization,Power BI,Intermediate,Analytics,5,completed
U635,Node.js,JavaScript,Advanced,Programming,5,completed
U148,React,Data Visualization,Beginner,Programming,5,request
U335,UI/UX Design,React,Intermediate,Design,5,request
U320,SQL,Power BI,Beginner,Database,5,view
U315,Data Analysis,JavaScript,Advanced,Analytics,5,request
U413,Power BI,React,Advanced,Analytics,5,view
U274,Excel,Java,Beginner,Analytics,4,completed
U570,Python,Spring Boot,Advanced,Programming,3,view
U808,JavaScript,Data Visualization,Intermediate,Programming,5,request
U734,Excel,Node.js,Beginner,Analytics,5,view
U176,Node.js,Deep Learning,Intermediate,Programming,4,completed
U88,Node.js,Data Visualization,Intermediate,Programming,5,completed
U557,Python,Node.js,Beginner,Programming,5,completed
U734,Spring Boot,Node.js,Advanced,Programming,4,completed
U548,Python,JavaScript,Intermediate,Programming,4,completed
U554,React,Power BI,Intermediate,Programming,4,completed
U419,SQL,Figma,Intermediate,Database,4,request
U660,JavaScript,Figma,Advanced,Programming,5,view
U760,Excel,Machine Learning,Intermediate,Analytics,3,completed
U781,Node.js,Data Analysis,Advanced,Programming,4,completed
U541,Power BI,React,Advanced,Analytics,3,completed
U660,Java,Excel,Beginner,Programming,5,request
U442,Spring Boot,Python,Advanced,Programming,5,request
U655,Excel,Figma,Intermediate,Analytics,5,completed
U35,UI/UX Design,Node.js,Beginner,Design,3,completed
U568,Machine Learning,Deep Learning,Advanced,AI,5,completed
U538,Excel,JavaScript,Advanced,Analytics,3,completed
U36,JavaScript,Java,Advanced,Programming,5,request
U48,Data Analysis,JavaScript,Intermediate,Analytics,5,completed
U517,Deep Learning,Excel,Beginner,AI,4,completed
U493,Java,React,Intermediate,Programming,4,view
U89,Power BI,Excel,Beginner,Analytics,5,completed
U276,Deep Learning,Data Visualization,Intermediate,AI,3,view
U81,JavaScript,Java,Advanced,Programming,3,request
U290,Power BI,Machine Learning,Advanced,Analytics,5,request
U884,Excel,SQL,Intermediate,Analytics,4,completed
U546,Data Analysis,Data Visualization,Beginner,Analytics,3,view
U78,Excel,Data Visualization,Intermediate,Analytics,5,view
U548,Power BI,React,Advanced,Analytics,4,completed
U368,Power BI,Spring Boot,Beginner,Analytics,3,view
U578,Power BI,SQL,Beginner,Analytics,5,completed
U194,Machine Learning,UI/UX Design,Intermediate,AI,3,completed
U341,Data Analysis,Node.js,Advanced,Analytics,5,request
U449,Java,Data Visualization,Advanced,Programming,5,completed
U12,React,Python,Beginner,Programming,4,completed
U158,Figma,Data Visualization,Advanced,Design,3,view
U367,Figma,SQL,Intermediate,Design,5,completed
U76,React,Spring Boot,Intermediate,Programming,3,completed
U949,Node.js,Java,Beginner,Programming,5,view
U805,Excel,Machine Learning,Intermediate,Analytics,3,request
U97,Power BI,Excel,Intermediate,Analytics,4,view
U556,JavaScript,Figma,Advanced,Programming,4,view
U382,Python,JavaScript,Advanced,Programming,4,completed
U767,Python,Node.js,Beginner,Programming,3,completed
U989,Figma,Data Analysis,Advanced,Design,5,completed
U759,SQL,Python,Advanced,Database,3,view
U634,Spring Boot,Java,Beginner,Programming,3,request
U129,Machine Learning,Java,Beginner,AI,4,completed
U774,Data Visualization,React,Advanced,Analytics,5,completed
U293,UI/UX Design,Machine Learning,Intermediate,Design,3,completed
U874,Java,Deep Learning,Beginner,Programming,3,view
U705,Spring Boot,React,Beginner,Programming,4,completed
U551,Java,Deep Learning,Advanced,Programming,5,request
U489,Power BI,JavaScript,Intermediate,Analytics,5,request
U867,Deep Learning,Python,Advanced,AI,4,completed
U279,JavaScript,Spring Boot,Beginner,Programming,5,request
U531,UI/UX Design,JavaScript,Advanced,Design,5,completed
U409,Data Analysis,Java,Intermediate,Analytics,4,request
U999,Spring Boot,SQL,Beginner,Programming,3,completed
U726,React,Java,Advanced,Programming,3,view
U670,Spring Boot,Figma,Advanced,Programming,3,view
U813,React,Data Visualization,Beginner,Programming,3,completed
U866,Machine Learning,Java,Beginner,AI,5,request
U878,Excel,Node.js,Intermediate,Analytics,4,completed
U735,Java,Data Analysis,Advanced,Programming,5,completed
U163,Java,Deep Learning,Advanced,Programming,5,completed
U911,Spring Boot,Deep Learning,Advanced,Programming,5,completed
U977,Data Analysis,Deep Learning,Advanced,Analytics,4,view
U700,Excel,Deep Learning,Beginner,Analytics,3,completed
U685,UI/UX Design,Java,Advanced,Design,4,view
U520,Machine Learning,Power BI,Intermediate,AI,4,view
U23,Data Analysis,React,Beginner,Analytics,5,request
U486,Deep Learning,Python,Beginner,AI,3,completed
U254,Java,Data Analysis,Intermediate,Programming,3,request
U812,Figma,Java,Advanced,Design,3,view
U568,Power BI,JavaScript,Intermediate,Analytics,3,request
U446,React,Node.js,Beginner,Programming,3,request
U539,Data Analysis,React,Advanced,Analytics,5,request
U814,Power BI,Deep Learning,Advanced,Analytics,5,request
U26,Data Analysis,UI/UX Design,Beginner,Analytics,4,view
U286,Figma,Power BI,Intermediate,Design,4,view
U349,Spring Boot,JavaScript,Beginner,Programming,5,view
U888,Excel,Data Analysis,Intermediate,Analytics,4,completed
U929,Deep Learning,Python,Advanced,AI,3,completed
U362,JavaScript,Data Analysis,Intermediate,Programming,4,completed
U352,Java,Python,Intermediate,Programming,4,view
U415,Data Visualization,Figma,Intermediate,Analytics,5,completed
U712,Python,JavaScript,Advanced,Programming,5,view
U62,Machine Learning,Spring Boot,Intermediate,AI,5,completed
U166,Spring Boot,Data Visualization,Beginner,Programming,3,view
U967,Excel,React,Beginner,Analytics,5,completed
U687,Spring Boot,Data Visualization,Intermediate,Programming,4,completed
U652,Python,UI/UX Design,Beginner,Programming,4,request
U521,Data Visualization,Power BI,Beginner,Analytics,3,request
U863,Node.js,Python,Intermediate,Programming,5,completed
U701,Data Analysis,Node.js,Intermediate,Analytics,4,request
U808,React,Power BI,Intermediate,Programming,4,completed
U994,UI/UX Design,React,Advanced,Design,5,view
U424,SQL,Data Visualization,Beginner,Database,3,request
U236,JavaScript,SQL,Intermediate,Programming,5,completed
U661,Data Visualization,React,Beginner,Analytics,4,completed
U832,Java,JavaScript,Advanced,Programming,4,request
U307,Excel,Node.js,Beginner,Analytics,5,completed
U179,Node.js,Data Analysis,Beginner,Programming,4,completed
U492,SQL,Deep Learning,Intermediate,Database,5,request
U433,Data Visualization,Machine Learning,Advanced,Analytics,5,completed
U128,Java,React,Advanced,Programming,5,completed
U906,JavaScript,Excel,Beginner,Programming,4,completed
U841,Excel,Machine Learning,Advanced,Analytics,3,request
U418,Data Analysis,Power BI,Intermediate,Analytics,5,completed
U304,Java,UI/UX Design,Intermediate,Programming,3,view
U377,Java,SQL,Beginner,Programming,5,request
U219,Java,UI/UX Design,Intermediate,Programming,5,view
U974,Node.js,Excel,Advanced,Programming,3,completed
U62,Data Analysis,Figma,Advanced,Analytics,5,request
U250,Power BI,Python,Beginner,Analytics,3,request
U907,Data Analysis,Node.js,Intermediate,Analytics,3,completed
U822,Power BI,JavaScript,Advanced,Analytics,4,completed
U749,Spring Boot,Excel,Beginner,Programming,5,completed
U494,Machine Learning,Spring Boot,Advanced,AI,4,completed
U953,Figma,Python,Beginner,Design,4,request
U27,JavaScript,SQL,Intermediate,Programming,5,view
U147,Figma,Power BI,Intermediate,Design,4,view
U451,SQL,Excel,Advanced,Database,3,request
U163,Java,Machine Learning,Beginner,Programming,4,view
U225,Machine Learning,UI/UX Design,Intermediate,AI,4,completed
U129,Machine Learning,Data Visualization,Intermediate,AI,3,completed
U289,Python,UI/UX Design,Intermediate,Programming,4,request
U923,React,JavaScript,Intermediate,Programming,5,view
U699,Python,Excel,Intermediate,Programming,5,completed
U287,JavaScript,Excel,Beginner,Programming,4,request
U790,Power BI,React,Advanced,Analytics,5,request
U683,Figma,UI/UX Design,Advanced,Design,3,request
U344,Python,Data Analysis,Beginner,Programming,5,view
U346,Data Analysis,Power BI,Intermediate,Analytics,4,completed
U692,Data Visualization,Deep Learning,Advanced,Analytics,4,request
U769,Python,Deep Learning,Beginner,Programming,5,view
U652,Java,UI/UX Design,Advanced,Programming,5,view
U498,Data Visualization,UI/UX Design,Beginner,Analytics,3,completed
U539,React,Machine Learning,Advanced,Programming,5,completed
U141,Power BI,UI/UX Design,Intermediate,Analytics,5,completed
U809,Java,Deep Learning,Beginner,Programming,4,completed
U283,Data Visualization,Figma,Intermediate,Analytics,5,view
U256,Java,Data Analysis,Intermediate,Programming,3,completed
U786,Python,Excel,Beginner,Programming,4,completed
U302,Power BI,Python,Intermediate,Analytics,5,view
U501,React,JavaScript,Beginner,Programming,3,view
U415,UI/UX Design,Machine Learning,Beginner,Design,3,completed
U576,Java,Excel,Beginner,Programming,3,completed
U248,Java,Machine Learning,Advanced,Programming,3,completed
U833,Spring Boot,Node.js,Advanced,Programming,4,view
U58,React,JavaScript,Advanced,Programming,4,completed
U372,Power BI,Machine Learning,Beginner,Analytics,5,view
U419,React,Machine Learning,Advanced,Programming,5,completed
U674,Spring Boot,Data Analysis,Intermediate,Programming,3,completed
U547,Figma,React,Intermediate,Design,4,completed
U564,Java,Excel,Intermediate,Programming,5,completed
U227,Data Analysis,Deep Learning,Intermediate,Analytics,3,view
U964,Figma,Power BI,Advanced,Design,5,request
U650,SQL,Data Visualization,Advanced,Database,3,view
U532,Java,Machine Learning,Advanced,Programming,5,request
U313,Machine Learning,Figma,Advanced,AI,5,request
U865,Deep Learning,SQL,Advanced,AI,3,request
U388,Machine Learning,Java,Advanced,AI,3,request
U408,Data Analysis,React,Beginner,Analytics,5,completed
U941,Data Analysis,Excel,Beginner,Analytics,3,completed
U826,Java,Data Analysis,Beginner,Programming,5,request
U504,Python,Java,Intermediate,Programming,4,view
U177,Power BI,Data Analysis,Advanced,Analytics,3,view
U376,SQL,Power BI,Beginner,Database,4,request
U124,Python,Deep Learning,Intermediate,Programming,5,completed
U565,Data Visualization,React,Advanced,Analytics,3,request
U360,Node.js,Machine Learning,Intermediate,Programming,5,completed
U425,Deep Learning,Figma,Advanced,AI,4,request
U629,Figma,Deep Learning,Beginner,Design,3,view
U702,Data Analysis,Data Visualization,Intermediate,Analytics,3,request
U154,Machine Learning,React,Advanced,AI,4,completed
U493,Deep Learning,Spring Boot,Advanced,AI,5,completed
U429,Node.js,Figma,Advanced,Programming,5,completed
U145,Spring Boot,UI/UX Design,Advanced,Programming,5,completed
U114,Node.js,JavaScript,Beginner,Programming,3,completed
U141,Machine Learning,Power BI,Intermediate,AI,4,completed
U352,Machine Learning,Excel,Advanced,AI,4,completed
U929,Python,Figma,Advanced,Programming,5,view
U678,Python,Data Analysis,Intermediate,Programming,4,request
U947,SQL,JavaScript,Advanced,Database,5,request
U367,Power BI,Data Visualization,Intermediate,Analytics,4,request
U632,Data Visualization,Figma,Beginner,Analytics,5,completed
U830,UI/UX Design,Python,Advanced,Design,3,completed
U940,Power BI,Machine Learning,Intermediate,Analytics,5,completed
U917,React,Node.js,Intermediate,Programming,3,completed
U849,Spring Boot,Python,Advanced,Programming,4,view
U4,Data Visualization,Node.js,Intermediate,Analytics,3,view
U801,Excel,Python,Advanced,Analytics,3,view
U206,Python,Deep Learning,Advanced,Programming,5,completed
U645,React,Data Analysis,Intermediate,Programming,4,completed
U275,Java,Data Visualization,Advanced,Programming,3,completed
U202,Data Visualization,Deep Learning,Intermediate,Analytics,5,request
U483,Spring Boot,Machine Learning,Beginner,Programming,3,request
U883,SQL,JavaScript,Advanced,Database,4,view
U187,JavaScript,Node.js,Intermediate,Programming,5,completed
U386,Power BI,Data Analysis,Advanced,Analytics,5,completed
U309,Machine Learning,SQL,Advanced,AI,5,completed
U626,Data Visualization,Excel,Beginner,Analytics,4,request
U656,Data Analysis,Machine Learning,Intermediate,Analytics,4,request
U201,Spring Boot,Data Analysis,Intermediate,Programming,3,request
U662,Node.js,Data Visualization,Advanced,Programming,4,completed
U958,Python,React,Advanced,Programming,3,view
U385,Deep Learning,Figma,Advanced,AI,3,request
U511,JavaScript,Figma,Advanced,Programming,5,view
U113,JavaScript,UI/UX Design,Advanced,Programming,4,request
U152,UI/UX Design,Spring Boot,Advanced,Design,3,request
U267,UI/UX Design,JavaScript,Intermediate,Design,3,view
U329,Power BI,JavaScript,Beginner,Analytics,3,request
U176,Data Analysis,Python,Intermediate,Analytics,3,request
U203,Spring Boot,Java,Intermediate,Programming,5,view
U223,React,UI/UX Design,Intermediate,Programming,5,request
U616,JavaScript,React,Intermediate,Programming,5,request
U943,React,Data Analysis,Advanced,Programming,4,completed
U487,UI/UX Design,Data Visualization,Beginner,Design,4,request
U238,Figma,Java,Beginner,Design,4,view
U107,Python,Power BI,Beginner,Programming,3,view
U359,Node.js,SQL,Advanced,Programming,4,request
U464,Node.js,React,Beginner,Programming,5,completed
U484,Python,Data Visualization,Intermediate,Programming,3,view
U828,Node.js,SQL,Advanced,Programming,4,completed
U871,Python,Spring Boot,Beginner,Programming,4,request
U355,Spring Boot,Figma,Advanced,Programming,5,request
U460,JavaScript,Power BI,Intermediate,Programming,4,completed
U638,Java,Spring Boot,Beginner,Programming,5,view
U787,Figma,Excel,Beginner,Design,4,completed
U224,Figma,Python,Advanced,Design,4,completed
U930,Spring Boot,Deep Learning,Advanced,Programming,4,request
U673,Deep Learning,Data Visualization,Advanced,AI,5,completed
U373,Machine Learning,React,Beginner,AI,4,completed
U873,Figma,Data Analysis,Beginner,Design,4,completed
U427,Deep Learning,Excel,Beginner,AI,3,completed
U41,UI/UX Design,Machine Learning,Intermediate,Design,4,completed
U693,React,Java,Beginner,Programming,5,view
U330,Power BI,Node.js,Advanced,Analytics,5,request
U787,Data Analysis,Power BI,Beginner,Analytics,3,request
U617,Data Visualization,Figma,Advanced,Analytics,4,completed
U233,Node.js,Spring Boot,Advanced,Programming,5,request
U268,UI/UX Design,SQL,Intermediate,Design,3,request
U844,SQL,Power BI,Advanced,Database,5,view
U275,Machine Learning,Deep Learning,Intermediate,AI,5,completed
U895,SQL,Data Analysis,Intermediate,Database,5,completed
U442,Node.js,Figma,Intermediate,Programming,5,completed
U591,UI/UX Design,Deep Learning,Beginner,Design,4,completed
U861,Data Visualization,Figma,Beginner,Analytics,4,completed
U515,Deep Learning,Figma,Advanced,AI,5,completed
U793,Node.js,Spring Boot,Intermediate,Programming,5,request
U242,Data Analysis,Java,Advanced,Analytics,3,completed
U329,Excel,SQL,Intermediate,Analytics,4,completed
U470,Deep Learning,React,Beginner,AI,3,completed
U963,Power BI,Java,Advanced,Analytics,5,completed
U993,Data Analysis,Power BI,Intermediate,Analytics,5,view
U332,Python,Node.js,Beginner,Programming,3,request
U677,React,Data Analysis,Intermediate,Programming,5,completed
U836,JavaScript,Excel,Beginner,Programming,4,completed
U879,Deep Learning,Power BI,Advanced,AI,5,request
U63,Data Analysis,Spring Boot,Advanced,Analytics,3,completed
U832,React,Java,Intermediate,Programming,3,request
U341,Java,Node.js,Beginner,Programming,5,request
U803,Power BI,Excel,Advanced,Analytics,5,view
U109,Data Visualization,Machine Learning,Advanced,Analytics,5,completed
U672,React,Deep Learning,Beginner,Programming,4,completed
U590,Spring Boot,Data Analysis,Beginner,Programming,5,completed
U628,React,SQL,Intermediate,Programming,4,completed
U674,Figma,Excel,Intermediate,Design,4,request
U258,JavaScript,Figma,Advanced,Programming,5,request
U736,Python,Figma,Beginner,Programming,5,completed
U800,Data Analysis,Power BI,Intermediate,Analytics,4,view
U598,React,Excel,Beginner,Programming,5,request
U443,React,Node.js,Beginner,Programming,4,completed
U342,Data Analysis,Node.js,Advanced,Analytics,4,view
U654,Python,Spring Boot,Intermediate,Programming,5,completed
U962,Deep Learning,Data Analysis,Advanced,AI,5,view
U519,UI/UX Design,Power BI,Advanced,Design,3,completed
U51,UI/UX Design,Figma,Advanced,Design,5,view
U718,Figma,Machine Learning,Intermediate,Design,5,completed
U247,UI/UX Design,React,Beginner,Design,3,completed
U536,UI/UX Design,Machine Learning,Intermediate,Design,5,request
U985,Machine Learning,Spring Boot,Advanced,AI,4,completed
U315,SQL,JavaScript,Intermediate,Database,5,request
U305,React,Data Visualization,Advanced,Programming,4,request
U255,Data Visualization,Deep Learning,Advanced,Analytics,3,request
U463,Machine Learning,Excel,Beginner,AI,3,request
U146,Node.js,Python,Beginner,Programming,3,request
U920,Spring Boot,Machine Learning,Advanced,Programming,3,completed
U98,Data Visualization,Power BI,Advanced,Analytics,4,completed
U528,Node.js,Data Visualization,Intermediate,Programming,3,completed
U622,Java,Excel,Beginner,Programming,5,request
U712,Data Visualization,Node.js,Intermediate,Analytics,3,view
U758,Spring Boot,Deep Learning,Beginner,Programming,4,completed
U994,UI/UX Design,Power BI,Beginner,Design,3,request
U896,React,Python,Intermediate,Programming,3,view
U547,Data Analysis,Node.js,Intermediate,Analytics,5,completed
U41,Machine Learning,Java,Intermediate,AI,5,completed
U670,Spring Boot,Data Visualization,Intermediate,Programming,4,completed
U22,Power BI,Python,Advanced,Analytics,4,request
U569,Java,UI/UX Design,Advanced,Programming,4,completed
U688,UI/UX Design,Data Analysis,Beginner,Design,5,completed
U557,Java,SQL,Intermediate,Programming,4,request
U494,Figma,Machine Learning,Intermediate,Design,3,request
U461,Machine Learning,Figma,Intermediate,AI,3,view
U906,Data Visualization,UI/UX Design,Advanced,Analytics,4,request
U327,Data Analysis,Python,Beginner,Analytics,3,completed
U773,Excel,Data Analysis,Beginner,Analytics,3,completed
U644,Node.js,Spring Boot,Advanced,Programming,4,request
U383,Excel,Spring Boot,Intermediate,Analytics,4,completed
U579,Python,JavaScript,Intermediate,Programming,3,completed
U287,React,Machine Learning,Advanced,Programming,4,completed
U504,Figma,Power BI,Intermediate,Design,3,completed
U240,JavaScript,Excel,Advanced,Programming,3,request
U934,Machine Learning,Python,Beginner,AI,4,completed
U488,UI/UX Design,SQL,Intermediate,Design,5,completed
U436,Machine Learning,UI/UX Design,Intermediate,AI,4,completed
U111,Java,React,Intermediate,Programming,4,view
U294,Spring Boot,Deep Learning,Advanced,Programming,3,view
U185,React,UI/UX Design,Intermediate,Programming,4,view
U520,SQL,Machine Learning,Intermediate,Database,5,request
U742,Spring Boot,Java,Advanced,Programming,3,view
U902,Machine Learning,React,Beginner,AI,4,request
U133,Machine Learning,SQL,Beginner,AI,4,request
U393,Node.js,SQL,Beginner,Programming,3,request
U710,Excel,Spring Boot,Advanced,Analytics,5,completed
U563,Excel,UI/UX Design,Beginner,Analytics,4,view
U421,UI/UX Design,Power BI,Advanced,Design,4,completed
U913,Spring Boot,Figma,Advanced,Programming,3,view
U442,Power BI,UI/UX Design,Advanced,Analytics,3,request
U518,SQL,Node.js,Beginner,Database,5,completed
U210,React,JavaScript,Intermediate,Programming,4,completed
U342,UI/UX Design,Python,Advanced,Design,5,completed
U270,Spring Boot,Data Analysis,Advanced,Programming,5,completed
U379,SQL,JavaScript,Advanced,Database,4,completed
U655,JavaScript,SQL,Beginner,Programming,4,view
U56,Machine Learning,Node.js,Intermediate,AI,5,completed
U737,Deep Learning,Data Analysis,Advanced,AI,5,completed
U338,SQL,Spring Boot,Beginner,Database,4,view
U703,Spring Boot,React,Advanced,Programming,4,completed
U355,Java,Machine Learning,Intermediate,Programming,4,completed
U494,Node.js,Java,Beginner,Programming,3,request
U440,Spring Boot,Data Analysis,Beginner,Programming,4,request
U418,Data Visualization,Spring Boot,Advanced,Analytics,5,view
U444,Power BI,Node.js,Beginner,Analytics,4,request
U763,Excel,UI/UX Design,Advanced,Analytics,4,request
U533,Node.js,Deep Learning,Intermediate,Programming,4,view
U549,Power BI,JavaScript,Advanced,Analytics,3,request
U862,Data Visualization,Java,Advanced,Analytics,5,completed
U481,JavaScript,Node.js,Intermediate,Programming,3,completed
U489,UI/UX Design,Power BI,Advanced,Design,3,completed
U84,Node.js,Python,Beginner,Programming,4,request
U565,Machine Learning,JavaScript,Advanced,AI,3,request
U90,Figma,JavaScript,Intermediate,Design,4,request
U865,UI/UX Design,Deep Learning,Intermediate,Design,3,completed
U828,Power BI,Excel,Beginner,Analytics,5,completed
U240,UI/UX Design,Machine Learning,Intermediate,Design,4,completed
U665,Java,Python,Intermediate,Programming,5,completed
U862,Node.js,Power BI,Intermediate,Programming,3,view
U579,React,Deep Learning,Beginner,Programming,3,completed
U821,Data Analysis,Figma,Advanced,Analytics,3,completed
U361,Node.js,UI/UX Design,Advanced,Programming,4,view
U116,Deep Learning,Spring Boot,Beginner,AI,3,view
U438,Python,React,Beginner,Programming,5,request
U808,Python,Deep Learning,Beginner,Programming,4,request
U420,React,Spring Boot,Beginner,Programming,3,view
U216,Power BI,Deep Learning,Advanced,Analytics,4,view
U227,Deep Learning,Machine Learning,Intermediate,AI,4,completed
U740,Power BI,Spring Boot,Intermediate,Analytics,3,view
U170,SQL,Deep Learning,Advanced,Database,4,completed
U295,Data Visualization,Python,Intermediate,Analytics,3,completed
U829,Deep Learning,Java,Intermediate,AI,5,request
U406,Data Visualization,Python,Advanced,Analytics,5,completed
U771,SQL,Deep Learning,Beginner,Database,5,completed
U502,Spring Boot,SQL,Beginner,Programming,4,request
U29,UI/UX Design,Spring Boot,Intermediate,Design,5,request
U965,Machine Learning,Java,Beginner,AI,5,request
U205,Data Visualization,UI/UX Design,Advanced,Analytics,4,request
U589,Figma,Python,Intermediate,Design,4,completed
U189,Spring Boot,Python,Advanced,Programming,4,completed
U126,UI/UX Design,Spring Boot,Advanced,Design,3,completed
U951,SQL,Machine Learning,Beginner,Database,5,completed
U255,UI/UX Design,Python,Beginner,Design,5,request
U201,Excel,JavaScript,Beginner,Analytics,5,request
U148,Java,Deep Learning,Advanced,Programming,3,request
U256,Java,Spring Boot,Advanced,Programming,4,completed
U444,Excel,Power BI,Beginner,Analytics,3,completed
U702,UI/UX Design,SQL,Beginner,Design,3,view
U337,Figma,Data Analysis,Beginner,Design,4,completed
U470,React,Node.js,Beginner,Programming,5,completed
U250,UI/UX Design,Data Visualization,Advanced,Design,5,completed
U570,UI/UX Design,Python,Advanced,Design,5,completed
U376,React,Python,Beginner,Programming,3,completed
U871,Node.js,React,Advanced,Programming,5,completed
U268,Spring Boot,UI/UX Design,Intermediate,Programming,4,request
U481,Java,Machine Learning,Advanced,Programming,5,request
U413,Machine Learning,Node.js,Advanced,AI,4,view
U944,JavaScript,Excel,Beginner,Programming,4,completed
U20,Excel,Spring Boot,Advanced,Analytics,3,request
U792,Figma,SQL,Advanced,Design,3,request
U111,Figma,Machine Learning,Intermediate,Design,5,completed
U679,Data Analysis,UI/UX Design,Intermediate,Analytics,4,completed
U212,Java,Node.js,Intermediate,Programming,5,completed
U675,Data Analysis,Spring Boot,Intermediate,Analytics,3,request
U675,Data Visualization,JavaScript,Advanced,Analytics,4,request
U208,Data Analysis,Figma,Advanced,Analytics,5,view
U551,React,Spring Boot,Advanced,Programming,5,completed
U2,Machine Learning,Python,Advanced,AI,5,request
U741,Data Visualization,Data Analysis,Beginner,Analytics,3,completed
U225,Java,Power BI,Advanced,Programming,5,view
U763,Data Visualization,Spring Boot,Intermediate,Analytics,4,request
U54,Power BI,JavaScript,Advanced,Analytics,4,completed
U655,Python,Data Analysis,Advanced,Programming,4,request
U545,Data Visualization,Java,Intermediate,Analytics,3,completed
U193,Deep Learning,Data Analysis,Beginner,AI,3,request
U926,Node.js,UI/UX Design,Intermediate,Programming,3,view
U992,SQL,Data Visualization,Advanced,Database,3,completed
U533,React,Node.js,Beginner,Programming,5,request
U297,SQL,React,Beginner,Database,4,request
U404,Data Visualization,UI/UX Design,Beginner,Analytics,3,view
U190,Node.js,JavaScript,Advanced,Programming,4,view
U486,Spring Boot,SQL,Advanced,Programming,3,view
U273,Figma,Machine Learning,Intermediate,Design,5,completed
U833,Figma,Machine Learning,Intermediate,Design,4,completed
U951,Deep Learning,Data Visualization,Beginner,AI,4,completed
U337,UI/UX Design,SQL,Beginner,Design,3,completed
U913,Java,Python,Advanced,Programming,5,completed
U447,JavaScript,React,Intermediate,Programming,4,request
U191,SQL,Node.js,Intermediate,Database,5,completed
U266,Figma,UI/UX Design,Advanced,Design,5,completed
U750,Python,React,Beginner,Programming,4,completed
U203,Machine Learning,JavaScript,Advanced,AI,4,completed
U552,JavaScript,Deep Learning,Advanced,Programming,3,completed
U871,React,UI/UX Design,Beginner,Programming,4,request
U551,Node.js,React,Beginner,Programming,5,completed
U154,Data Visualization,Spring Boot,Advanced,Analytics,4,request
U177,Deep Learning,UI/UX Design,Intermediate,AI,5,completed
U160,Java,Python,Intermediate,Programming,3,completed
U69,Python,Spring Boot,Beginner,Programming,3,completed
U920,Figma,Java,Beginner,Design,3,completed
U392,Spring Boot,Python,Beginner,Programming,5,request
U226,Excel,Data Analysis,Beginner,Analytics,5,view
U769,React,Deep Learning,Advanced,Programming,5,completed
U962,JavaScript,Data Visualization,Beginner,Programming,4,request
U159,Python,Figma,Intermediate,Programming,4,completed
U214,Node.js,Spring Boot,Advanced,Programming,3,request
U712,JavaScript,Node.js,Beginner,Programming,4,completed
U285,Excel,Machine Learning,Intermediate,Analytics,5,completed
U394,Excel,JavaScript,Advanced,Analytics,3,view
U954,Excel,Power BI,Advanced,Analytics,5,completed
U101,Machine Learning,Excel,Beginner,AI,3,completed
U2,UI/UX Design,Power BI,Advanced,Design,5,request
U569,Node.js,Deep Learning,Intermediate,Programming,5,view
U707,Node.js,React,Advanced,Programming,3,completed
U535,React,Excel,Advanced,Programming,5,completed
U206,Node.js,Excel,Advanced,Programming,4,request
U842,React,Java,Beginner,Programming,4,view
U627,Power BI,SQL,Beginner,Analytics,5,completed
U312,Power BI,Machine Learning,Intermediate,Analytics,5,completed
U998,Figma,Power BI,Advanced,Design,5,view
U237,Node.js,React,Advanced,Programming,5,completed
U938,React,Python,Intermediate,Programming,3,completed
U863,Power BI,React,Advanced,Analytics,4,completed
U77,Node.js,Data Analysis,Beginner,Programming,3,request
U795,UI/UX Design,Node.js,Advanced,Design,4,view
U402,Data Visualization,Machine Learning,Advanced,Analytics,4,request
U149,Spring Boot,UI/UX Design,Beginner,Programming,3,view
U935,SQL,Data Analysis,Beginner,Database,3,completed
U594,Spring Boot,SQL,Beginner,Programming,3,request
U129,Figma,Power BI,Intermediate,Design,4,completed
U491,Excel,Spring Boot,Intermediate,Analytics,3,request
U889,Machine Learning,Node.js,Intermediate,AI,5,request
U782,Java,React,Intermediate,Programming,4,request
U138,Figma,React,Beginner,Design,4,completed
U452,React,Data Visualization,Intermediate,Programming,3,view
U457,Power BI,Node.js,Advanced,Analytics,4,request
U377,Figma,Node.js,Beginner,Design,3,completed
U643,Data Analysis,JavaScript,Intermediate,Analytics,5,completed
U959,Figma,Power BI,Intermediate,Design,5,completed
U666,Spring Boot,Node.js,Advanced,Programming,4,request
U542,Data Visualization,UI/UX Design,Advanced,Analytics,3,completed
U311,Data Analysis,Machine Learning,Intermediate,Analytics,3,completed
U432,Data Visualization,Figma,Beginner,Analytics,5,request
U788,Java,JavaScript,Beginner,Programming,5,completed
U574,Deep Learning,JavaScript,Beginner,AI,3,completed
U156,UI/UX Design,Data Analysis,Intermediate,Design,5,request
U723,UI/UX Design,Power BI,Advanced,Design,5,completed
U525,Power BI,UI/UX Design,Intermediate,Analytics,3,completed
U560,Java,JavaScript,Intermediate,Programming,3,completed
U869,Machine Learning,Data Analysis,Advanced,AI,3,completed
U548,Python,Power BI,Intermediate,Programming,5,completed
U50,UI/UX Design,Java,Beginner,Design,3,completed
U638,Data Visualization,Python,Beginner,Analytics,4,completed
U593,Node.js,Deep Learning,Beginner,Programming,4,completed
U765,React,Excel,Beginner,Programming,4,completed
U388,Node.js,React,Beginner,Programming,5,completed
U346,Java,Spring Boot,Advanced,Programming,3,request
U81,Excel,Deep Learning,Advanced,Analytics,5,request
U915,Python,Excel,Beginner,Programming,3,completed
U815,Machine Learning,Figma,Advanced,AI,5,completed
U197,Python,Java,Beginner,Programming,4,completed
U658,JavaScript,React,Intermediate,Programming,3,completed
U607,JavaScript,Java,Beginner,Programming,5,completed
U938,JavaScript,Java,Advanced,Programming,3,completed
U114,Data Visualization,Data Analysis,Beginner,Analytics,4,completed
U864,Deep Learning,Excel,Intermediate,AI,4,completed
U764,React,Deep Learning,Advanced,Programming,4,completed
U528,Node.js,Spring Boot,Advanced,Programming,4,request
U549,Power BI,Spring Boot,Advanced,Analytics,5,view
U587,Data Visualization,Figma,Intermediate,Analytics,3,completed
U365,Python,UI/UX Design,Advanced,Programming,4,request
U152,SQL,Machine Learning,Beginner,Database,4,request
U347,Deep Learning,Excel,Beginner,AI,4,completed
U220,Machine Learning,Spring Boot,Beginner,AI,3,completed
U750,Excel,Machine Learning,Advanced,Analytics,5,completed
U52,SQL,JavaScript,Advanced,Database,4,completed
U237,Spring Boot,JavaScript,Beginner,Programming,5,completed
U838,Data Analysis,SQL,Advanced,Analytics,4,view
U189,Spring Boot,Data Analysis,Intermediate,Programming,5,completed
U563,SQL,Java,Beginner,Database,4,view
U516,JavaScript,Figma,Intermediate,Programming,5,request
U578,JavaScript,Data Visualization,Intermediate,Programming,3,completed
U11,Data Visualization,Data Analysis,Beginner,Analytics,5,view
U619,JavaScript,React,Beginner,Programming,5,request
U910,Figma,Java,Advanced,Design,5,request
U51,Spring Boot,Java,Beginner,Programming,4,request
U42,Power BI,Python,Beginner,Analytics,3,request
U673,Excel,Data Visualization,Intermediate,Analytics,4,request
U150,Deep Learning,Figma,Intermediate,AI,3,completed
U646,Deep Learning,Power BI,Advanced,AI,4,request
U731,Machine Learning,Java,Advanced,AI,4,request
U909,Data Visualization,UI/UX Design,Beginner,Analytics,3,view
U909,Machine Learning,Java,Advanced,AI,5,completed
U181,Node.js,Java,Intermediate,Programming,3,request
U443,UI/UX Design,Node.js,Intermediate,Design,4,view
U852,Data Analysis,UI/UX Design,Beginner,Analytics,5,request
U669,Java,Power BI,Intermediate,Programming,4,completed
U352,Data Analysis,Java,Advanced,Analytics,4,request
U9,Power BI,Deep Learning,Beginner,Analytics,5,completed
U205,Deep Learning,Node.js,Intermediate,AI,4,request
U382,Spring Boot,SQL,Intermediate,Programming,3,view
U124,Node.js,Figma,Beginner,Programming,4,request
U299,Power BI,Excel,Beginner,Analytics,5,completed
U283,Figma,Power BI,Advanced,Design,4,completed
U236,Power BI,Data Analysis,Beginner,Analytics,4,view
U472,Figma,Spring Boot,Beginner,Design,4,completed
U613,Power BI,JavaScript,Beginner,Analytics,3,completed
U264,Data Visualization,JavaScript,Intermediate,Analytics,5,completed
U536,SQL,Java,Intermediate,Database,4,completed
U739,Data Analysis,Data Visualization,Advanced,Analytics,3,request
U983,Java,React,Advanced,Programming,3,request
U424,Python,Data Visualization,Advanced,Programming,5,request
U536,SQL,Machine Learning,Beginner,Database,3,completed
U707,Java,Machine Learning,Advanced,Programming,5,view
U921,Power BI,React,Advanced,Analytics,4,completed
U565,Data Visualization,Python,Intermediate,Analytics,4,view
U650,Data Visualization,Figma,Advanced,Analytics,4,request
U699,Excel,Java,Advanced,Analytics,3,completed
U580,Machine Learning,Deep Learning,Beginner,AI,3,request
U21,JavaScript,Machine Learning,Beginner,Programming,3,request
U521,Data Visualization,Node.js,Intermediate,Analytics,5,view
U616,JavaScript,Machine Learning,Intermediate,Programming,3,request
U730,SQL,Node.js,Beginner,Database,4,request
U610,Excel,Java,Advanced,Analytics,5,request
U833,Machine Learning,Power BI,Advanced,AI,5,completed
U11,UI/UX Design,Figma,Beginner,Design,5,completed
U152,UI/UX Design,Java,Advanced,Design,4,request
U159,Power BI,Deep Learning,Intermediate,Analytics,3,view
U957,Deep Learning,SQL,Intermediate,AI,5,view
U683,Excel,Python,Advanced,Analytics,4,request
U849,UI/UX Design,React,Intermediate,Design,4,view
U977,Figma,Java,Beginner,Design,3,request
U814,Node.js,Spring Boot,Advanced,Programming,5,completed
U606,Figma,Data Visualization,Beginner,Design,5,completed
U653,Java,React,Advanced,Programming,5,request
U682,SQL,Deep Learning,Intermediate,Database,4,request
U650,Node.js,Power BI,Beginner,Programming,4,completed
U600,Figma,Excel,Beginner,Design,5,completed
U35,SQL,Figma,Intermediate,Database,5,completed
U213,Java,JavaScript,Beginner,Programming,3,completed
U474,Node.js,Spring Boot,Beginner,Programming,5,completed
U850,UI/UX Design,React,Beginner,Design,4,view
U630,Machine Learning,Power BI,Beginner,AI,4,view
U460,Java,Machine Learning,Beginner,Programming,5,request
U7,Data Analysis,React,Intermediate,Analytics,3,request
U129,Figma,Data Visualization,Intermediate,Design,5,request
U962,SQL,Figma,Beginner,Database,4,completed
U789,Node.js,Java,Beginner,Programming,3,completed
U75,React,Deep Learning,Beginner,Programming,5,completed
U331,Machine Learning,React,Beginner,AI,3,completed
U524,Excel,JavaScript,Intermediate,Analytics,5,request
U749,Power BI,Data Analysis,Beginner,Analytics,4,completed
U734,React,Data Analysis,Intermediate,Programming,3,request
U849,Power BI,Figma,Advanced,Analytics,4,view
U872,JavaScript,Machine Learning,Intermediate,Programming,3,request
U628,Machine Learning,Excel,Intermediate,AI,4,completed
U541,Deep Learning,React,Advanced,AI,5,request
U662,Machine Learning,JavaScript,Advanced,AI,4,request
U873,Power BI,React,Intermediate,Analytics,4,view
U306,Node.js,UI/UX Design,Intermediate,Programming,4,completed
U601,Java,SQL,Intermediate,Programming,3,completed
U470,Spring Boot,Deep Learning,Intermediate,Programming,3,request
U711,Python,SQL,Advanced,Programming,3,completed
U757,Data Analysis,SQL,Intermediate,Analytics,5,completed
U38,Java,Data Visualization,Advanced,Programming,3,completed
U541,Power BI,Figma,Beginner,Analytics,4,request
U820,Deep Learning,Machine Learning,Beginner,AI,4,view
U804,Machine Learning,SQL,Intermediate,AI,5,request
U44,Power BI,Spring Boot,Advanced,Analytics,5,completed
U788,Excel,Data Analysis,Advanced,Analytics,3,request
U40,Java,Python,Advanced,Programming,5,view
U779,Data Analysis,Deep Learning,Intermediate,Analytics,4,request
U684,JavaScript,Spring Boot,Beginner,Programming,4,completed
U592,Power BI,Java,Intermediate,Analytics,4,request
U654,Node.js,Data Analysis,Advanced,Programming,5,completed
U45,JavaScript,Excel,Intermediate,Programming,5,completed
U161,Deep Learning,JavaScript,Beginner,AI,5,request
U722,SQL,React,Advanced,Database,5,completed
U766,Data Analysis,Figma,Beginner,Analytics,3,view
U667,Power BI,SQL,Advanced,Analytics,5,completed
U88,Java,Spring Boot,Intermediate,Programming,4,completed
U922,UI/UX Design,Python,Intermediate,Design,5,completed
U503,Machine Learning,Data Visualization,Advanced,AI,4,completed
U436,Java,Deep Learning,Beginner,Programming,4,view
U332,Java,Excel,Intermediate,Programming,5,completed
U716,SQL,Power BI,Advanced,Database,5,completed
U119,Python,Power BI,Intermediate,Programming,5,completed
U531,Deep Learning,SQL,Beginner,AI,3,completed
U879,Node.js,Data Analysis,Beginner,Programming,5,completed
U215,Machine Learning,Java,Intermediate,AI,4,request
U39,Python,JavaScript,Intermediate,Programming,4,view
U460,Machine Learning,Data Visualization,Intermediate,AI,4,completed
U768,Spring Boot,Python,Advanced,Programming,5,completed
U968,Spring Boot,Data Visualization,Advanced,Programming,4,request
U971,SQL,Deep Learning,Intermediate,Database,5,view
U308,Deep Learning,Figma,Advanced,AI,5,completed
U794,Java,Node.js,Advanced,Programming,5,view
U427,React,Power BI,Beginner,Programming,5,completed
U307,Data Visualization,Power BI,Beginner,Analytics,5,completed
U432,Deep Learning,UI/UX Design,Beginner,AI,3,completed
U551,Data Analysis,UI/UX Design,Beginner,Analytics,3,completed
U743,SQL,Python,Advanced,Database,3,view
U354,React,UI/UX Design,Beginner,Programming,3,completed
U99,Java,JavaScript,Advanced,Programming,3,view
U271,Java,Data Analysis,Advanced,Programming,3,view
U30,Machine Learning,UI/UX Design,Intermediate,AI,5,request
U92,Python,Data Visualization,Intermediate,Programming,5,completed
U411,Java,Machine Learning,Beginner,Programming,4,view
U419,JavaScript,Data Visualization,Advanced,Programming,4,completed
U215,JavaScript,SQL,Beginner,Programming,4,request
U803,Power BI,Data Visualization,Beginner,Analytics,3,request
U442,Spring Boot,Deep Learning,Beginner,Programming,5,request
U722,Data Visualization,Python,Advanced,Analytics,3,view
U719,Data Analysis,Deep Learning,Advanced,Analytics,4,view
U90,UI/UX Design,Deep Learning,Beginner,Design,5,completed
U525,Power BI,UI/UX Design,Advanced,Analytics,4,completed
U988,Python,Spring Boot,Intermediate,Programming,5,request
U371,Power BI,Deep Learning,Advanced,Analytics,3,request
U926,Deep Learning,Spring Boot,Beginner,AI,4,completed
U207,Java,Python,Advanced,Programming,3,request
U255,Data Visualization,Java,Advanced,Analytics,4,completed
U891,Node.js,JavaScript,Advanced,Programming,3,completed
U299,Node.js,SQL,Advanced,Programming,4,view
U33,Figma,SQL,Intermediate,Design,4,request
U290,Excel,Deep Learning,Advanced,Analytics,4,request
U926,Machine Learning,Excel,Beginner,AI,3,request
U741,Machine Learning,Figma,Beginner,AI,4,completed
U254,Figma,Deep Learning,Intermediate,Design,3,completed
U484,Power BI,JavaScript,Intermediate,Analytics,5,completed
U175,Java,Data Visualization,Intermediate,Programming,3,completed
U869,SQL,Data Visualization,Intermediate,Database,4,completed
U576,Deep Learning,UI/UX Design,Advanced,AI,4,view
U187,Power BI,Node.js,Intermediate,Analytics,5,completed
U873,UI/UX Design,Deep Learning,Advanced,Design,5,request
U920,Data Analysis,Data Visualization,Intermediate,Analytics,3,view
U198,Power BI,Deep Learning,Advanced,Analytics,5,completed
U739,Node.js,Data Visualization,Beginner,Programming,3,request
U625,Spring Boot,Power BI,Advanced,Programming,5,completed
U694,Spring Boot,Excel,Advanced,Programming,4,view
U231,Figma,Machine Learning,Beginner,Design,5,request
U244,Excel,React,Beginner,Analytics,3,request
U973,Power BI,Deep Learning,Intermediate,Analytics,5,completed
U38,SQL,Figma,Intermediate,Database,5,completed
U658,SQL,Python,Intermediate,Database,4,request
U635,Data Analysis,Spring Boot,Advanced,Analytics,5,completed
U988,Deep Learning,Node.js,Intermediate,AI,3,completed
U806,Deep Learning,Node.js,Advanced,AI,5,completed
U988,Excel,Spring Boot,Advanced,Analytics,4,completed
U935,Excel,Node.js,Intermediate,Analytics,5,completed
U469,SQL,Data Analysis,Intermediate,Database,4,view
U913,Machine Learning,Data Visualization,Intermediate,AI,4,request
U298,Power BI,SQL,Advanced,Analytics,3,request
U483,Node.js,Java,Beginner,Programming,5,view
U896,Excel,SQL,Beginner,Analytics,4,completed
U138,Deep Learning,Power BI,Intermediate,AI,4,completed
U703,Java,JavaScript,Advanced,Programming,3,completed
U165,JavaScript,Java,Advanced,Programming,3,completed
U823,Data Analysis,Figma,Beginner,Analytics,4,view
U19,UI/UX Design,Power BI,Advanced,Design,3,completed
U81,Data Analysis,Deep Learning,Beginner,Analytics,3,completed
U838,Python,UI/UX Design,Intermediate,Programming,3,completed
U577,React,Java,Intermediate,Programming,5,completed
U283,Python,UI/UX Design,Advanced,Programming,3,view
U899,Python,Data Analysis,Advanced,Programming,5,completed
U590,SQL,Deep Learning,Intermediate,Database,4,completed
U10,Node.js,Machine Learning,Beginner,Programming,5,request
U263,Data Visualization,JavaScript,Beginner,Analytics,3,view
U931,Power BI,Node.js,Advanced,Analytics,4,request
U500,Machine Learning,Power BI,Intermediate,AI,5,view
U136,UI/UX Design,SQL,Beginner,Design,3,request
U960,Deep Learning,SQL,Beginner,AI,4,view
U524,Data Visualization,Java,Advanced,Analytics,5,completed
U180,JavaScript,Data Visualization,Beginner,Programming,5,view
U618,UI/UX Design,React,Beginner,Design,4,completed
U668,Python,Node.js,Intermediate,Programming,4,request
U137,JavaScript,Data Analysis,Intermediate,Programming,3,request
U46,Data Analysis,Python,Advanced,Analytics,5,completed
U445,UI/UX Design,React,Advanced,Design,4,completed
U96,Machine Learning,Figma,Advanced,AI,3,completed
U48,Machine Learning,Excel,Advanced,AI,3,completed
U260,Machine Learning,SQL,Beginner,AI,4,completed
U785,Spring Boot,React,Beginner,Programming,4,completed
U67,Data Visualization,Machine Learning,Beginner,Analytics,5,completed
U73,Python,Data Visualization,Advanced,Programming,5,completed
U918,Python,UI/UX Design,Beginner,Programming,5,completed
U940,UI/UX Design,Spring Boot,Advanced,Design,5,completed
U349,JavaScript,Spring Boot,Intermediate,Programming,4,completed
U15,Machine Learning,Node.js,Intermediate,AI,3,request
U700,React,Java,Beginner,Programming,4,completed
U968,Excel,Figma,Intermediate,Analytics,3,request
U730,SQL,Power BI,Beginner,Database,5,request
U771,Data Visualization,Data Analysis,Beginner,Analytics,4,view
U481,Excel,React,Intermediate,Analytics,5,completed
U505,JavaScript,Figma,Beginner,Programming,3,completed
U104,Python,JavaScript,Beginner,Programming,4,completed
U356,Java,Python,Intermediate,Programming,3,request
U440,Excel,Machine Learning,Intermediate,Analytics,4,completed
U564,JavaScript,React,Beginner,Programming,5,completed
U627,Node.js,Python,Intermediate,Programming,3,view
U792,Java,SQL,Advanced,Programming,4,request
U199,SQL,React,Beginner,Database,5,completed
U422,UI/UX Design,Node.js,Beginner,Design,5,view
U282,Figma,UI/UX Design,Beginner,Design,3,view
U74,Figma,Machine Learning,Advanced,Design,3,request
U807,Excel,Figma,Intermediate,Analytics,5,completed
U921,Power BI,Figma,Beginner,Analytics,4,completed
U510,Java,Machine Learning,Intermediate,Programming,5,completed
U994,Excel,Java,Advanced,Analytics,3,completed
U10,Java,Power BI,Intermediate,Programming,3,completed
U339,Data Analysis,Excel,Beginner,Analytics,4,view
U406,SQL,UI/UX Design,Beginner,Database,4,completed
U319,Figma,Excel,Beginner,Design,3,view
U843,Excel,Machine Learning,Advanced,Analytics,4,request
U916,Python,Data Visualization,Intermediate,Programming,4,completed
U356,Node.js,UI/UX Design,Beginner,Programming,3,completed
U132,Java,React,Beginner,Programming,4,request
U606,JavaScript,Spring Boot,Beginner,Programming,3,completed
U718,Figma,Machine Learning,Beginner,Design,5,completed
U631,JavaScript,Spring Boot,Beginner,Programming,3,completed
U536,Node.js,Figma,Advanced,Programming,4,request
U875,Power BI,Machine Learning,Intermediate,Analytics,3,completed
U935,UI/UX Design,Spring Boot,Advanced,Design,4,view
U973,Figma,Power BI,Intermediate,Design,3,request
U652,Data Visualization,Deep Learning,Intermediate,Analytics,5,completed
U4,SQL,Power BI,Intermediate,Database,4,completed
U638,Machine Learning,Data Analysis,Advanced,AI,4,request
U723,JavaScript,SQL,Intermediate,Programming,5,view
U363,UI/UX Design,Java,Beginner,Design,5,completed
U880,SQL,Deep Learning,Intermediate,Database,5,request
U429,UI/UX Design,Figma,Advanced,Design,5,completed
U574,Machine Learning,Spring Boot,Advanced,AI,5,request
U70,Data Visualization,Power BI,Intermediate,Analytics,5,completed
U862,JavaScript,Node.js,Advanced,Programming,3,completed
U808,SQL,Deep Learning,Beginner,Database,5,request
U813,Data Visualization,Java,Beginner,Analytics,3,completed
U622,SQL,Deep Learning,Beginner,Database,5,completed
U417,React,Machine Learning,Beginner,Programming,5,completed
U648,Deep Learning,Power BI,Intermediate,AI,3,completed
U188,Deep Learning,Python,Intermediate,AI,4,view
U61,JavaScript,Figma,Beginner,Programming,4,completed
U578,Deep Learning,Figma,Advanced,AI,4,request
U805,Figma,Node.js,Beginner,Design,4,completed
U747,Java,Figma,Advanced,Programming,5,request
U851,Machine Learning,Node.js,Beginner,AI,5,request
U52,React,Machine Learning,Advanced,Programming,4,view
U547,UI/UX Design,Node.js,Advanced,Design,3,view
U881,React,Node.js,Intermediate,Programming,4,request
U405,Data Analysis,Spring Boot,Advanced,Analytics,3,request
U578,Spring Boot,Figma,Advanced,Programming,3,completed
U635,Java,UI/UX Design,Advanced,Programming,5,completed
U608,Data Visualization,Node.js,Beginner,Analytics,3,completed
U6,Java,Data Analysis,Beginner,Programming,3,completed
U889,Data Analysis,Spring Boot,Beginner,Analytics,3,completed
U277,React,Deep Learning,Intermediate,Programming,3,view
U416,Figma,Data Visualization,Intermediate,Design,5,view
U425,Spring Boot,Data Analysis,Beginner,Programming,5,view
U559,SQL,Java,Intermediate,Database,3,completed
U643,Spring Boot,Power BI,Intermediate,Programming,5,completed
U313,Excel,Node.js,Advanced,Analytics,3,view
U93,Java,Excel,Advanced,Programming,4,completed
U257,Spring Boot,Figma,Intermediate,Programming,3,completed
U244,Power BI,React,Advanced,Analytics,3,completed
U822,Deep Learning,JavaScript,Advanced,AI,5,completed
U596,Deep Learning,SQL,Intermediate,AI,5,completed
U930,Figma,JavaScript,Beginner,Design,3,request
U812,Java,React,Advanced,Programming,4,request
U157,SQL,Excel,Advanced,Database,3,completed
U597,UI/UX Design,Java,Advanced,Design,4,completed
U864,Machine Learning,React,Intermediate,AI,3,request
U71,JavaScript,Excel,Advanced,Programming,5,view
U7,JavaScript,UI/UX Design,Advanced,Programming,5,view
U758,Machine Learning,Figma,Intermediate,AI,4,completed
U799,Deep Learning,Node.js,Intermediate,AI,4,request
U334,Power BI,UI/UX Design,Beginner,Analytics,4,request
U786,Data Analysis,JavaScript,Beginner,Analytics,5,request
U546,JavaScript,React,Advanced,Programming,3,completed
U85,JavaScript,Excel,Advanced,Programming,3,completed
U96,Python,UI/UX Design,Beginner,Programming,4,request
U609,Spring Boot,Figma,Advanced,Programming,4,view
U708,Figma,UI/UX Design,Beginner,Design,4,completed
U224,Machine Learning,JavaScript,Intermediate,AI,4,view
U503,SQL,Figma,Beginner,Database,5,completed
U320,Data Analysis,JavaScript,Advanced,Analytics,4,view
U152,Machine Learning,Power BI,Advanced,AI,5,request
U800,Spring Boot,Java,Intermediate,Programming,5,request
U242,Data Analysis,UI/UX Design,Advanced,Analytics,4,request
U428,Figma,Data Visualization,Advanced,Design,4,completed
U253,Data Visualization,Data Analysis,Beginner,Analytics,3,completed
U722,Python,UI/UX Design,Intermediate,Programming,3,completed
U819,Deep Learning,React,Beginner,AI,4,request
U335,Node.js,Power BI,Advanced,Programming,4,completed
U407,React,Machine Learning,Beginner,Programming,5,request
U35,SQL,Node.js,Beginner,Database,3,view
U716,Machine Learning,Spring Boot,Intermediate,AI,5,completed
U923,Figma,Excel,Beginner,Design,4,completed
U306,Figma,UI/UX Design,Beginner,Design,3,completed
U589,Spring Boot,Excel,Intermediate,Programming,5,request
U519,Power BI,Figma,Beginner,Analytics,5,request
U271,Power BI,Excel,Beginner,Analytics,4,request
U820,UI/UX Design,React,Beginner,Design,4,view
U213,Data Analysis,Figma,Beginner,Analytics,3,request
U473,Python,SQL,Advanced,Programming,4,request
U34,Java,SQL,Advanced,Programming,3,completed
U546,Excel,Deep Learning,Advanced,Analytics,3,view
U790,Deep Learning,Power BI,Beginner,AI,3,completed
U100,JavaScript,Power BI,Advanced,Programming,3,request
U479,UI/UX Design,Node.js,Advanced,Design,4,view
U633,Data Analysis,Machine Learning,Intermediate,Analytics,3,view
U82,React,Spring Boot,Intermediate,Programming,4,request
U799,SQL,Python,Beginner,Database,4,request
U136,Node.js,Power BI,Intermediate,Programming,3,completed
U738,Data Visualization,Power BI,Intermediate,Analytics,4,request
U8,Machine Learning,React,Intermediate,AI,4,request
U484,Node.js,React,Intermediate,Programming,5,request
U561,JavaScript,React,Beginner,Programming,5,completed
U977,SQL,Deep Learning,Advanced,Database,5,completed
U729,JavaScript,React,Intermediate,Programming,4,completed
U696,SQL,Power BI,Advanced,Database,5,completed
U3,Data Visualization,UI/UX Design,Advanced,Analytics,3,request
U899,Node.js,Java,Intermediate,Programming,5,completed
U634,React,Python,Beginner,Programming,4,completed
U864,Deep Learning,SQL,Beginner,AI,5,request
U139,Node.js,Spring Boot,Intermediate,Programming,5,view
U248,Data Visualization,Deep Learning,Advanced,Analytics,5,completed
U148,Java,Python,Advanced,Programming,4,request
U414,Deep Learning,JavaScript,Intermediate,AI,3,completed
U691,React,Machine Learning,Intermediate,Programming,3,request
U707,Node.js,JavaScript,Intermediate,Programming,5,completed
U545,Node.js,Data Visualization,Intermediate,Programming,3,completed
U122,Data Analysis,SQL,Intermediate,Analytics,4,completed
U737,Machine Learning,Excel,Intermediate,AI,3,view
U16,Spring Boot,Power BI,Advanced,Programming,3,completed
U447,Deep Learning,Spring Boot,Beginner,AI,3,view
U550,JavaScript,UI/UX Design,Intermediate,Programming,4,completed
U73,Data Analysis,UI/UX Design,Beginner,Analytics,5,request
U877,Data Visualization,Node.js,Beginner,Analytics,3,request
U391,Machine Learning,SQL,Advanced,AI,3,completed
U235,React,Data Analysis,Advanced,Programming,5,view
U220,Power BI,Excel,Advanced,Analytics,4,view
U942,Spring Boot,JavaScript,Beginner,Programming,4,completed
U435,Node.js,Machine Learning,Intermediate,Programming,3,completed
U142,Java,React,Beginner,Programming,3,completed
U799,Data Visualization,Power BI,Advanced,Analytics,3,completed
U789,Node.js,Power BI,Advanced,Programming,4,view
U339,Data Analysis,Machine Learning,Beginner,Analytics,3,view
U116,Machine Learning,SQL,Intermediate,AI,3,request
U511,React,Data Visualization,Intermediate,Programming,3,request
U494,SQL,Deep Learning,Beginner,Database,5,completed
U971,JavaScript,Excel,Intermediate,Programming,3,request
U22,Python,UI/UX Design,Intermediate,Programming,4,completed
U531,Python,Machine Learning,Advanced,Programming,5,completed
U122,SQL,UI/UX Design,Advanced,Database,5,completed
U795,Machine Learning,Java,Beginner,AI,3,request
U856,Machine Learning,JavaScript,Beginner,AI,4,view
U404,Power BI,Deep Learning,Advanced,Analytics,5,request
U929,Deep Learning,Python,Advanced,AI,3,view
U773,UI/UX Design,Deep Learning,Beginner,Design,3,completed
U327,Data Analysis,Spring Boot,Advanced,Analytics,3,completed
U846,Figma,Data Analysis,Beginner,Design,5,request
U254,Excel,Java,Beginner,Analytics,4,request
U101,Spring Boot,JavaScript,Advanced,Programming,5,view
U749,Node.js,SQL,Beginner,Programming,5,request
U820,JavaScript,Java,Advanced,Programming,4,request
U621,Power BI,Data Visualization,Intermediate,Analytics,5,completed
U578,React,Machine Learning,Beginner,Programming,5,completed
U411,SQL,Excel,Beginner,Database,5,completed
U536,SQL,Machine Learning,Advanced,Database,3,request
U295,Data Visualization,React,Intermediate,Analytics,4,completed
U517,Data Analysis,Node.js,Advanced,Analytics,5,view
U239,React,Machine Learning,Advanced,Programming,5,request
U354,SQL,Java,Advanced,Database,4,completed
U633,Python,Power BI,Intermediate,Programming,3,completed
U478,React,Machine Learning,Beginner,Programming,5,request
U494,Node.js,React,Advanced,Programming,4,view
U295,Node.js,UI/UX Design,Intermediate,Programming,5,view
U637,Deep Learning,UI/UX Design,Intermediate,AI,5,request
U108,Python,Excel,Intermediate,Programming,4,completed
U154,React,Node.js,Intermediate,Programming,4,completed
U545,Figma,Java,Advanced,Design,4,completed
U129,UI/UX Design,JavaScript,Advanced,Design,3,request
U776,Machine Learning,Data Visualization,Beginner,AI,4,view
U286,Spring Boot,Machine Learning,Advanced,Programming,5,view
U595,Machine Learning,Node.js,Advanced,AI,3,request
U658,JavaScript,Data Analysis,Intermediate,Programming,5,request
U651,React,Node.js,Intermediate,Programming,4,request
U356,Data Analysis,JavaScript,Intermediate,Analytics,4,completed
U557,Power BI,SQL,Intermediate,Analytics,3,view
U821,Java,React,Beginner,Programming,3,request
U43,React,Power BI,Advanced,Programming,5,view
U374,Figma,Machine Learning,Intermediate,Design,4,request
U374,Python,Data Analysis,Beginner,Programming,4,view
U211,Deep Learning,Figma,Intermediate,AI,4,request
U611,Node.js,JavaScript,Beginner,Programming,3,completed
U560,Spring Boot,Data Visualization,Intermediate,Programming,4,completed
U892,Data Analysis,Deep Learning,Intermediate,Analytics,5,completed
U742,Data Analysis,Data Visualization,Intermediate,Analytics,5,completed
U629,Java,UI/UX Design,Intermediate,Programming,4,request
U33,Python,Figma,Beginner,Programming,3,view
U304,Power BI,Java,Beginner,Analytics,3,completed
U466,SQL,JavaScript,Beginner,Database,4,completed
U210,SQL,Machine Learning,Intermediate,Database,3,completed
U358,Power BI,React,Advanced,Analytics,4,request
U794,Power BI,React,Advanced,Analytics,3,view
U48,Data Visualization,Java,Advanced,Analytics,4,request
U717,React,Data Analysis,Beginner,Programming,5,request
U643,Power BI,SQL,Advanced,Analytics,3,view
U313,React,Spring Boot,Beginner,Programming,5,completed
U866,Excel,Node.js,Advanced,Analytics,3,request
U483,Data Visualization,SQL,Advanced,Analytics,3,request
U160,Data Visualization,Node.js,Beginner,Analytics,3,view
U766,Machine Learning,Node.js,Beginner,AI,3,request
U468,Deep Learning,UI/UX Design,Advanced,AI,4,completed
U874,Data Analysis,Node.js,Intermediate,Analytics,5,completed
U132,Power BI,Figma,Beginner,Analytics,3,request
U749,Deep Learning,Power BI,Intermediate,AI,5,completed
U758,React,Python,Beginner,Programming,4,completed
U237,Figma,JavaScript,Advanced,Design,3,completed
U282,Machine Learning,Node.js,Intermediate,AI,5,completed
U547,Figma,Data Analysis,Beginner,Design,5,view
U347,Machine Learning,JavaScript,Advanced,AI,3,completed
U891,Power BI,UI/UX Design,Beginner,Analytics,4,completed
U119,Data Analysis,Machine Learning,Advanced,Analytics,4,request
U150,Python,Node.js,Beginner,Programming,3,completed
U394,Power BI,Data Visualization,Advanced,Analytics,4,view
U469,Node.js,UI/UX Design,Advanced,Programming,5,view
U559,SQL,React,Advanced,Database,4,completed
U843,React,Data Analysis,Beginner,Programming,3,request
U956,Deep Learning,JavaScript,Intermediate,AI,4,completed
U329,Data Visualization,Data Analysis,Intermediate,Analytics,4,completed
U349,JavaScript,Node.js,Beginner,Programming,5,view
U761,Python,Spring Boot,Beginner,Programming,5,request
U781,Spring Boot,Node.js,Advanced,Programming,4,completed
U453,JavaScript,Deep Learning,Beginner,Programming,5,completed
U559,Node.js,Machine Learning,Intermediate,Programming,3,view
U12,Figma,Data Visualization,Beginner,Design,5,completed
U498,Data Analysis,Excel,Intermediate,Analytics,4,completed
U764,Excel,Machine Learning,Advanced,Analytics,5,completed
U390,Excel,Node.js,Beginner,Analytics,5,completed
U563,Machine Learning,Excel,Beginner,AI,3,request
U570,React,JavaScript,Beginner,Programming,4,completed
U688,Node.js,SQL,Beginner,Programming,3,view
U564,Machine Learning,Data Visualization,Intermediate,AI,3,view
U881,React,Power BI,Intermediate,Programming,4,completed
U266,UI/UX Design,Python,Intermediate,Design,3,view
U373,JavaScript,Data Visualization,Beginner,Programming,4,request
U556,Java,Node.js,Advanced,Programming,4,completed
U727,Data Visualization,Node.js,Intermediate,Analytics,5,completed
U535,Data Visualization,SQL,Advanced,Analytics,5,request
U411,Data Analysis,JavaScript,Intermediate,Analytics,3,request
U470,UI/UX Design,React,Advanced,Design,3,completed
U875,Spring Boot,Figma,Intermediate,Programming,3,completed
U817,Node.js,Python,Intermediate,Programming,3,completed
U659,Figma,React,Intermediate,Design,4,view
U116,Data Visualization,Data Analysis,Beginner,Analytics,5,completed
U694,Power BI,Machine Learning,Intermediate,Analytics,4,request
U130,Excel,Data Analysis,Advanced,Analytics,3,request
U372,Data Analysis,Data Visualization,Intermediate,Analytics,3,request
U949,Spring Boot,Machine Learning,Advanced,Programming,4,request
U453,JavaScript,Node.js,Advanced,Programming,5,completed
U594,React,UI/UX Design,Beginner,Programming,5,completed
U990,SQL,Java,Advanced,Database,4,request
U146,Java,JavaScript,Intermediate,Programming,4,view
U401,Power BI,Node.js,Advanced,Analytics,3,completed
U817,Deep Learning,SQL,Advanced,AI,4,view
U961,Excel,Figma,Beginner,Analytics,3,request
U35,Excel,Data Visualization,Intermediate,Analytics,4,completed
U730,Figma,Python,Intermediate,Design,4,completed
U166,Java,Spring Boot,Beginner,Programming,5,completed
U366,Data Visualization,SQL,Intermediate,Analytics,4,completed
U157,Deep Learning,Machine Learning,Advanced,AI,3,view
U509,Node.js,Data Visualization,Beginner,Programming,3,view
U211,UI/UX Design,Deep Learning,Intermediate,Design,3,completed
U865,Power BI,Data Analysis,Intermediate,Analytics,5,view
U233,Figma,Spring Boot,Beginner,Design,4,completed
U890,Figma,UI/UX Design,Advanced,Design,4,completed
U398,React,Excel,Advanced,Programming,3,request
U271,Data Analysis,Data Visualization,Intermediate,Analytics,3,completed
U426,SQL,Node.js,Advanced,Database,4,request
U384,Machine Learning,Node.js,Advanced,AI,3,completed
U921,SQL,Java,Intermediate,Database,4,completed
U787,React,Data Analysis,Intermediate,Programming,3,request
U229,Figma,Excel,Advanced,Design,5,completed
U943,Data Visualization,SQL,Beginner,Analytics,5,request
U518,Java,Python,Advanced,Programming,4,view
U885,Node.js,Data Visualization,Advanced,Programming,4,completed
U571,Node.js,Power BI,Advanced,Programming,4,completed
U787,Figma,Spring Boot,Beginner,Design,4,completed
U172,Power BI,Spring Boot,Advanced,Analytics,3,view
U632,Figma,Excel,Advanced,Design,4,completed
U214,SQL,React,Intermediate,Database,3,request
U601,Power BI,Java,Beginner,Analytics,5,request
U692,Data Visualization,Excel,Intermediate,Analytics,4,request
U97,Data Analysis,Python,Beginner,Analytics,4,completed
U780,Java,Data Analysis,Intermediate,Programming,4,view
U564,Node.js,Data Analysis,Advanced,Programming,4,completed
U301,Machine Learning,JavaScript,Beginner,AI,5,request
U230,Figma,SQL,Beginner,Design,5,request
U624,React,Java,Beginner,Programming,3,completed
U555,Java,Data Analysis,Beginner,Programming,5,request
U608,Data Analysis,JavaScript,Intermediate,Analytics,5,request
U275,Power BI,JavaScript,Advanced,Analytics,3,completed
U335,JavaScript,Spring Boot,Intermediate,Programming,3,completed
U787,Python,Node.js,Intermediate,Programming,5,view
U985,Node.js,Data Analysis,Beginner,Programming,3,view
U244,Figma,Data Analysis,Intermediate,Design,3,view
U774,React,JavaScript,Advanced,Programming,4,completed
U367,Spring Boot,Excel,Beginner,Programming,5,request
U151,Excel,Figma,Advanced,Analytics,3,request
U132,JavaScript,Machine Learning,Intermediate,Programming,4,completed
U952,Spring Boot,JavaScript,Advanced,Programming,4,completed
U213,Spring Boot,UI/UX Design,Advanced,Programming,5,view
U168,Data Analysis,UI/UX Design,Beginner,Analytics,5,view
U734,UI/UX Design,Spring Boot,Intermediate,Design,5,completed
U259,Data Visualization,React,Beginner,Analytics,5,completed
U657,React,Machine Learning,Intermediate,Programming,3,view
U974,React,Figma,Intermediate,Programming,3,view
U561,Python,React,Beginner,Programming,4,completed
U837,Node.js,Spring Boot,Advanced,Programming,3,request
U374,Machine Learning,Python,Beginner,AI,3,completed
U179,Figma,Python,Intermediate,Design,3,request
U345,Figma,Machine Learning,Intermediate,Design,5,completed
U231,Data Analysis,React,Beginner,Analytics,5,request
U800,Figma,Python,Intermediate,Design,3,view
U310,SQL,Power BI,Advanced,Database,5,request
U479,React,Data Analysis,Beginner,Programming,4,view
U62,React,Spring Boot,Beginner,Programming,3,completed
U15,Data Analysis,Excel,Advanced,Analytics,3,view
U218,React,Python,Beginner,Programming,4,completed
U203,Data Analysis,Python,Advanced,Analytics,5,request
U68,UI/UX Design,Node.js,Advanced,Design,3,request
U683,UI/UX Design,Deep Learning,Beginner,Design,4,completed
U811,Java,Spring Boot,Advanced,Programming,3,completed
U816,Power BI,Java,Intermediate,Analytics,4,completed
U881,Node.js,Machine Learning,Intermediate,Programming,5,view
U678,Excel,UI/UX Design,Advanced,Analytics,5,completed
U281,Data Visualization,Excel,Beginner,Analytics,5,completed
U484,UI/UX Design,JavaScript,Intermediate,Design,4,completed
U182,UI/UX Design,Node.js,Beginner,Design,4,completed
U483,Power BI,Spring Boot,Beginner,Analytics,5,view
U209,UI/UX Design,Machine Learning,Beginner,Design,5,completed
U954,JavaScript,UI/UX Design,Intermediate,Programming,5,request
U207,Machine Learning,Data Visualization,Beginner,AI,4,completed
U694,Python,SQL,Intermediate,Programming,5,completed
U508,UI/UX Design,Data Analysis,Beginner,Design,5,request
U357,UI/UX Design,Java,Beginner,Design,4,completed
U999,Spring Boot,Figma,Beginner,Programming,3,completed
U514,Machine Learning,React,Intermediate,AI,4,completed
U273,Python,Figma,Advanced,Programming,3,request
U599,Machine Learning,Node.js,Beginner,AI,4,view
U349,Node.js,Machine Learning,Beginner,Programming,5,completed
U815,Power BI,Python,Beginner,Analytics,5,completed
U779,Machine Learning,Excel,Intermediate,AI,5,completed
U948,Java,Python,Advanced,Programming,4,completed
U389,Node.js,Power BI,Advanced,Programming,4,view
U148,Machine Learning,Spring Boot,Intermediate,AI,5,completed
U967,React,Java,Beginner,Programming,4,completed
U678,Power BI,Spring Boot,Beginner,Analytics,5,request
U673,Power BI,Data Analysis,Advanced,Analytics,4,completed
U830,Data Visualization,Node.js,Intermediate,Analytics,5,request
U685,Python,JavaScript,Beginner,Programming,3,completed
U986,Data Visualization,Python,Advanced,Analytics,5,completed
U942,JavaScript,React,Intermediate,Programming,5,completed
U639,Power BI,React,Beginner,Analytics,3,completed
U486,React,Python,Beginner,Programming,4,view
U822,Machine Learning,React,Advanced,AI,4,completed
U46,Deep Learning,Spring Boot,Beginner,AI,3,request
U925,Spring Boot,Java,Advanced,Programming,3,completed
U333,JavaScript,React,Beginner,Programming,3,request
U569,Data Analysis,Node.js,Beginner,Analytics,3,completed
U66,Data Visualization,Python,Advanced,Analytics,3,completed
U289,Node.js,Data Analysis,Advanced,Programming,5,completed
U871,SQL,Machine Learning,Beginner,Database,4,completed
U612,Power BI,UI/UX Design,Advanced,Analytics,5,request
U391,UI/UX Design,Power BI,Beginner,Design,4,view
U553,Machine Learning,Deep Learning,Advanced,AI,5,request
U411,Data Analysis,Machine Learning,Intermediate,Analytics,5,completed
U510,Java,Deep Learning,Beginner,Programming,4,request
U98,Node.js,Data Analysis,Intermediate,Programming,3,completed
U993,Excel,UI/UX Design,Advanced,Analytics,4,completed
U519,UI/UX Design,Deep Learning,Advanced,Design,5,completed
U528,Data Analysis,Machine Learning,Intermediate,Analytics,3,completed
U874,Deep Learning,JavaScript,Beginner,AI,3,completed
U542,SQL,Python,Intermediate,Database,4,completed
U689,UI/UX Design,Excel,Intermediate,Design,4,completed
U991,Node.js,JavaScript,Advanced,Programming,3,completed
U148,JavaScript,React,Intermediate,Programming,4,view
U895,Figma,UI/UX Design,Advanced,Design,4,request
U170,React,Java,Advanced,Programming,4,completed
U66,Python,Spring Boot,Advanced,Programming,4,completed
U987,React,Data Visualization,Beginner,Programming,3,completed
U910,SQL,JavaScript,Beginner,Database,4,completed
U156,UI/UX Design,Spring Boot,Beginner,Design,4,request
U973,Excel,Power BI,Advanced,Analytics,3,request
U948,Java,Python,Advanced,Programming,5,request
U217,Python,Figma,Beginner,Programming,3,completed
U56,Figma,React,Advanced,Design,3,request
U11,Node.js,Deep Learning,Advanced,Programming,3,completed
U73,React,Deep Learning,Intermediate,Programming,4,completed
U621,Java,JavaScript,Advanced,Programming,3,view
U957,Node.js,UI/UX Design,Advanced,Programming,3,completed
U323,Python,Excel,Advanced,Programming,5,view
U970,Java,React,Beginner,Programming,5,view
U922,UI/UX Design,Excel,Advanced,Design,5,completed
U779,Excel,Java,Intermediate,Analytics,5,completed
U493,Power BI,JavaScript,Advanced,Analytics,5,completed
U7,Machine Learning,Data Visualization,Intermediate,AI,4,request
U351,Spring Boot,Python,Beginner,Programming,4,completed
U968,Power BI,Spring Boot,Advanced,Analytics,4,completed
U623,Deep Learning,Excel,Intermediate,AI,4,view
U24,UI/UX Design,Deep Learning,Beginner,Design,4,completed
U178,Spring Boot,Data Analysis,Beginner,Programming,5,view
U910,React,Spring Boot,Beginner,Programming,4,completed
U279,Data Visualization,React,Advanced,Analytics,5,completed
U567,Figma,Power BI,Beginner,Design,5,completed
U258,Power BI,Java,Advanced,Analytics,4,completed
U967,UI/UX Design,JavaScript,Beginner,Design,5,completed
U20,Power BI,JavaScript,Intermediate,Analytics,3,completed
U882,Spring Boot,Figma,Intermediate,Programming,4,request
U195,Spring Boot,Figma,Advanced,Programming,3,completed
U946,Deep Learning,Node.js,Advanced,AI,3,request
U673,Node.js,React,Advanced,Programming,3,view
U520,Spring Boot,SQL,Intermediate,Programming,4,completed
U854,Machine Learning,Deep Learning,Advanced,AI,3,view
U864,Java,Excel,Intermediate,Programming,5,completed
U22,Data Visualization,React,Intermediate,Analytics,5,view
U864,Spring Boot,React,Beginner,Programming,4,request
U495,UI/UX Design,Excel,Intermediate,Design,4,completed
U403,React,Data Analysis,Advanced,Programming,5,request
U223,JavaScript,React,Advanced,Programming,4,completed
U331,Spring Boot,UI/UX Design,Advanced,Programming,4,completed
U692,Python,Node.js,Beginner,Programming,3,completed
U825,Data Analysis,Machine Learning,Advanced,Analytics,5,request
U810,Spring Boot,React,Beginner,Programming,4,view
U774,Excel,React,Advanced,Analytics,3,request
U565,Deep Learning,UI/UX Design,Beginner,AI,4,request
U528,SQL,React,Intermediate,Database,5,completed
U740,Data Visualization,Excel,Intermediate,Analytics,3,completed
U934,Figma,Spring Boot,Intermediate,Design,5,completed
U124,UI/UX Design,Spring Boot,Intermediate,Design,3,request
U756,Power BI,Spring Boot,Intermediate,Analytics,5,view
U690,Spring Boot,Python,Beginner,Programming,5,completed
U732,Data Analysis,JavaScript,Advanced,Analytics,4,view
U718,UI/UX Design,Deep Learning,Advanced,Design,4,view
U208,Data Visualization,SQL,Beginner,Analytics,4,completed
U541,Excel,JavaScript,Intermediate,Analytics,3,request
U119,Excel,Deep Learning,Intermediate,Analytics,3,completed
U207,SQL,JavaScript,Advanced,Database,5,completed
U791,SQL,Java,Beginner,Database,5,completed
U511,Spring Boot,JavaScript,Advanced,Programming,4,completed
U993,Data Visualization,Python,Beginner,Analytics,4,completed
U250,Power BI,Java,Advanced,Analytics,4,completed
U846,Node.js,Data Visualization,Advanced,Programming,5,completed
U324,Figma,Excel,Intermediate,Design,4,request
U143,React,SQL,Beginner,Programming,5,completed
U362,Power BI,Figma,Advanced,Analytics,3,completed
U639,Python,Excel,Beginner,Programming,4,request
U275,Figma,UI/UX Design,Advanced,Design,5,request
U273,Data Visualization,JavaScript,Intermediate,Analytics,4,request
U496,Spring Boot,Machine Learning,Intermediate,Programming,3,request
U232,Data Analysis,UI/UX Design,Intermediate,Analytics,3,request
U61,Node.js,React,Advanced,Programming,5,request
U600,Excel,Data Visualization,Intermediate,Analytics,3,view
U213,Java,Data Analysis,Advanced,Programming,5,view
U84,SQL,React,Intermediate,Database,4,request
U912,JavaScript,Figma,Beginner,Programming,4,request
U975,Spring Boot,Excel,Advanced,Programming,5,completed
U486,Figma,Excel,Beginner,Design,3,view
U372,React,Machine Learning,Advanced,Programming,3,completed
U325,Figma,Spring Boot,Beginner,Design,4,completed
U755,Spring Boot,Java,Beginner,Programming,3,request
U777,Java,Data Analysis,Intermediate,Programming,5,completed
U351,Figma,Spring Boot,Advanced,Design,3,view
U390,Spring Boot,Java,Intermediate,Programming,5,request
U333,Java,Spring Boot,Advanced,Programming,4,completed
U592,Data Visualization,JavaScript,Intermediate,Analytics,3,request
U210,Java,SQL,Intermediate,Programming,5,completed
U567,JavaScript,Data Visualization,Advanced,Programming,4,completed
U12,JavaScript,Power BI,Intermediate,Programming,3,completed
U106,Data Analysis,UI/UX Design,Advanced,Analytics,3,request
U571,JavaScript,Node.js,Intermediate,Programming,3,request
U688,SQL,Excel,Beginner,Database,4,view
U768,Figma,Java,Advanced,Design,3,view
U414,Machine Learning,Data Analysis,Advanced,AI,4,completed
U946,Power BI,Spring Boot,Beginner,Analytics,4,request
U816,Data Analysis,JavaScript,Intermediate,Analytics,3,request
U756,React,Deep Learning,Beginner,Programming,3,completed
U6,Figma,Machine Learning,Intermediate,Design,4,request
U710,Excel,React,Beginner,Analytics,4,view
U196,Data Analysis,Spring Boot,Advanced,Analytics,4,view
U453,Python,JavaScript,Beginner,Programming,5,completed
U43,SQL,Java,Beginner,Database,4,completed
U475,React,Data Analysis,Beginner,Programming,4,request
U932,Java,React,Beginner,Programming,4,completed
U167,Excel,Deep Learning,Advanced,Analytics,4,view
U494,Java,Data Visualization,Advanced,Programming,3,completed
U44,Java,JavaScript,Beginner,Programming,4,view
U760,Machine Learning,React,Beginner,AI,3,completed
U911,Node.js,UI/UX Design,Intermediate,Programming,3,completed
U146,JavaScript,Data Visualization,Advanced,Programming,4,completed
U358,Java,Figma,Beginner,Programming,4,completed
U960,Figma,Spring Boot,Intermediate,Design,3,completed
U916,Python,Data Visualization,Intermediate,Programming,4,view
U450,Figma,SQL,Intermediate,Design,4,completed
U19,Python,Figma,Beginner,Programming,3,completed
U606,Deep Learning,Java,Intermediate,AI,5,completed
U813,Excel,Python,Beginner,Analytics,3,completed
U8,Data Visualization,Power BI,Advanced,Analytics,3,request
U567,Node.js,Data Analysis,Advanced,Programming,4,completed
U353,Data Visualization,JavaScript,Advanced,Analytics,4,request
U788,Power BI,Java,Beginner,Analytics,4,view
U745,React,SQL,Intermediate,Programming,3,view
U210,Java,SQL,Advanced,Programming,5,completed
U40,JavaScript,Data Analysis,Advanced,Programming,5,request
U616,Java,UI/UX Design,Beginner,Programming,3,completed
U135,Excel,SQL,Advanced,Analytics,3,request
U245,Machine Learning,Excel,Beginner,AI,5,request
U502,Machine Learning,Figma,Beginner,AI,4,completed
U876,Deep Learning,Python,Beginner,AI,3,view
U940,Deep Learning,Figma,Advanced,AI,4,view
U604,React,SQL,Beginner,Programming,3,completed
U539,Python,Java,Beginner,Programming,3,completed
U719,Figma,Spring Boot,Beginner,Design,3,completed
U390,Node.js,UI/UX Design,Advanced,Programming,4,view
U221,Deep Learning,SQL,Intermediate,AI,5,view
U266,Figma,Data Visualization,Beginner,Design,3,completed
U794,JavaScript,UI/UX Design,Beginner,Programming,3,request
U19,Machine Learning,SQL,Intermediate,AI,5,view
U40,UI/UX Design,React,Beginner,Design,3,completed
U757,SQL,Excel,Intermediate,Database,5,request
U670,Python,Spring Boot,Intermediate,Programming,4,completed
U411,Excel,Deep Learning,Beginner,Analytics,4,view
U24,Spring Boot,Power BI,Intermediate,Programming,4,completed
U181,Excel,Spring Boot,Advanced,Analytics,3,completed
U462,UI/UX Design,Data Analysis,Advanced,Design,4,view
U326,Deep Learning,Node.js,Beginner,AI,3,request
U364,Data Analysis,JavaScript,Advanced,Analytics,3,completed
U296,Python,Excel,Intermediate,Programming,4,view
U619,Excel,Java,Beginner,Analytics,3,completed
U787,Excel,Data Visualization,Beginner,Analytics,4,completed
U56,Excel,Java,Beginner,Analytics,4,request
U451,UI/UX Design,Deep Learning,Advanced,Design,5,request
U624,JavaScript,Data Analysis,Beginner,Programming,3,request
U840,Java,Node.js,Intermediate,Programming,3,completed
U235,SQL,Deep Learning,Intermediate,Database,4,completed
U70,Java,Data Visualization,Advanced,Programming,5,view
U566,Spring Boot,Python,Beginner,Programming,4,view
U831,React,Machine Learning,Advanced,Programming,4,completed
U232,Data Visualization,Power BI,Intermediate,Analytics,3,view
U896,SQL,Node.js,Beginner,Database,5,request
U431,SQL,Data Visualization,Advanced,Database,3,completed
U448,Figma,Machine Learning,Advanced,Design,5,completed
U478,Data Visualization,JavaScript,Advanced,Analytics,4,request
U538,Power BI,React,Advanced,Analytics,5,completed
U99,Node.js,Data Analysis,Beginner,Programming,5,request
U197,Data Analysis,Spring Boot,Beginner,Analytics,3,request
U641,Spring Boot,Data Analysis,Beginner,Programming,5,view
U79,Data Analysis,React,Beginner,Analytics,4,completed
U83,Java,SQL,Beginner,Programming,3,completed
U451,Excel,React,Beginner,Analytics,5,view
U178,Node.js,Machine Learning,Beginner,Programming,4,request
U813,Figma,Python,Advanced,Design,3,request
U173,Python,Machine Learning,Beginner,Programming,4,request
U705,Data Visualization,SQL,Advanced,Analytics,3,completed
U736,Node.js,UI/UX Design,Advanced,Programming,5,request
U658,Power BI,React,Intermediate,Analytics,4,request
U767,Excel,Machine Learning,Beginner,Analytics,4,request
U299,Node.js,Java,Beginner,Programming,4,completed
U678,Excel,Figma,Intermediate,Analytics,4,request
U677,Figma,Spring Boot,Advanced,Design,5,completed
U84,React,Java,Beginner,Programming,4,completed
U813,Data Visualization,Deep Learning,Advanced,Analytics,3,completed
U485,Spring Boot,Deep Learning,Advanced,Programming,5,view
U532,Excel,Python,Advanced,Analytics,4,completed
U322,Spring Boot,Power BI,Beginner,Programming,3,request
U795,Deep Learning,Java,Intermediate,AI,4,completed
U22,Java,Deep Learning,Beginner,Programming,3,request
U248,React,Python,Intermediate,Programming,3,view
U583,Power BI,Excel,Advanced,Analytics,5,request
U134,Node.js,React,Beginner,Programming,3,completed
U518,React,Machine Learning,Beginner,Programming,4,view
U87,Spring Boot,Figma,Beginner,Programming,3,request
U413,Data Visualization,UI/UX Design,Advanced,Analytics,5,completed
U505,Machine Learning,Figma,Beginner,AI,3,completed
U660,UI/UX Design,Figma,Advanced,Design,3,view
U204,SQL,Machine Learning,Intermediate,Database,4,request
U286,Data Analysis,Figma,Intermediate,Analytics,5,view
U472,Machine Learning,Excel,Beginner,AI,4,request
U134,SQL,Machine Learning,Intermediate,Database,4,request
U202,Spring Boot,Data Analysis,Beginner,Programming,5,view
U451,Excel,Java,Beginner,Analytics,3,request
U414,Excel,Node.js,Advanced,Analytics,3,request
U237,Deep Learning,Power BI,Advanced,AI,4,request
U750,Figma,Python,Advanced,Design,5,request
U720,JavaScript,Python,Advanced,Programming,4,request
U861,Machine Learning,SQL,Advanced,AI,3,completed
U795,Power BI,Spring Boot,Beginner,Analytics,4,view
U226,SQL,Excel,Intermediate,Database,4,completed
U628,Java,React,Advanced,Programming,4,request
U624,Node.js,Figma,Advanced,Programming,5,completed
U801,Excel,SQL,Advanced,Analytics,4,completed
U967,Figma,SQL,Intermediate,Design,3,completed
U114,Java,JavaScript,Intermediate,Programming,4,request
U245,SQL,Machine Learning,Advanced,Database,5,completed
U49,Node.js,Excel,Advanced,Programming,5,request
U173,React,Figma,Intermediate,Programming,4,completed
U445,Power BI,Data Visualization,Beginner,Analytics,3,request
U893,Node.js,JavaScript,Beginner,Programming,4,view
U176,Node.js,Spring Boot,Beginner,Programming,4,request
U765,SQL,React,Intermediate,Database,3,view
U835,Data Visualization,Excel,Advanced,Analytics,4,completed
U36,Machine Learning,Deep Learning,Advanced,AI,3,completed
U793,Deep Learning,Machine Learning,Intermediate,AI,4,view
U960,SQL,Python,Intermediate,Database,5,request
U71,SQL,Node.js,Intermediate,Database,3,view
U979,Python,Spring Boot,Beginner,Programming,4,request
U399,Java,Python,Intermediate,Programming,5,request
U666,React,Node.js,Beginner,Programming,4,request
U790,Data Visualization,Java,Beginner,Analytics,3,completed
U641,Java,SQL,Beginner,Programming,4,completed
U503,Data Analysis,Excel,Advanced,Analytics,3,completed
U12,JavaScript,Java,Intermediate,Programming,3,completed
U916,Deep Learning,React,Beginner,AI,5,view
U151,SQL,Spring Boot,Advanced,Database,5,view
U144,SQL,Data Analysis,Advanced,Database,5,completed
U429,Machine Learning,UI/UX Design,Beginner,AI,4,request
U223,Data Analysis,Machine Learning,Advanced,Analytics,3,completed
U887,JavaScript,Machine Learning,Advanced,Programming,4,completed
U890,Spring Boot,Power BI,Advanced,Programming,3,completed
U800,JavaScript,Data Analysis,Beginner,Programming,3,completed
U904,Java,Node.js,Beginner,Programming,3,request
U685,Node.js,Java,Beginner,Programming,5,view
U364,Node.js,Data Analysis,Advanced,Programming,3,view
U720,SQL,JavaScript,Intermediate,Database,3,request
U639,Power BI,Machine Learning,Advanced,Analytics,4,request
U689,Excel,UI/UX Design,Intermediate,Analytics,3,request
U36,Data Visualization,Node.js,Beginner,Analytics,4,request
U967,Node.js,Data Visualization,Advanced,Programming,4,view
U247,Figma,Machine Learning,Intermediate,Design,4,completed
U302,Java,JavaScript,Beginner,Programming,5,completed
U813,Deep Learning,JavaScript,Intermediate,AI,5,request
U14,Machine Learning,Node.js,Beginner,AI,5,view
U934,Excel,Machine Learning,Intermediate,Analytics,3,request
U789,SQL,Excel,Advanced,Database,5,request
U3,Machine Learning,Deep Learning,Beginner,AI,4,completed
U461,Node.js,Data Visualization,Advanced,Programming,5,request
U146,Machine Learning,JavaScript,Beginner,AI,5,completed
U109,Power BI,React,Beginner,Analytics,4,completed
U256,UI/UX Design,Deep Learning,Advanced,Design,4,completed
U476,JavaScript,Data Visualization,Beginner,Programming,4,request
U676,Power BI,Python,Beginner,Analytics,3,request
U308,Python,JavaScript,Beginner,Programming,5,completed
U881,Figma,Excel,Intermediate,Design,4,view
U607,Spring Boot,Data Analysis,Advanced,Programming,4,request
U241,React,JavaScript,Advanced,Programming,5,completed
U589,Java,UI/UX Design,Intermediate,Programming,4,request
U649,Data Visualization,React,Intermediate,Analytics,5,request
U547,Data Visualization,SQL,Intermediate,Analytics,4,completed
U304,Data Visualization,React,Beginner,Analytics,4,view
U439,React,Data Visualization,Advanced,Programming,5,view
U22,Excel,Java,Beginner,Analytics,3,request
U548,Spring Boot,Node.js,Intermediate,Programming,5,view
U545,Spring Boot,SQL,Beginner,Programming,4,view
U77,Data Analysis,React,Advanced,Analytics,3,request
U926,Python,JavaScript,Intermediate,Programming,4,request
U477,Deep Learning,Power BI,Beginner,AI,3,view
U915,Power BI,UI/UX Design,Beginner,Analytics,3,view
U251,Figma,Data Visualization,Intermediate,Design,4,request
U687,Java,Deep Learning,Intermediate,Programming,4,request
U363,SQL,Spring Boot,Beginner,Database,3,completed
U38,Spring Boot,React,Beginner,Programming,4,request
U524,Data Analysis,Excel,Beginner,Analytics,4,completed
U596,React,Excel,Advanced,Programming,3,completed
U76,JavaScript,React,Advanced,Programming,4,request
U871,Excel,Deep Learning,Advanced,Analytics,3,completed
U174,Figma,Node.js,Advanced,Design,3,completed
U686,Figma,Node.js,Advanced,Design,3,completed
U902,Data Analysis,JavaScript,Advanced,Analytics,4,view
U879,Excel,Figma,Beginner,Analytics,4,view
U91,Deep Learning,JavaScript,Advanced,AI,3,view
U656,Java,SQL,Intermediate,Programming,3,request
U128,Node.js,JavaScript,Beginner,Programming,3,request
U714,UI/UX Design,Spring Boot,Intermediate,Design,4,view
U619,Spring Boot,Data Visualization,Intermediate,Programming,3,completed
U476,Data Analysis,Excel,Advanced,Analytics,4,completed
U761,Data Analysis,Excel,Intermediate,Analytics,3,request
U914,Data Analysis,Node.js,Intermediate,Analytics,4,request
U87,Data Analysis,Node.js,Intermediate,Analytics,4,view
U814,Power BI,Deep Learning,Advanced,Analytics,5,request
U760,Power BI,React,Advanced,Analytics,5,completed
U291,React,Deep Learning,Intermediate,Programming,5,completed
U300,React,UI/UX Design,Beginner,Programming,3,completed
U940,Machine Learning,Excel,Beginner,AI,3,completed
U683,Spring Boot,Power BI,Intermediate,Programming,5,completed
U513,Machine Learning,Java,Beginner,AI,5,request
U948,SQL,Node.js,Beginner,Database,4,completed
U547,Data Visualization,Figma,Intermediate,Analytics,4,request
U672,Machine Learning,Excel,Beginner,AI,4,request
U288,Deep Learning,React,Intermediate,AI,4,completed
U337,Figma,JavaScript,Beginner,Design,4,completed
U642,Data Analysis,Spring Boot,Advanced,Analytics,5,completed
U102,Python,Figma,Intermediate,Programming,3,completed
U410,Java,Node.js,Beginner,Programming,3,completed
U370,Spring Boot,React,Beginner,Programming,3,completed
U47,Java,SQL,Intermediate,Programming,4,request
U439,Excel,Figma,Intermediate,Analytics,5,completed
U727,Spring Boot,UI/UX Design,Advanced,Programming,5,completed
U771,Spring Boot,Figma,Beginner,Programming,5,completed
U486,Python,Excel,Intermediate,Programming,3,request
U524,Data Visualization,SQL,Intermediate,Analytics,4,request
U351,Spring Boot,Node.js,Intermediate,Programming,3,completed
U54,Excel,Spring Boot,Beginner,Analytics,3,completed
U915,Spring Boot,Machine Learning,Beginner,Programming,4,view
U303,Figma,JavaScript,Advanced,Design,5,view
U594,Machine Learning,Power BI,Beginner,AI,4,request
U938,Data Visualization,Excel,Advanced,Analytics,3,completed
U993,Machine Learning,UI/UX Design,Beginner,AI,4,request
U357,UI/UX Design,Python,Beginner,Design,3,view
U270,Spring Boot,Deep Learning,Beginner,Programming,5,view
U232,Spring Boot,Deep Learning,Beginner,Programming,5,request
U229,Python,Data Visualization,Intermediate,Programming,5,request
U925,JavaScript,UI/UX Design,Intermediate,Programming,5,completed
U993,Data Analysis,Deep Learning,Advanced,Analytics,5,completed
U234,Figma,Deep Learning,Beginner,Design,4,request
U347,Java,Excel,Intermediate,Programming,5,completed
U473,Node.js,Python,Beginner,Programming,3,view
U538,UI/UX Design,Spring Boot,Beginner,Design,3,view
U29,Data Analysis,Node.js,Beginner,Analytics,4,completed
U903,Java,Node.js,Beginner,Programming,4,request
U191,Excel,Figma,Intermediate,Analytics,5,completed
U681,Excel,Python,Beginner,Analytics,3,view
U500,React,Power BI,Intermediate,Programming,3,request
U34,Data Visualization,Figma,Beginner,Analytics,3,request
U736,Figma,Data Analysis,Advanced,Design,5,view
U436,Excel,JavaScript,Advanced,Analytics,3,request
U28,Data Visualization,Python,Intermediate,Analytics,4,view
U533,SQL,Java,Advanced,Database,5,completed
U26,Data Visualization,UI/UX Design,Advanced,Analytics,4,request
U907,Deep Learning,Node.js,Advanced,AI,5,completed
U21,Data Analysis,Node.js,Intermediate,Analytics,5,request
U817,JavaScript,Data Analysis,Intermediate,Programming,4,completed
U756,JavaScript,Power BI,Advanced,Programming,3,request
U651,Data Visualization,Java,Intermediate,Analytics,5,completed
U231,Deep Learning,UI/UX Design,Advanced,AI,5,completed
U184,Node.js,Excel,Advanced,Programming,4,completed
U103,React,Deep Learning,Advanced,Programming,3,view
U701,React,UI/UX Design,Intermediate,Programming,5,completed
U728,Deep Learning,Python,Intermediate,AI,5,view
U110,Machine Learning,UI/UX Design,Intermediate,AI,5,request
U180,SQL,JavaScript,Advanced,Database,4,request
U647,Figma,Python,Intermediate,Design,4,completed
U874,Data Visualization,Data Analysis,Intermediate,Analytics,5,view
U347,Data Visualization,Power BI,Advanced,Analytics,5,completed
U470,Python,Power BI,Intermediate,Programming,5,completed
U267,SQL,Power BI,Beginner,Database,3,request
U647,Spring Boot,Data Visualization,Advanced,Programming,4,completed
U689,Spring Boot,Node.js,Advanced,Programming,4,view
U972,UI/UX Design,Machine Learning,Beginner,Design,4,request
U869,SQL,Excel,Intermediate,Database,5,request
U183,Power BI,Deep Learning,Advanced,Analytics,3,view
U561,Data Visualization,Figma,Intermediate,Analytics,3,request
U951,React,Python,Intermediate,Programming,4,request
U615,Power BI,React,Advanced,Analytics,3,view
U818,Excel,Node.js,Beginner,Analytics,5,completed
U768,Data Analysis,Spring Boot,Advanced,Analytics,3,completed
U537,Java,Deep Learning,Advanced,Programming,4,request
U451,UI/UX Design,Data Visualization,Intermediate,Design,4,completed
U20,UI/UX Design,Spring Boot,Beginner,Design,3,completed
U524,Java,Spring Boot,Advanced,Programming,5,view
U438,Spring Boot,Data Visualization,Intermediate,Programming,5,completed
U691,Spring Boot,Data Analysis,Advanced,Programming,4,completed
U856,Data Analysis,Power BI,Advanced,Analytics,3,request
U242,Java,Figma,Beginner,Programming,4,completed
U114,JavaScript,Figma,Beginner,Programming,3,completed
U912,Figma,Data Analysis,Intermediate,Design,3,request
U183,Data Analysis,React,Beginner,Analytics,4,request
U419,Java,Excel,Beginner,Programming,5,completed
U964,Data Visualization,Java,Intermediate,Analytics,4,request
U947,Excel,Data Analysis,Advanced,Analytics,4,completed
U13,Deep Learning,JavaScript,Beginner,AI,4,completed
U827,React,Machine Learning,Advanced,Programming,5,completed
U19,Data Visualization,Node.js,Advanced,Analytics,3,request
U336,JavaScript,Java,Advanced,Programming,3,completed
U430,Data Analysis,SQL,Intermediate,Analytics,4,view
U154,Spring Boot,Data Analysis,Beginner,Programming,5,request
U99,UI/UX Design,Deep Learning,Advanced,Design,5,completed
U663,Spring Boot,Excel,Beginner,Programming,4,completed
U874,Spring Boot,UI/UX Design,Beginner,Programming,4,completed
U468,SQL,Node.js,Intermediate,Database,4,view
U595,Figma,SQL,Intermediate,Design,5,completed
U482,Java,UI/UX Design,Advanced,Programming,4,request
U283,Python,Excel,Intermediate,Programming,4,request
U442,Spring Boot,Java,Intermediate,Programming,5,completed
U219,Figma,Java,Beginner,Design,5,completed
U53,Machine Learning,Power BI,Intermediate,AI,5,completed
U73,Java,Spring Boot,Beginner,Programming,3,view
U944,Deep Learning,Data Analysis,Beginner,AI,5,completed
U576,SQL,Machine Learning,Advanced,Database,5,completed
U130,JavaScript,Figma,Intermediate,Programming,3,completed
U821,SQL,Python,Beginner,Database,3,request
U643,Data Visualization,Python,Intermediate,Analytics,4,request
U327,Figma,Excel,Intermediate,Design,3,request
U695,Java,Python,Advanced,Programming,3,completed
U352,React,Node.js,Intermediate,Programming,3,request
U379,Machine Learning,JavaScript,Advanced,AI,5,view
U256,Deep Learning,SQL,Intermediate,AI,4,completed
U664,Data Visualization,SQL,Advanced,Analytics,4,completed
U235,Node.js,Figma,Intermediate,Programming,5,completed
U710,Machine Learning,Spring Boot,Beginner,AI,3,view
U416,SQL,Data Analysis,Intermediate,Database,4,request
U161,Data Analysis,Node.js,Intermediate,Analytics,5,request
U482,Figma,JavaScript,Beginner,Design,5,request
U982,Excel,Java,Intermediate,Analytics,3,request
U800,Data Visualization,Python,Intermediate,Analytics,3,completed
U656,JavaScript,React,Beginner,Programming,5,request
U877,Power BI,Machine Learning,Beginner,Analytics,3,completed
U557,Data Analysis,React,Beginner,Analytics,3,completed
U138,React,Python,Intermediate,Programming,5,request
U790,UI/UX Design,Machine Learning,Advanced,Design,3,completed
U903,SQL,Deep Learning,Advanced,Database,3,request
U573,Power BI,Java,Intermediate,Analytics,4,completed
U40,Power BI,Data Analysis,Intermediate,Analytics,5,completed
U850,Data Analysis,Figma,Intermediate,Analytics,5,completed
U140,Spring Boot,Machine Learning,Advanced,Programming,3,completed
U147,JavaScript,Python,Intermediate,Programming,3,view
U978,Data Analysis,Data Visualization,Beginner,Analytics,3,completed
U326,Machine Learning,Deep Learning,Beginner,AI,5,completed
U447,Spring Boot,Machine Learning,Advanced,Programming,5,view
U151,JavaScript,Machine Learning,Intermediate,Programming,3,completed
U681,Machine Learning,Figma,Advanced,AI,4,completed
U368,Spring Boot,Python,Advanced,Programming,3,completed
U450,Java,JavaScript,Advanced,Programming,4,completed
U653,Java,Excel,Intermediate,Programming,4,request
U267,Machine Learning,Node.js,Advanced,AI,3,completed
U848,Deep Learning,UI/UX Design,Beginner,AI,4,request
U523,UI/UX Design,Power BI,Advanced,Design,5,completed
U903,Java,Data Analysis,Advanced,Programming,4,request
U798,Data Analysis,SQL,Advanced,Analytics,5,completed
U598,Data Analysis,Data Visualization,Beginner,Analytics,4,completed
U913,Node.js,Spring Boot,Advanced,Programming,3,completed
U105,Data Visualization,Power BI,Intermediate,Analytics,5,request
U819,Figma,UI/UX Design,Advanced,Design,3,view
U275,Data Analysis,Spring Boot,Intermediate,Analytics,3,view
U839,Deep Learning,SQL,Advanced,AI,4,completed
U160,Java,UI/UX Design,Advanced,Programming,4,completed
U935,Java,Deep Learning,Beginner,Programming,5,completed
U732,Python,Deep Learning,Advanced,Programming,5,completed
U143,React,Node.js,Advanced,Programming,4,request
U140,Java,React,Advanced,Programming,4,completed
U867,Data Analysis,UI/UX Design,Beginner,Analytics,4,completed
U360,Figma,Power BI,Advanced,Design,5,completed
U680,UI/UX Design,Excel,Advanced,Design,3,completed
U628,React,SQL,Beginner,Programming,5,view
U953,React,Excel,Beginner,Programming,4,completed
U451,Spring Boot,React,Intermediate,Programming,4,completed
U450,Python,Node.js,Beginner,Programming,5,completed
U449,Python,React,Beginner,Programming,3,view
U253,SQL,Machine Learning,Advanced,Database,5,completed
U263,Node.js,Power BI,Advanced,Programming,5,view
U525,JavaScript,Machine Learning,Intermediate,Programming,3,request
U644,Node.js,Machine Learning,Beginner,Programming,3,completed
U192,JavaScript,Java,Intermediate,Programming,5,completed
U984,React,JavaScript,Advanced,Programming,3,view
U950,Data Analysis,Spring Boot,Intermediate,Analytics,4,completed
U12,Data Visualization,Excel,Beginner,Analytics,4,completed
U720,Deep Learning,JavaScript,Advanced,AI,3,request
U477,Deep Learning,Python,Advanced,AI,5,request
U299,Java,Machine Learning,Intermediate,Programming,5,completed
U341,Excel,Node.js,Beginner,Analytics,4,completed
U225,Spring Boot,Power BI,Intermediate,Programming,3,request
U832,Power BI,Excel,Intermediate,Analytics,5,completed
U395,Node.js,SQL,Beginner,Programming,3,request
U304,Data Visualization,Java,Beginner,Analytics,3,request
U536,Figma,Data Analysis,Intermediate,Design,4,completed
U248,Java,Spring Boot,Beginner,Programming,5,completed
U79,SQL,Power BI,Intermediate,Database,5,view
U324,Figma,Power BI,Advanced,Design,5,completed
U814,JavaScript,Machine Learning,Beginner,Programming,5,completed
U352,SQL,Machine Learning,Advanced,Database,3,request
U525,Machine Learning,Java,Intermediate,AI,3,completed
U801,Spring Boot,Figma,Intermediate,Programming,3,request
U153,Figma,Python,Beginner,Design,5,completed
U363,Figma,Java,Beginner,Design,4,completed
U605,Spring Boot,UI/UX Design,Intermediate,Programming,5,request
U415,Deep Learning,Spring Boot,Advanced,AI,3,request
U54,React,Python,Intermediate,Programming,3,completed
U419,Machine Learning,Node.js,Advanced,AI,5,request
U186,React,Deep Learning,Intermediate,Programming,5,view
U553,Java,Figma,Beginner,Programming,5,completed
U674,Python,Data Analysis,Advanced,Programming,4,request
U845,Figma,Machine Learning,Advanced,Design,4,completed
U474,SQL,Figma,Beginner,Database,4,completed
U359,SQL,UI/UX Design,Beginner,Database,4,view
U589,JavaScript,Python,Advanced,Programming,4,completed
U181,Node.js,Data Visualization,Beginner,Programming,5,completed
U386,Power BI,Machine Learning,Beginner,Analytics,3,view
U568,SQL,Excel,Intermediate,Database,4,completed
U762,Spring Boot,UI/UX Design,Intermediate,Programming,5,completed
U13,Python,Java,Intermediate,Programming,3,view
U903,Node.js,Figma,Intermediate,Programming,3,completed
U372,Data Analysis,React,Beginner,Analytics,5,completed
U726,Spring Boot,Node.js,Intermediate,Programming,4,completed
U737,Java,JavaScript,Beginner,Programming,5,completed
U273,Excel,Java,Beginner,Analytics,4,completed
U562,UI/UX Design,Power BI,Intermediate,Design,3,view
U744,SQL,JavaScript,Intermediate,Database,5,completed
U20,Python,Deep Learning,Intermediate,Programming,5,completed
U111,Data Analysis,Power BI,Intermediate,Analytics,3,completed
U972,Power BI,Python,Advanced,Analytics,4,completed
U218,SQL,Node.js,Advanced,Database,4,completed
U475,Data Visualization,Python,Advanced,Analytics,4,request
U957,Data Visualization,Data Analysis,Beginner,Analytics,4,completed
U945,React,Excel,Beginner,Programming,4,request
U392,Power BI,Figma,Advanced,Analytics,3,request
U759,UI/UX Design,Spring Boot,Beginner,Design,5,request
U794,UI/UX Design,Spring Boot,Advanced,Design,3,view
U752,SQL,UI/UX Design,Beginner,Database,4,completed
U936,Python,React,Beginner,Programming,5,completed
U799,Deep Learning,Figma,Beginner,AI,4,completed
U787,UI/UX Design,Data Analysis,Intermediate,Design,5,request
U374,Python,Data Analysis,Intermediate,Programming,4,request
U545,Deep Learning,Machine Learning,Intermediate,AI,5,request
U659,Node.js,Excel,Beginner,Programming,4,completed
U301,Excel,Machine Learning,Advanced,Analytics,5,request
U913,Figma,React,Intermediate,Design,4,completed
U969,SQL,Figma,Intermediate,Database,3,request
U918,React,Java,Intermediate,Programming,4,completed
U118,JavaScript,Deep Learning,Beginner,Programming,4,completed
U397,Power BI,Deep Learning,Advanced,Analytics,5,request
U491,Power BI,Java,Advanced,Analytics,4,completed
U873,SQL,Power BI,Advanced,Database,5,view
U355,Data Visualization,React,Advanced,Analytics,4,completed
U351,JavaScript,Spring Boot,Advanced,Programming,5,completed
U852,Power BI,Figma,Advanced,Analytics,5,request
U830,Spring Boot,Python,Beginner,Programming,5,completed
U272,Python,SQL,Advanced,Programming,4,view
U757,Data Analysis,Deep Learning,Intermediate,Analytics,5,completed
U970,Data Visualization,React,Beginner,Analytics,3,view
U864,Spring Boot,Data Visualization,Advanced,Programming,4,view
U694,Power BI,Excel,Advanced,Analytics,4,request
U362,UI/UX Design,Node.js,Intermediate,Design,3,completed
U839,SQL,JavaScript,Beginner,Database,4,request
U571,Node.js,Excel,Advanced,Programming,5,request
U389,Data Visualization,Deep Learning,Intermediate,Analytics,3,completed
U485,Figma,Python,Advanced,Design,3,view
U536,Deep Learning,Power BI,Advanced,AI,5,completed
U267,Data Analysis,UI/UX Design,Advanced,Analytics,5,completed
U184,Python,Machine Learning,Intermediate,Programming,5,view
U974,Power BI,React,Beginner,Analytics,5,completed
U971,Figma,Power BI,Intermediate,Design,4,completed
U648,Figma,Power BI,Intermediate,Design,4,request
U578,Node.js,JavaScript,Advanced,Programming,5,view
U643,React,Data Visualization,Intermediate,Programming,3,completed
U465,Data Analysis,UI/UX Design,Beginner,Analytics,4,view
U70,Data Analysis,Python,Intermediate,Analytics,5,completed
U610,Data Analysis,Deep Learning,Advanced,Analytics,5,completed
U298,Deep Learning,Excel,Intermediate,AI,3,view
U141,Java,JavaScript,Advanced,Programming,4,completed
U713,Figma,Power BI,Intermediate,Design,4,request
U692,Java,Deep Learning,Advanced,Programming,3,request
U235,Machine Learning,JavaScript,Intermediate,AI,4,completed
U746,Spring Boot,SQL,Beginner,Programming,4,completed
U805,Excel,React,Intermediate,Analytics,4,request
U143,Python,Node.js,Intermediate,Programming,4,completed
U290,Figma,Python,Advanced,Design,5,completed
U883,SQL,Excel,Advanced,Database,5,completed
U899,Excel,Spring Boot,Beginner,Analytics,3,completed
U675,Excel,Python,Beginner,Analytics,3,request
U274,Power BI,Python,Intermediate,Analytics,3,request
U158,Figma,UI/UX Design,Intermediate,Design,5,view
U234,Excel,Power BI,Intermediate,Analytics,3,completed
U898,Data Visualization,Power BI,Advanced,Analytics,5,completed
U980,UI/UX Design,JavaScript,Advanced,Design,4,completed
U417,Power BI,UI/UX Design,Intermediate,Analytics,3,completed
U263,SQL,Figma,Advanced,Database,5,view
U82,Data Visualization,Figma,Beginner,Analytics,5,completed
U74,React,Machine Learning,Intermediate,Programming,3,completed
U5,Power BI,Node.js,Beginner,Analytics,5,completed
U629,Power BI,Data Analysis,Intermediate,Analytics,3,completed
U377,Power BI,SQL,Advanced,Analytics,5,completed
U814,Data Visualization,Power BI,Intermediate,Analytics,5,view
U437,Python,Node.js,Beginner,Programming,3,completed
U650,Deep Learning,JavaScript,Intermediate,AI,5,request
U176,Data Visualization,Java,Advanced,Analytics,4,completed
U74,Machine Learning,Node.js,Intermediate,AI,4,completed
U932,Excel,Deep Learning,Beginner,Analytics,3,request
U351,Data Analysis,Data Visualization,Advanced,Analytics,3,completed
U381,SQL,Node.js,Advanced,Database,4,completed
U289,Python,JavaScript,Beginner,Programming,4,completed
U157,React,Deep Learning,Beginner,Programming,5,completed
U830,Excel,Data Analysis,Intermediate,Analytics,4,request
U177,Node.js,Java,Advanced,Programming,5,completed
U671,Deep Learning,Machine Learning,Intermediate,AI,5,completed
U735,Excel,JavaScript,Intermediate,Analytics,5,completed
U861,Spring Boot,JavaScript,Beginner,Programming,5,view
U399,Figma,UI/UX Design,Advanced,Design,3,request
U532,Machine Learning,Node.js,Advanced,AI,3,view
U397,Python,Figma,Beginner,Programming,5,view
U58,Excel,JavaScript,Beginner,Analytics,3,completed
U517,Figma,Power BI,Advanced,Design,5,request
U415,SQL,Deep Learning,Intermediate,Database,5,view
U942,Excel,Spring Boot,Advanced,Analytics,3,view
U610,Java,SQL,Advanced,Programming,3,request
U263,Java,Power BI,Advanced,Programming,3,request
U503,React,Machine Learning,Advanced,Programming,3,request
U852,React,Java,Advanced,Programming,3,request
U84,SQL,Data Visualization,Intermediate,Database,4,completed
U3,UI/UX Design,Power BI,Intermediate,Design,4,request
U168,Machine Learning,Deep Learning,Advanced,AI,3,completed
U451,SQL,Figma,Advanced,Database,3,completed
U599,Excel,Power BI,Beginner,Analytics,4,view
U1,Data Analysis,Figma,Intermediate,Analytics,5,request
U423,Spring Boot,Figma,Intermediate,Programming,3,completed
U58,Spring Boot,Node.js,Advanced,Programming,5,request
U673,Machine Learning,SQL,Beginner,AI,4,completed
U699,React,Figma,Intermediate,Programming,3,completed
U194,Spring Boot,Node.js,Beginner,Programming,5,view
U899,Machine Learning,Figma,Advanced,AI,4,view
U742,Deep Learning,SQL,Beginner,AI,5,completed
U405,Python,Data Visualization,Intermediate,Programming,5,request
U363,SQL,Deep Learning,Advanced,Database,4,request
U890,Java,SQL,Intermediate,Programming,4,view
U393,Deep Learning,SQL,Intermediate,AI,5,view
U984,Machine Learning,Spring Boot,Intermediate,AI,4,view
U18,SQL,Java,Advanced,Database,5,request
U895,Excel,Node.js,Intermediate,Analytics,5,completed
U578,Spring Boot,React,Advanced,Programming,3,completed
U254,Power BI,JavaScript,Beginner,Analytics,4,view
U785,Java,JavaScript,Beginner,Programming,4,completed
U583,Spring Boot,React,Intermediate,Programming,5,request
U992,UI/UX Design,Data Analysis,Beginner,Design,4,request
U578,Excel,Deep Learning,Advanced,Analytics,5,completed
U800,SQL,Data Analysis,Beginner,Database,4,completed
U494,Spring Boot,UI/UX Design,Advanced,Programming,5,completed
U209,Data Visualization,Power BI,Advanced,Analytics,3,completed
U881,Figma,Machine Learning,Intermediate,Design,3,completed
U932,Node.js,Machine Learning,Beginner,Programming,4,request
U830,Data Visualization,Figma,Advanced,Analytics,5,view
U336,Node.js,Figma,Beginner,Programming,3,request
U485,Figma,Spring Boot,Advanced,Design,4,completed
U422,React,Deep Learning,Beginner,Programming,4,completed
U257,Data Visualization,Spring Boot,Beginner,Analytics,4,completed
U761,React,Machine Learning,Beginner,Programming,5,completed
U721,Python,Excel,Intermediate,Programming,4,view
U856,Machine Learning,Power BI,Beginner,AI,3,completed
U34,Data Visualization,Figma,Beginner,Analytics,5,completed
U991,Node.js,Spring Boot,Beginner,Programming,5,completed
U740,Excel,Data Visualization,Intermediate,Analytics,3,view
U879,Python,Deep Learning,Intermediate,Programming,4,completed
U989,Machine Learning,Power BI,Beginner,AI,3,view
U849,Figma,Excel,Beginner,Design,3,request
U958,Data Visualization,Excel,Intermediate,Analytics,4,completed
U107,Data Visualization,Java,Intermediate,Analytics,3,request
U540,UI/UX Design,React,Advanced,Design,4,view
U658,Java,Node.js,Intermediate,Programming,3,completed
U186,Python,Machine Learning,Intermediate,Programming,4,completed
U787,Data Analysis,Spring Boot,Advanced,Analytics,3,completed
U382,SQL,Power BI,Beginner,Database,4,view
U408,React,SQL,Advanced,Programming,5,completed
U646,Spring Boot,Excel,Beginner,Programming,5,completed
U203,Java,UI/UX Design,Intermediate,Programming,3,completed
U195,Data Visualization,Node.js,Beginner,Analytics,3,request
U586,Power BI,JavaScript,Intermediate,Analytics,4,request
U659,React,Spring Boot,Advanced,Programming,5,completed
U884,Data Visualization,JavaScript,Beginner,Analytics,3,completed
U51,Data Visualization,Java,Intermediate,Analytics,3,completed
U174,Data Visualization,Figma,Advanced,Analytics,5,request
U960,Node.js,Java,Beginner,Programming,5,completed
U990,Data Analysis,JavaScript,Intermediate,Analytics,5,completed
U990,Deep Learning,Java,Beginner,AI,5,completed
U799,Machine Learning,SQL,Intermediate,AI,4,completed
U322,Excel,Deep Learning,Intermediate,Analytics,5,completed
U273,JavaScript,Spring Boot,Intermediate,Programming,3,view
U931,UI/UX Design,Power BI,Intermediate,Design,5,completed
U1000,Data Visualization,Figma,Advanced,Analytics,3,completed
U524,Power BI,SQL,Advanced,Analytics,5,request
U738,Machine Learning,Data Analysis,Intermediate,AI,3,completed
U164,JavaScript,React,Beginner,Programming,3,view
U744,React,Figma,Intermediate,Programming,4,view
U840,Power BI,SQL,Advanced,Analytics,5,view
U538,Machine Learning,Figma,Beginner,AI,3,completed
U357,Java,SQL,Beginner,Programming,4,completed
U276,Python,Figma,Advanced,Programming,3,view
U216,Data Analysis,Excel,Intermediate,Analytics,3,request
U976,SQL,Deep Learning,Advanced,Database,5,completed
U850,React,Java,Intermediate,Programming,5,view
U388,Figma,Excel,Beginner,Design,3,completed
U395,React,Machine Learning,Advanced,Programming,4,completed
U69,Spring Boot,Machine Learning,Advanced,Programming,3,completed
U400,React,Python,Advanced,Programming,3,request
U812,UI/UX Design,Java,Beginner,Design,5,view
U515,React,Deep Learning,Intermediate,Programming,4,request
U279,UI/UX Design,React,Beginner,Design,4,request
U557,UI/UX Design,Machine Learning,Beginner,Design,4,completed
U253,UI/UX Design,Deep Learning,Intermediate,Design,5,completed
U228,Power BI,Java,Advanced,Analytics,3,request
U479,Figma,Machine Learning,Intermediate,Design,4,request
U553,Java,Data Analysis,Intermediate,Programming,4,completed
U183,Python,Power BI,Beginner,Programming,3,view
U93,Node.js,Data Analysis,Advanced,Programming,3,completed
U841,Python,Power BI,Advanced,Programming,4,view
U666,Figma,Data Analysis,Beginner,Design,3,request
U948,Deep Learning,Power BI,Intermediate,AI,3,completed
U612,Spring Boot,React,Intermediate,Programming,4,request
U329,SQL,Spring Boot,Advanced,Database,5,completed
U564,UI/UX Design,Figma,Intermediate,Design,5,request
U387,Java,Python,Intermediate,Programming,3,completed
U199,Java,Python,Advanced,Programming,4,request
U202,Data Analysis,JavaScript,Beginner,Analytics,4,completed
U464,JavaScript,Deep Learning,Beginner,Programming,5,completed
U137,Spring Boot,JavaScript,Intermediate,Programming,4,completed
U714,JavaScript,Machine Learning,Advanced,Programming,5,completed
U999,Power BI,Data Analysis,Beginner,Analytics,4,completed
U444,Deep Learning,Power BI,Beginner,AI,5,completed
U390,Data Visualization,Figma,Beginner,Analytics,3,view
U60,Java,Data Analysis,Intermediate,Programming,5,completed
U538,Machine Learning,React,Advanced,AI,3,completed
U286,UI/UX Design,Excel,Beginner,Design,5,view
U645,Power BI,Node.js,Beginner,Analytics,5,completed
U900,UI/UX Design,Machine Learning,Advanced,Design,5,completed
U640,Power BI,Java,Intermediate,Analytics,5,request
U853,Java,Node.js,Beginner,Programming,5,request
U18,UI/UX Design,Machine Learning,Intermediate,Design,5,request
U300,JavaScript,Deep Learning,Advanced,Programming,5,completed
U655,Python,React,Beginner,Programming,4,view
U487,Data Visualization,React,Intermediate,Analytics,3,view
U604,Excel,Deep Learning,Intermediate,Analytics,3,view
U154,Spring Boot,Node.js,Advanced,Programming,4,completed
U223,Data Analysis,Machine Learning,Beginner,Analytics,4,view
U173,UI/UX Design,SQL,Advanced,Design,4,completed
U567,Excel,SQL,Intermediate,Analytics,4,request
U515,Node.js,Spring Boot,Advanced,Programming,4,completed
U849,Java,SQL,Advanced,Programming,4,completed
U404,JavaScript,Data Analysis,Advanced,Programming,4,view
U644,Power BI,Deep Learning,Advanced,Analytics,5,completed
U766,Machine Learning,React,Beginner,AI,4,completed
U488,Excel,SQL,Advanced,Analytics,5,view
U294,Python,Data Visualization,Intermediate,Programming,3,completed
U612,SQL,Power BI,Advanced,Database,5,completed
U176,Data Visualization,SQL,Beginner,Analytics,3,completed
U411,Java,Power BI,Intermediate,Programming,4,request
U350,SQL,Data Visualization,Intermediate,Database,3,completed
U665,Data Visualization,Data Analysis,Beginner,Analytics,3,view
U764,Deep Learning,Data Analysis,Intermediate,AI,5,completed
U325,Spring Boot,Data Visualization,Beginner,Programming,4,request
U366,JavaScript,Figma,Beginner,Programming,4,completed
U359,Java,React,Advanced,Programming,5,completed
U572,JavaScript,Power BI,Advanced,Programming,5,request
U553,SQL,Figma,Advanced,Database,4,view
U287,Spring Boot,Figma,Advanced,Programming,4,completed
U337,SQL,UI/UX Design,Intermediate,Database,5,completed
U269,Data Analysis,Spring Boot,Intermediate,Analytics,3,view
U114,Excel,Node.js,Advanced,Analytics,5,completed
U470,SQL,Excel,Intermediate,Database,5,request
U12,Java,Figma,Intermediate,Programming,4,completed
U56,SQL,Java,Beginner,Database,5,request
U134,UI/UX Design,Data Analysis,Beginner,Design,3,view
U30,React,Machine Learning,Beginner,Programming,5,completed
U685,SQL,Node.js,Intermediate,Database,5,request
U667,Spring Boot,Data Analysis,Beginner,Programming,3,request
U279,JavaScript,Data Visualization,Intermediate,Programming,3,completed
U56,Node.js,Deep Learning,Advanced,Programming,4,completed
U584,Machine Learning,Excel,Intermediate,AI,4,request
U284,Node.js,UI/UX Design,Intermediate,Programming,3,completed
U481,Power BI,React,Beginner,Analytics,4,view
U632,SQL,React,Beginner,Database,5,completed
U8,Node.js,Python,Advanced,Programming,5,completed
U626,Excel,Data Analysis,Beginner,Analytics,5,completed
U330,Deep Learning,Excel,Beginner,AI,5,view
U878,React,Figma,Advanced,Programming,3,view
U915,Python,JavaScript,Advanced,Programming,4,view
U272,Python,Node.js,Advanced,Programming,5,completed
U501,Java,Figma,Beginner,Programming,5,completed
U881,Deep Learning,Data Visualization,Advanced,AI,5,request
U635,Deep Learning,Node.js,Intermediate,AI,3,view
U728,SQL,Power BI,Intermediate,Database,5,completed
U101,Deep Learning,Java,Intermediate,AI,4,request
U543,SQL,React,Advanced,Database,4,completed
U294,Node.js,Data Visualization,Beginner,Programming,5,request
U209,Power BI,Figma,Advanced,Analytics,3,completed
U117,Figma,SQL,Advanced,Design,4,view
U280,Deep Learning,Excel,Advanced,AI,4,completed
U476,Node.js,Power BI,Beginner,Programming,5,request
U170,Java,Data Visualization,Beginner,Programming,3,view
U283,Spring Boot,UI/UX Design,Advanced,Programming,3,completed
U82,Spring Boot,Machine Learning,Beginner,Programming,4,request
U702,Excel,React,Intermediate,Analytics,4,view
U685,Deep Learning,Spring Boot,Advanced,AI,5,completed
U692,Machine Learning,React,Advanced,AI,3,request
U49,SQL,Power BI,Intermediate,Database,4,view
U928,Deep Learning,Figma,Advanced,AI,4,completed
U840,Excel,Spring Boot,Intermediate,Analytics,3,completed
U194,JavaScript,Deep Learning,Intermediate,Programming,3,view
U544,Excel,Figma,Beginner,Analytics,5,completed
U414,Spring Boot,Excel,Beginner,Programming,3,completed
U249,Excel,React,Intermediate,Analytics,4,completed
U981,SQL,React,Beginner,Database,3,request
U313,JavaScript,Python,Intermediate,Programming,3,completed
U14,Machine Learning,Power BI,Intermediate,AI,5,completed
U657,Deep Learning,Java,Intermediate,AI,5,completed
U755,Power BI,Data Analysis,Beginner,Analytics,3,request
U30,React,Excel,Beginner,Programming,3,view
U473,React,Machine Learning,Intermediate,Programming,5,completed
U134,Figma,JavaScript,Beginner,Design,5,completed
U391,Excel,Data Analysis,Beginner,Analytics,4,completed
U287,JavaScript,Python,Beginner,Programming,4,request
U41,SQL,Spring Boot,Advanced,Database,4,completed
U170,SQL,Figma,Advanced,Database,4,request
U218,Power BI,Deep Learning,Advanced,Analytics,3,request
U20,Node.js,Deep Learning,Advanced,Programming,5,view
U877,React,Deep Learning,Intermediate,Programming,5,view
U388,JavaScript,Figma,Advanced,Programming,5,completed
U138,Power BI,Figma,Advanced,Analytics,4,request
U45,Data Visualization,JavaScript,Advanced,Analytics,4,completed
U692,Java,UI/UX Design,Beginner,Programming,4,completed
U832,Power BI,Node.js,Advanced,Analytics,5,completed
U456,JavaScript,Spring Boot,Intermediate,Programming,3,request
U208,Data Visualization,Node.js,Advanced,Analytics,4,completed
U429,Data Analysis,Node.js,Advanced,Analytics,4,request
U661,Python,JavaScript,Beginner,Programming,5,view
U745,UI/UX Design,SQL,Intermediate,Design,3,completed
U428,Node.js,Data Analysis,Intermediate,Programming,4,request
U785,Power BI,Deep Learning,Advanced,Analytics,3,request
U843,Excel,Python,Intermediate,Analytics,3,view
U655,Data Analysis,Node.js,Beginner,Analytics,3,completed
U263,Node.js,Figma,Intermediate,Programming,4,view
U560,Spring Boot,Java,Intermediate,Programming,5,completed
U509,Machine Learning,UI/UX Design,Advanced,AI,5,completed
U632,UI/UX Design,Spring Boot,Intermediate,Design,3,view
U236,Java,React,Beginner,Programming,4,completed
U794,Node.js,UI/UX Design,Advanced,Programming,4,request
U234,Data Visualization,Power BI,Intermediate,Analytics,3,view
U105,Data Analysis,Machine Learning,Advanced,Analytics,5,completed
U553,Spring Boot,Power BI,Intermediate,Programming,4,completed
U954,React,Data Analysis,Beginner,Programming,4,completed
U983,JavaScript,Data Visualization,Advanced,Programming,3,completed
U793,Excel,UI/UX Design,Intermediate,Analytics,4,completed
U995,Machine Learning,Deep Learning,Beginner,AI,3,request
U673,React,Machine Learning,Beginner,Programming,5,view
U141,Data Analysis,JavaScript,Advanced,Analytics,4,completed
U661,JavaScript,Figma,Beginner,Programming,3,completed
U300,Machine Learning,Node.js,Beginner,AI,5,completed
U837,Java,Data Analysis,Beginner,Programming,3,completed
U546,UI/UX Design,Machine Learning,Advanced,Design,5,completed
U779,Deep Learning,Figma,Intermediate,AI,5,completed
U960,React,JavaScript,Beginner,Programming,5,completed
U988,JavaScript,Figma,Intermediate,Programming,4,completed
U196,Node.js,Power BI,Beginner,Programming,3,request
U453,Python,Machine Learning,Beginner,Programming,4,completed
U309,Data Analysis,UI/UX Design,Advanced,Analytics,4,view
U501,JavaScript,Data Visualization,Intermediate,Programming,5,request
U256,SQL,Spring Boot,Intermediate,Database,3,request
U562,Machine Learning,Python,Advanced,AI,3,completed
U624,Deep Learning,Machine Learning,Beginner,AI,3,request
U244,Node.js,UI/UX Design,Intermediate,Programming,3,completed
U122,Python,Power BI,Advanced,Programming,5,completed
U296,Machine Learning,Excel,Intermediate,AI,3,request
U228,UI/UX Design,Machine Learning,Advanced,Design,3,request
U751,Power BI,Java,Intermediate,Analytics,5,request
U431,UI/UX Design,Node.js,Advanced,Design,5,view
U200,Python,Machine Learning,Beginner,Programming,5,completed
U697,Power BI,UI/UX Design,Advanced,Analytics,4,view
U949,Python,JavaScript,Beginner,Programming,3,completed
U71,UI/UX Design,JavaScript,Advanced,Design,3,completed
U39,Machine Learning,Python,Advanced,AI,5,request
U159,Excel,Python,Advanced,Analytics,3,view
U442,Machine Learning,React,Beginner,AI,4,view
U528,Data Visualization,SQL,Beginner,Analytics,4,completed
U563,Excel,JavaScript,Beginner,Analytics,3,request
U499,Python,Data Visualization,Advanced,Programming,3,completed
U928,UI/UX Design,Java,Beginner,Design,4,view
U386,Excel,Data Visualization,Intermediate,Analytics,3,completed
U794,Spring Boot,Data Visualization,Beginner,Programming,5,view
U94,Machine Learning,Spring Boot,Intermediate,AI,4,completed
U499,Machine Learning,Excel,Advanced,AI,5,view
U479,Power BI,UI/UX Design,Beginner,Analytics,3,completed
U552,Excel,Node.js,Beginner,Analytics,3,request
U60,Node.js,Java,Intermediate,Programming,5,completed
U452,Power BI,Machine Learning,Beginner,Analytics,4,view
U900,UI/UX Design,Spring Boot,Intermediate,Design,5,request
U168,Java,Excel,Advanced,Programming,5,view
U27,UI/UX Design,SQL,Advanced,Design,5,completed
U600,Spring Boot,Node.js,Beginner,Programming,4,completed
U329,Java,Node.js,Beginner,Programming,4,completed
U394,SQL,Node.js,Beginner,Database,4,request
U904,Java,Data Visualization,Intermediate,Programming,4,view
U253,SQL,Machine Learning,Intermediate,Database,4,completed
U958,Java,React,Beginner,Programming,5,completed
U810,SQL,UI/UX Design,Advanced,Database,3,completed
U431,Data Analysis,Figma,Advanced,Analytics,4,request
U571,React,Excel,Beginner,Programming,5,view
U54,Java,React,Advanced,Programming,3,view
U566,Spring Boot,Node.js,Advanced,Programming,3,completed
U162,JavaScript,SQL,Beginner,Programming,3,completed
U705,SQL,Excel,Beginner,Database,4,view
U256,Node.js,Data Analysis,Beginner,Programming,5,request
U94,UI/UX Design,Figma,Advanced,Design,4,view
U948,Java,UI/UX Design,Intermediate,Programming,3,request
U169,Spring Boot,Java,Intermediate,Programming,5,completed
U928,Power BI,Excel,Advanced,Analytics,3,completed
U906,Power BI,Data Analysis,Intermediate,Analytics,5,request
U357,Machine Learning,Excel,Beginner,AI,3,view
U510,SQL,React,Advanced,Database,3,completed
U221,Node.js,UI/UX Design,Advanced,Programming,4,request
U912,Machine Learning,Spring Boot,Advanced,AI,5,completed
U709,Spring Boot,Power BI,Beginner,Programming,3,completed
U177,React,Data Visualization,Advanced,Programming,3,request
U697,Data Visualization,React,Intermediate,Analytics,3,completed
U754,Excel,React,Intermediate,Analytics,3,completed
U87,SQL,Figma,Intermediate,Database,4,completed
U669,Excel,SQL,Advanced,Analytics,3,completed
U51,JavaScript,Python,Advanced,Programming,5,request
U187,Data Visualization,Machine Learning,Beginner,Analytics,4,completed
U376,React,UI/UX Design,Beginner,Programming,5,completed
U425,Node.js,Machine Learning,Beginner,Programming,4,completed
U210,UI/UX Design,React,Beginner,Design,3,completed
U719,Data Analysis,Node.js,Advanced,Analytics,3,completed
U544,UI/UX Design,Power BI,Advanced,Design,3,view
U206,Deep Learning,Machine Learning,Advanced,AI,3,completed
U681,Python,Figma,Intermediate,Programming,3,completed
U581,React,Data Visualization,Intermediate,Programming,4,request
U187,Machine Learning,Figma,Intermediate,AI,3,request
U38,JavaScript,Machine Learning,Intermediate,Programming,4,request
U614,Figma,Excel,Advanced,Design,4,view
U947,SQL,Java,Beginner,Database,5,request
U820,Spring Boot,Excel,Advanced,Programming,5,view
U209,Deep Learning,React,Beginner,AI,3,completed
U722,Python,Data Analysis,Advanced,Programming,4,request
U220,Python,Figma,Advanced,Programming,3,completed
U84,UI/UX Design,Excel,Beginner,Design,5,view
U621,Spring Boot,UI/UX Design,Beginner,Programming,3,view
U63,Figma,Python,Intermediate,Design,4,request
U97,Spring Boot,Excel,Beginner,Programming,3,request
U838,React,JavaScript,Beginner,Programming,4,completed
U202,SQL,Spring Boot,Beginner,Database,4,completed
U52,Java,Node.js,Intermediate,Programming,5,completed
U585,Java,Figma,Advanced,Programming,5,request
U962,Node.js,Figma,Intermediate,Programming,3,request
U714,React,SQL,Beginner,Programming,3,completed
U993,Python,Node.js,Beginner,Programming,5,view
U728,SQL,Java,Beginner,Database,5,request
U545,Python,Spring Boot,Advanced,Programming,4,request
U750,JavaScript,Deep Learning,Beginner,Programming,5,request
U159,React,Python,Beginner,Programming,5,view
U685,Node.js,Power BI,Advanced,Programming,3,completed
U916,React,Deep Learning,Beginner,Programming,5,request
U446,Excel,Power BI,Beginner,Analytics,4,request
U458,Deep Learning,JavaScript,Beginner,AI,5,request
U966,Python,Machine Learning,Beginner,Programming,3,view
U452,Data Analysis,React,Advanced,Analytics,3,request
U483,React,Power BI,Intermediate,Programming,5,completed
U770,Spring Boot,Power BI,Intermediate,Programming,4,request
U429,SQL,React,Intermediate,Database,4,completed
U577,Power BI,SQL,Intermediate,Analytics,3,request
U452,Python,Machine Learning,Advanced,Programming,5,request
U879,Node.js,Data Analysis,Beginner,Programming,4,completed
U796,Deep Learning,React,Advanced,AI,3,request
U467,Power BI,Python,Advanced,Analytics,5,completed
U899,SQL,Machine Learning,Beginner,Database,3,completed
U905,Spring Boot,Node.js,Advanced,Programming,3,completed
U21,Machine Learning,Figma,Intermediate,AI,3,completed
U420,Python,Node.js,Beginner,Programming,4,request
U96,Java,Power BI,Advanced,Programming,4,view
U88,Machine Learning,Power BI,Advanced,AI,3,request
U461,Machine Learning,Java,Intermediate,AI,5,completed
U932,UI/UX Design,JavaScript,Beginner,Design,4,completed
U591,Excel,Machine Learning,Intermediate,Analytics,3,request
U38,Python,React,Beginner,Programming,4,completed
U88,Spring Boot,React,Intermediate,Programming,4,completed
U178,Machine Learning,Java,Intermediate,AI,5,request
U204,Power BI,UI/UX Design,Advanced,Analytics,3,completed
U828,Figma,Node.js,Advanced,Design,3,completed
U60,JavaScript,React,Advanced,Programming,5,completed
U557,React,Excel,Advanced,Programming,4,completed
U407,Deep Learning,Data Visualization,Beginner,AI,3,completed
U374,Deep Learning,React,Beginner,AI,5,view
U385,Machine Learning,JavaScript,Beginner,AI,5,completed
U587,Figma,Excel,Intermediate,Design,4,completed
U284,Python,JavaScript,Advanced,Programming,5,view
U594,UI/UX Design,React,Advanced,Design,3,completed
U462,Python,React,Advanced,Programming,3,request
U460,Machine Learning,Data Analysis,Beginner,AI,4,completed
U626,Java,JavaScript,Intermediate,Programming,3,completed
U824,Data Visualization,Figma,Advanced,Analytics,3,completed
U851,Excel,Machine Learning,Advanced,Analytics,5,completed
U594,Spring Boot,Data Analysis,Beginner,Programming,4,completed
U191,Java,Python,Intermediate,Programming,4,request
U171,Machine Learning,JavaScript,Advanced,AI,5,request
U469,Python,Machine Learning,Beginner,Programming,4,view
U442,Java,Python,Advanced,Programming,3,completed
U836,Java,Figma,Intermediate,Programming,4,request
U969,Python,Java,Beginner,Programming,4,completed
U720,Node.js,Data Analysis,Beginner,Programming,3,request
U922,JavaScript,Figma,Intermediate,Programming,5,request
U464,Figma,SQL,Advanced,Design,5,request
U71,Machine Learning,UI/UX Design,Intermediate,AI,4,request
U265,Python,UI/UX Design,Advanced,Programming,4,completed
U648,Machine Learning,UI/UX Design,Beginner,AI,4,completed
U282,Deep Learning,Figma,Advanced,AI,3,view
U805,Excel,Figma,Intermediate,Analytics,3,request
U564,Deep Learning,Java,Intermediate,AI,5,view
U666,Spring Boot,Data Visualization,Intermediate,Programming,5,view
U207,Figma,Python,Beginner,Design,5,request
U250,Power BI,Data Analysis,Advanced,Analytics,5,completed
U665,Java,SQL,Intermediate,Programming,5,completed
U132,Python,Node.js,Advanced,Programming,3,request
U138,Python,UI/UX Design,Beginner,Programming,3,completed
U537,Spring Boot,Python,Beginner,Programming,3,request
U299,Python,Data Visualization,Beginner,Programming,5,completed
U40,UI/UX Design,Java,Intermediate,Design,3,request
U271,Excel,Node.js,Intermediate,Analytics,3,request
U187,Deep Learning,Figma,Intermediate,AI,4,view
U760,Data Visualization,Power BI,Intermediate,Analytics,3,request
U374,Data Visualization,Node.js,Beginner,Analytics,4,completed
U646,React,Data Analysis,Intermediate,Programming,3,completed
U314,Figma,SQL,Advanced,Design,3,request
U415,Spring Boot,Java,Advanced,Programming,4,completed
U517,Figma,Java,Beginner,Design,5,completed
U366,Java,Deep Learning,Beginner,Programming,5,request
U213,Figma,UI/UX Design,Advanced,Design,3,view
U257,SQL,Machine Learning,Intermediate,Database,5,request
U170,Figma,Data Visualization,Intermediate,Design,4,request
U211,React,Figma,Advanced,Programming,3,request
U198,Power BI,JavaScript,Advanced,Analytics,5,completed
U702,React,Spring Boot,Intermediate,Programming,3,completed
U615,Deep Learning,UI/UX Design,Advanced,AI,4,completed
U860,Java,Deep Learning,Beginner,Programming,4,request
U386,Power BI,UI/UX Design,Intermediate,Analytics,4,completed
U979,Deep Learning,React,Advanced,AI,3,request
U58,Node.js,UI/UX Design,Advanced,Programming,5,request
U420,Figma,Spring Boot,Intermediate,Design,5,completed
U444,Deep Learning,UI/UX Design,Advanced,AI,5,completed
U328,Figma,Data Visualization,Beginner,Design,4,completed
U882,UI/UX Design,Excel,Advanced,Design,5,completed
U550,Figma,Excel,Advanced,Design,4,completed
U124,Data Analysis,UI/UX Design,Advanced,Analytics,4,completed
U417,Machine Learning,Data Visualization,Beginner,AI,3,completed
U239,Java,Excel,Beginner,Programming,3,completed
U54,Machine Learning,Spring Boot,Advanced,AI,4,completed
U778,Node.js,Power BI,Intermediate,Programming,5,request
U199,Spring Boot,Excel,Advanced,Programming,5,request
U651,UI/UX Design,Figma,Beginner,Design,4,request
U144,SQL,Python,Intermediate,Database,5,view
U785,Machine Learning,Data Visualization,Intermediate,AI,5,completed
U139,Spring Boot,UI/UX Design,Intermediate,Programming,3,view
U647,React,Node.js,Intermediate,Programming,3,view
U511,UI/UX Design,Power BI,Advanced,Design,4,completed
U102,Java,Data Analysis,Beginner,Programming,5,request
U96,SQL,Figma,Advanced,Database,5,completed
U753,React,UI/UX Design,Beginner,Programming,5,request
U728,JavaScript,Java,Advanced,Programming,4,view
U650,Excel,Data Visualization,Intermediate,Analytics,4,request
U303,Data Analysis,Deep Learning,Beginner,Analytics,4,view
U133,UI/UX Design,Python,Intermediate,Design,3,request
U233,Data Visualization,JavaScript,Advanced,Analytics,5,request
U833,Deep Learning,Java,Advanced,AI,5,request
U27,Figma,React,Intermediate,Design,3,request
U988,Data Visualization,Deep Learning,Beginner,Analytics,4,completed
U859,Python,UI/UX Design,Intermediate,Programming,5,view
U47,Power BI,SQL,Intermediate,Analytics,5,completed
U551,Machine Learning,Data Visualization,Beginner,AI,3,request
U29,Python,Data Visualization,Beginner,Programming,5,completed
U695,Data Analysis,Deep Learning,Advanced,Analytics,5,completed
U448,Java,Figma,Intermediate,Programming,4,completed
U9,Figma,SQL,Intermediate,Design,5,completed
U233,JavaScript,Data Analysis,Advanced,Programming,3,view
U273,Spring Boot,Figma,Intermediate,Programming,4,completed
U72,Spring Boot,JavaScript,Beginner,Programming,5,completed
U49,Data Visualization,Deep Learning,Advanced,Analytics,3,request
U566,Power BI,JavaScript,Beginner,Analytics,4,request
U154,React,Machine Learning,Advanced,Programming,3,view
U983,Power BI,Data Visualization,Advanced,Analytics,4,request
U971,Spring Boot,JavaScript,Advanced,Programming,5,request
U782,Data Visualization,Figma,Intermediate,Analytics,5,request
U173,Deep Learning,JavaScript,Beginner,AI,3,completed
U583,Java,Spring Boot,Beginner,Programming,3,request
U825,Java,UI/UX Design,Beginner,Programming,3,completed
U8,SQL,Power BI,Advanced,Database,3,completed
U971,Data Analysis,Figma,Beginner,Analytics,4,request
U766,JavaScript,Spring Boot,Advanced,Programming,4,request
U541,Machine Learning,SQL,Intermediate,AI,5,completed
U412,Python,SQL,Advanced,Programming,5,view
U308,Deep Learning,SQL,Intermediate,AI,5,completed
U440,Deep Learning,SQL,Intermediate,AI,4,completed
U33,Python,Data Visualization,Intermediate,Programming,3,completed
U480,Java,Python,Advanced,Programming,4,request
U545,Machine Learning,SQL,Intermediate,AI,5,completed
U219,UI/UX Design,SQL,Advanced,Design,5,completed
U853,Data Analysis,Data Visualization,Beginner,Analytics,5,request
U470,Figma,Machine Learning,Advanced,Design,4,request
U838,Figma,Node.js,Intermediate,Design,3,view
U700,UI/UX Design,JavaScript,Advanced,Design,4,view
U168,Node.js,Python,Advanced,Programming,4,request
U639,React,Deep Learning,Intermediate,Programming,5,request
U797,Power BI,Deep Learning,Beginner,Analytics,3,completed
U589,Power BI,Excel,Advanced,Analytics,3,request
U538,Python,Excel,Intermediate,Programming,5,view
U341,Data Visualization,React,Intermediate,Analytics,3,completed
U825,SQL,Machine Learning,Beginner,Database,5,request
U240,Excel,JavaScript,Beginner,Analytics,3,completed
U361,React,Excel,Advanced,Programming,5,request
U713,Spring Boot,Java,Advanced,Programming,4,request
U453,Data Visualization,Excel,Beginner,Analytics,3,view
U680,Spring Boot,JavaScript,Advanced,Programming,4,completed
U695,Machine Learning,SQL,Beginner,AI,5,request
U950,Python,Machine Learning,Beginner,Programming,3,completed
U774,Node.js,React,Advanced,Programming,4,request
U14,UI/UX Design,Power BI,Advanced,Design,3,view
U635,Python,SQL,Advanced,Programming,4,completed
U738,SQL,JavaScript,Beginner,Database,3,completed
U376,Java,Figma,Beginner,Programming,5,completed
U411,Java,Spring Boot,Intermediate,Programming,5,view
U38,SQL,Java,Advanced,Database,4,request
U927,Figma,Machine Learning,Intermediate,Design,3,completed
U13,Figma,Spring Boot,Intermediate,Design,3,request
U245,React,Spring Boot,Beginner,Programming,3,completed
U18,Excel,Data Analysis,Intermediate,Analytics,3,completed
U412,Java,Machine Learning,Intermediate,Programming,4,completed
U697,Spring Boot,SQL,Beginner,Programming,3,completed
U899,React,Java,Advanced,Programming,5,view
U52,React,Java,Advanced,Programming,3,completed
U613,SQL,Java,Advanced,Database,3,completed
U393,JavaScript,React,Advanced,Programming,5,view
U933,Data Analysis,Node.js,Intermediate,Analytics,4,completed
U885,Deep Learning,Excel,Intermediate,AI,3,completed
U600,Python,UI/UX Design,Intermediate,Programming,4,completed
U340,Power BI,JavaScript,Intermediate,Analytics,4,completed
U256,Spring Boot,Java,Advanced,Programming,5,view
U87,Deep Learning,Spring Boot,Beginner,AI,3,completed
U470,Machine Learning,Power BI,Beginner,AI,5,completed
U577,Machine Learning,Deep Learning,Intermediate,AI,5,completed
U454,Data Analysis,Figma,Beginner,Analytics,5,view
U853,Spring Boot,Figma,Intermediate,Programming,5,completed
U949,SQL,React,Beginner,Database,5,view
U165,Excel,SQL,Advanced,Analytics,5,view
U339,React,Data Visualization,Intermediate,Programming,4,request
U105,JavaScript,SQL,Beginner,Programming,4,completed
U430,Data Visualization,JavaScript,Beginner,Analytics,5,completed
U15,Deep Learning,Data Analysis,Intermediate,AI,5,request
U786,Figma,Machine Learning,Intermediate,Design,3,completed
U525,Deep Learning,Java,Advanced,AI,3,view
U977,React,Machine Learning,Intermediate,Programming,4,completed
U320,Excel,Spring Boot,Advanced,Analytics,5,completed
U257,Machine Learning,Figma,Beginner,AI,3,request
U235,JavaScript,Spring Boot,Beginner,Programming,4,request
U238,Java,Python,Advanced,Programming,5,request
U177,Data Analysis,UI/UX Design,Beginner,Analytics,3,completed
U534,Spring Boot,UI/UX Design,Intermediate,Programming,4,request
U742,Java,Deep Learning,Intermediate,Programming,3,request
U696,Node.js,Java,Advanced,Programming,3,view
U417,Node.js,Spring Boot,Beginner,Programming,3,request
U542,Node.js,SQL,Beginner,Programming,5,completed
U786,Figma,Excel,Intermediate,Design,5,request
U483,Python,React,Beginner,Programming,3,completed
U160,Excel,SQL,Advanced,Analytics,4,completed
U86,Data Analysis,Power BI,Intermediate,Analytics,4,completed
U101,Data Analysis,JavaScript,Advanced,Analytics,5,completed
U171,Excel,Power BI,Advanced,Analytics,3,view
U471,Figma,Data Analysis,Intermediate,Design,4,completed
U514,Java,React,Beginner,Programming,4,completed
U10,Figma,Java,Beginner,Design,4,request
U580,Machine Learning,JavaScript,Beginner,AI,4,view
U916,Deep Learning,Power BI,Beginner,AI,3,view
U122,Spring Boot,Excel,Advanced,Programming,3,completed
U754,Java,Machine Learning,Beginner,Programming,5,completed
U878,Python,Java,Intermediate,Programming,3,completed
U384,Java,Spring Boot,Beginner,Programming,3,completed
U97,Data Visualization,Machine Learning,Intermediate,Analytics,5,completed
U572,Java,UI/UX Design,Intermediate,Programming,3,request
U625,Machine Learning,UI/UX Design,Beginner,AI,5,completed
U171,JavaScript,Data Analysis,Beginner,Programming,5,completed
U766,Java,Data Visualization,Intermediate,Programming,4,completed
U582,Machine Learning,React,Intermediate,AI,5,completed
U246,Machine Learning,Figma,Advanced,AI,3,completed
U920,Python,JavaScript,Advanced,Programming,4,completed
U784,SQL,Machine Learning,Intermediate,Database,4,completed
U928,UI/UX Design,Deep Learning,Intermediate,Design,5,view
U602,Spring Boot,Data Analysis,Advanced,Programming,5,completed
U194,UI/UX Design,Excel,Advanced,Design,4,completed
U938,Figma,Spring Boot,Advanced,Design,5,completed
U595,Java,Power BI,Intermediate,Programming,3,request
U2,Excel,Spring Boot,Advanced,Analytics,4,completed
U740,Node.js,Figma,Beginner,Programming,3,completed
U393,UI/UX Design,Java,Advanced,Design,5,completed
U970,Node.js,Machine Learning,Beginner,Programming,3,view
U463,Java,Figma,Beginner,Programming,3,request
U696,Deep Learning,Figma,Advanced,AI,4,request
U210,UI/UX Design,SQL,Intermediate,Design,5,request
U49,UI/UX Design,JavaScript,Advanced,Design,4,view
U43,SQL,Power BI,Beginner,Database,5,request
U432,Data Analysis,Python,Beginner,Analytics,4,view
U246,Data Visualization,Figma,Advanced,Analytics,5,completed
U897,Java,Power BI,Beginner,Programming,3,request
U680,React,Node.js,Beginner,Programming,5,view
U579,Machine Learning,Figma,Intermediate,AI,5,completed
U629,Data Visualization,Python,Beginner,Analytics,4,request
U700,Node.js,SQL,Intermediate,Programming,5,completed
U465,Data Visualization,Data Analysis,Advanced,Analytics,5,request
U355,Figma,Node.js,Intermediate,Design,5,request
U801,React,Power BI,Beginner,Programming,5,request
U971,Node.js,Data Visualization,Advanced,Programming,5,completed
U355,SQL,Java,Advanced,Database,4,view
U99,JavaScript,UI/UX Design,Beginner,Programming,4,view
U709,Spring Boot,Figma,Advanced,Programming,3,completed
U688,JavaScript,Machine Learning,Advanced,Programming,4,view
U711,UI/UX Design,Node.js,Beginner,Design,5,request
U314,Power BI,Python,Advanced,Analytics,4,request
U353,Data Analysis,Node.js,Intermediate,Analytics,3,view
U394,Node.js,Machine Learning,Advanced,Programming,3,request
U62,Python,Power BI,Intermediate,Programming,5,request
U663,JavaScript,Deep Learning,Beginner,Programming,5,completed
U43,SQL,Power BI,Intermediate,Database,5,request
U266,Machine Learning,UI/UX Design,Intermediate,AI,4,completed
U537,Power BI,Java,Intermediate,Analytics,5,completed
U843,UI/UX Design,Power BI,Advanced,Design,3,request
U372,SQL,Figma,Beginner,Database,5,request
U497,Data Analysis,React,Beginner,Analytics,3,completed
U57,Node.js,Deep Learning,Beginner,Programming,4,completed
U832,Deep Learning,UI/UX Design,Advanced,AI,4,completed
U50,Java,Deep Learning,Advanced,Programming,4,request
U87,Excel,Power BI,Intermediate,Analytics,4,view
U343,Deep Learning,Power BI,Advanced,AI,4,completed
U438,Machine Learning,React,Advanced,AI,3,completed
U90,Machine Learning,Python,Advanced,AI,4,view
U15,Python,Excel,Beginner,Programming,3,request
U952,Deep Learning,Spring Boot,Intermediate,AI,5,view
U742,Data Visualization,JavaScript,Advanced,Analytics,4,completed
U584,Excel,Deep Learning,Advanced,Analytics,4,completed
U875,Excel,Deep Learning,Intermediate,Analytics,4,completed
U858,Java,Data Visualization,Advanced,Programming,4,completed
U10,SQL,JavaScript,Beginner,Database,5,request
U948,UI/UX Design,Excel,Beginner,Design,3,view
U166,Spring Boot,Power BI,Intermediate,Programming,4,completed
U561,Node.js,Data Visualization,Advanced,Programming,5,completed
U769,Figma,React,Intermediate,Design,3,completed
U904,SQL,Deep Learning,Advanced,Database,3,view
U786,Figma,Machine Learning,Advanced,Design,3,completed
U419,Deep Learning,Data Analysis,Beginner,AI,4,request
U688,React,Deep Learning,Advanced,Programming,5,request
U382,Deep Learning,SQL,Intermediate,AI,3,request
U248,Spring Boot,Java,Advanced,Programming,3,completed
U837,JavaScript,Data Visualization,Intermediate,Programming,4,completed
U230,Spring Boot,SQL,Intermediate,Programming,3,request
U336,UI/UX Design,Data Visualization,Beginner,Design,3,completed
U768,Data Analysis,Deep Learning,Intermediate,Analytics,4,request
U408,Machine Learning,Python,Intermediate,AI,3,request
U720,Power BI,Python,Beginner,Analytics,3,request
U18,Deep Learning,SQL,Beginner,AI,5,completed
U783,Deep Learning,JavaScript,Beginner,AI,4,request
U307,Excel,Spring Boot,Beginner,Analytics,3,completed
U507,UI/UX Design,Java,Beginner,Design,3,request
U446,Machine Learning,Excel,Advanced,AI,4,completed
U768,Python,Power BI,Intermediate,Programming,4,view
U192,Excel,UI/UX Design,Intermediate,Analytics,4,completed
U412,Spring Boot,Excel,Intermediate,Programming,4,completed
U72,JavaScript,Node.js,Intermediate,Programming,4,completed
U8,Node.js,Java,Beginner,Programming,3,request
U125,Python,Deep Learning,Advanced,Programming,4,request
U673,Spring Boot,JavaScript,Advanced,Programming,5,request
U156,Power BI,Java,Beginner,Analytics,5,completed
U433,Node.js,Deep Learning,Beginner,Programming,4,view
U339,Machine Learning,Deep Learning,Advanced,AI,3,request
U419,JavaScript,Java,Intermediate,Programming,5,completed
U494,Data Visualization,Excel,Advanced,Analytics,4,request
U963,JavaScript,Machine Learning,Beginner,Programming,3,completed
U880,Python,Data Visualization,Advanced,Programming,5,completed
U729,Excel,Spring Boot,Advanced,Analytics,4,completed
U806,Deep Learning,Excel,Beginner,AI,4,request
U318,Python,Deep Learning,Advanced,Programming,4,view
U936,Node.js,Spring Boot,Beginner,Programming,5,completed
U662,Deep Learning,Java,Intermediate,AI,4,view
U429,JavaScript,UI/UX Design,Intermediate,Programming,5,completed
U485,SQL,JavaScript,Intermediate,Database,5,request
U448,React,Spring Boot,Advanced,Programming,3,completed
U841,SQL,Spring Boot,Intermediate,Database,4,request
U65,Java,Spring Boot,Intermediate,Programming,5,completed
U769,Java,Machine Learning,Intermediate,Programming,4,view
U132,Deep Learning,Node.js,Intermediate,AI,4,request
U959,JavaScript,Machine Learning,Beginner,Programming,3,completed
U718,JavaScript,Figma,Beginner,Programming,3,view
U911,Machine Learning,Deep Learning,Intermediate,AI,4,request
U749,Excel,Power BI,Beginner,Analytics,5,completed
U353,Java,Figma,Beginner,Programming,3,view
U915,Figma,Node.js,Beginner,Design,5,request
U808,Power BI,UI/UX Design,Intermediate,Analytics,3,completed
U260,Excel,Java,Advanced,Analytics,4,completed
U945,Machine Learning,React,Advanced,AI,5,request
U645,Figma,JavaScript,Beginner,Design,5,completed
U771,Power BI,Figma,Intermediate,Analytics,4,request
U880,SQL,Python,Beginner,Database,3,view
U424,Data Visualization,Spring Boot,Advanced,Analytics,5,request
U774,Deep Learning,Python,Intermediate,AI,3,completed
U93,JavaScript,Spring Boot,Advanced,Programming,4,view
U795,Deep Learning,Python,Beginner,AI,5,request
U498,JavaScript,SQL,Advanced,Programming,3,view
U156,Excel,Data Analysis,Advanced,Analytics,4,completed
U484,JavaScript,Figma,Beginner,Programming,3,completed
U77,SQL,Machine Learning,Advanced,Database,3,request
U580,Python,Excel,Beginner,Programming,5,completed
U509,Excel,Python,Advanced,Analytics,4,request
U834,React,SQL,Advanced,Programming,4,request
U57,Spring Boot,SQL,Advanced,Programming,5,completed
U444,Machine Learning,JavaScript,Intermediate,AI,3,request
U507,Spring Boot,Node.js,Beginner,Programming,3,request
U983,Data Analysis,Excel,Beginner,Analytics,4,completed
U217,React,Spring Boot,Intermediate,Programming,5,completed
U309,Node.js,Data Analysis,Intermediate,Programming,4,request
U535,Spring Boot,JavaScript,Intermediate,Programming,3,request
U941,Machine Learning,JavaScript,Advanced,AI,3,view
U262,Machine Learning,React,Advanced,AI,5,view
U89,Power BI,Excel,Intermediate,Analytics,5,request
U168,Figma,SQL,Advanced,Design,3,view
U343,Data Analysis,Python,Advanced,Analytics,5,request
U460,SQL,Java,Advanced,Database,5,completed
U104,Machine Learning,React,Advanced,AI,3,request
U915,Python,SQL,Advanced,Programming,5,completed
U879,Power BI,Data Analysis,Advanced,Analytics,4,completed
U409,UI/UX Design,JavaScript,Advanced,Design,5,request
U343,Machine Learning,Power BI,Advanced,AI,5,request
U884,Machine Learning,Power BI,Beginner,AI,4,request
U859,Node.js,UI/UX Design,Beginner,Programming,4,view
U538,Node.js,Data Analysis,Advanced,Programming,3,completed
U377,Node.js,Figma,Beginner,Programming,5,completed
U863,Deep Learning,React,Intermediate,AI,4,request
U508,React,Node.js,Intermediate,Programming,5,view
U942,Python,Spring Boot,Advanced,Programming,4,request
U391,Power BI,Deep Learning,Beginner,Analytics,4,completed
U625,Node.js,Deep Learning,Intermediate,Programming,5,completed
U81,Data Analysis,Figma,Advanced,Analytics,5,view
U670,Node.js,Excel,Intermediate,Programming,4,completed
U627,Spring Boot,Data Analysis,Beginner,Programming,4,completed
U768,Python,SQL,Intermediate,Programming,5,request
U769,Excel,Machine Learning,Advanced,Analytics,4,completed
U821,Python,React,Advanced,Programming,4,completed
U504,Java,Spring Boot,Beginner,Programming,5,request
U884,Spring Boot,Figma,Beginner,Programming,5,request
U951,Machine Learning,Data Visualization,Advanced,AI,5,completed
U288,Data Visualization,UI/UX Design,Intermediate,Analytics,4,request
U144,Deep Learning,UI/UX Design,Intermediate,AI,5,completed
U226,Python,Excel,Intermediate,Programming,4,completed
U641,React,SQL,Beginner,Programming,5,completed
U56,Deep Learning,Python,Intermediate,AI,4,completed
U661,Python,JavaScript,Intermediate,Programming,3,request
U194,Data Analysis,Node.js,Advanced,Analytics,3,request
U724,Node.js,Figma,Intermediate,Programming,4,completed
U308,Machine Learning,Data Visualization,Beginner,AI,5,completed
U462,Node.js,SQL,Advanced,Programming,4,request
U260,Python,SQL,Advanced,Programming,4,completed
U792,Data Analysis,Java,Advanced,Analytics,3,completed
U6,Deep Learning,Spring Boot,Advanced,AI,3,completed
U676,Node.js,Java,Advanced,Programming,5,completed
U642,Machine Learning,Java,Beginner,AI,3,view
U157,JavaScript,Data Visualization,Intermediate,Programming,4,view
U845,Power BI,Node.js,Advanced,Analytics,5,completed
U328,Machine Learning,Deep Learning,Beginner,AI,4,request
U624,Data Analysis,SQL,Intermediate,Analytics,4,request
U172,Data Visualization,Power BI,Intermediate,Analytics,3,completed
U957,Spring Boot,JavaScript,Beginner,Programming,5,view
U217,Figma,Data Analysis,Intermediate,Design,5,request
U678,JavaScript,Deep Learning,Intermediate,Programming,5,request
U868,Node.js,Python,Intermediate,Programming,3,completed
U547,Machine Learning,Python,Advanced,AI,3,view
U333,Excel,JavaScript,Intermediate,Analytics,3,view
U154,SQL,Spring Boot,Advanced,Database,3,view
U268,Python,Data Visualization,Beginner,Programming,5,request
U257,Spring Boot,SQL,Intermediate,Programming,3,view
U923,Machine Learning,Java,Intermediate,AI,5,request
U625,Power BI,React,Intermediate,Analytics,4,completed
U776,Excel,Machine Learning,Advanced,Analytics,3,request
U547,Data Visualization,Figma,Advanced,Analytics,3,completed
U353,JavaScript,Java,Beginner,Programming,5,completed
U656,Spring Boot,React,Advanced,Programming,3,completed
U979,Data Analysis,UI/UX Design,Intermediate,Analytics,4,completed
U475,SQL,Data Visualization,Beginner,Database,3,request
U862,JavaScript,UI/UX Design,Beginner,Programming,3,view
U449,JavaScript,Data Visualization,Intermediate,Programming,4,view
U324,Spring Boot,SQL,Intermediate,Programming,5,completed
U304,Deep Learning,Machine Learning,Advanced,AI,3,completed
U190,Machine Learning,React,Beginner,AI,4,completed
U490,Excel,Machine Learning,Advanced,Analytics,5,request
U736,Node.js,Figma,Beginner,Programming,5,completed
U6,SQL,Java,Advanced,Database,5,view
U34,Python,JavaScript,Advanced,Programming,3,request
U755,Java,UI/UX Design,Advanced,Programming,5,request
U478,Deep Learning,React,Beginner,AI,5,view
U855,Data Visualization,Spring Boot,Advanced,Analytics,5,completed
U52,Data Visualization,Node.js,Advanced,Analytics,3,completed
U681,JavaScript,Data Analysis,Intermediate,Programming,4,view
U850,JavaScript,React,Advanced,Programming,3,completed
U71,JavaScript,Python,Beginner,Programming,3,request
U198,Power BI,React,Intermediate,Analytics,5,completed
U197,SQL,Spring Boot,Advanced,Database,5,request
U249,Python,Java,Intermediate,Programming,4,completed
U377,Python,Figma,Advanced,Programming,3,completed
U660,Java,Power BI,Advanced,Programming,3,request
U561,Data Visualization,JavaScript,Beginner,Analytics,4,view
U643,React,Python,Advanced,Programming,3,completed
U608,Deep Learning,Java,Intermediate,AI,5,request
U234,Node.js,Java,Beginner,Programming,4,view
U957,Data Analysis,JavaScript,Advanced,Analytics,5,completed
U629,Python,Excel,Beginner,Programming,4,completed
U897,Figma,SQL,Beginner,Design,4,completed
U984,Node.js,Java,Beginner,Programming,4,view
U480,Java,JavaScript,Advanced,Programming,5,completed
U270,Deep Learning,Node.js,Intermediate,AI,4,request
U33,Spring Boot,Python,Advanced,Programming,3,completed
U202,SQL,Node.js,Advanced,Database,3,request
U505,Deep Learning,Node.js,Advanced,AI,5,completed
U415,Data Analysis,Power BI,Intermediate,Analytics,3,request
U975,SQL,Deep Learning,Beginner,Database,4,request
U441,Data Analysis,UI/UX Design,Beginner,Analytics,4,completed
U325,Spring Boot,Power BI,Advanced,Programming,5,completed
U857,Excel,Node.js,Advanced,Analytics,5,view
U489,React,Deep Learning,Beginner,Programming,5,completed
U728,Figma,Deep Learning,Advanced,Design,5,request
U685,Node.js,Deep Learning,Beginner,Programming,3,completed
U163,Excel,Spring Boot,Intermediate,Analytics,4,request
U496,Power BI,Data Analysis,Intermediate,Analytics,3,request
U100,UI/UX Design,Spring Boot,Beginner,Design,4,view
U860,React,Machine Learning,Beginner,Programming,5,view
U73,Power BI,React,Intermediate,Analytics,3,view
U300,Deep Learning,Spring Boot,Beginner,AI,4,request
U537,SQL,JavaScript,Advanced,Database,5,request
U564,Python,Node.js,Beginner,Programming,5,request
U325,Python,Figma,Beginner,Programming,3,view
U543,Spring Boot,React,Beginner,Programming,3,completed
U173,Node.js,SQL,Advanced,Programming,3,request
U634,Deep Learning,Figma,Intermediate,AI,3,request
U646,Figma,Java,Advanced,Design,5,completed
U508,Node.js,Python,Advanced,Programming,3,completed
U18,Deep Learning,Data Analysis,Intermediate,AI,3,view
U760,SQL,Data Analysis,Intermediate,Database,5,request
U732,Data Analysis,JavaScript,Intermediate,Analytics,4,completed
U170,SQL,Spring Boot,Advanced,Database,5,completed
U944,JavaScript,Machine Learning,Intermediate,Programming,5,completed
U288,Spring Boot,Deep Learning,Beginner,Programming,5,completed
U651,Data Visualization,React,Intermediate,Analytics,4,request
U661,SQL,Java,Beginner,Database,3,request
U665,Power BI,Python,Beginner,Analytics,4,request
U3,Deep Learning,Excel,Beginner,AI,3,request
U408,Power BI,React,Beginner,Analytics,5,completed
U173,Data Visualization,Java,Intermediate,Analytics,4,completed
U572,Data Analysis,Java,Beginner,Analytics,4,completed
U934,Figma,Node.js,Intermediate,Design,5,completed
U347,JavaScript,SQL,Beginner,Programming,3,completed
U761,Deep Learning,Figma,Advanced,AI,5,request
U219,Machine Learning,Data Analysis,Beginner,AI,3,completed
U815,SQL,Python,Beginner,Database,5,view
U112,Python,JavaScript,Beginner,Programming,3,completed
U289,Data Analysis,Data Visualization,Advanced,Analytics,3,completed
U345,Java,UI/UX Design,Beginner,Programming,4,completed
U332,Python,JavaScript,Beginner,Programming,4,completed
U47,UI/UX Design,Figma,Advanced,Design,3,completed
U317,Spring Boot,Power BI,Advanced,Programming,5,completed
U314,Power BI,JavaScript,Beginner,Analytics,5,completed
U332,Deep Learning,Python,Advanced,AI,5,completed
U63,Machine Learning,Java,Beginner,AI,3,view
U793,Spring Boot,React,Beginner,Programming,3,view
U634,JavaScript,Excel,Advanced,Programming,3,completed
U950,UI/UX Design,Spring Boot,Intermediate,Design,5,completed
U544,Power BI,SQL,Beginner,Analytics,5,view
U297,Data Analysis,Deep Learning,Intermediate,Analytics,3,completed
U220,Data Visualization,SQL,Beginner,Analytics,5,request
U574,Power BI,Data Analysis,Advanced,Analytics,3,completed
U330,Excel,Data Analysis,Advanced,Analytics,3,completed
U221,Spring Boot,SQL,Intermediate,Programming,4,completed
U361,Deep Learning,Spring Boot,Intermediate,AI,5,completed
U325,Node.js,Data Visualization,Advanced,Programming,3,request
U507,Machine Learning,Node.js,Beginner,AI,4,view
U958,Python,Excel,Intermediate,Programming,5,completed
U820,Figma,Python,Intermediate,Design,4,completed
U340,Node.js,Deep Learning,Beginner,Programming,5,request
U928,SQL,JavaScript,Advanced,Database,3,completed
U729,Figma,Deep Learning,Advanced,Design,3,view
U31,UI/UX Design,Power BI,Intermediate,Design,5,completed
U438,React,Spring Boot,Beginner,Programming,3,request
U842,Deep Learning,Data Analysis,Beginner,AI,3,completed
U833,UI/UX Design,Machine Learning,Advanced,Design,3,completed
U769,SQL,Java,Intermediate,Database,4,completed
U477,Machine Learning,UI/UX Design,Intermediate,AI,3,completed
U158,React,Data Analysis,Advanced,Programming,5,completed
U526,JavaScript,Power BI,Intermediate,Programming,4,completed
U163,JavaScript,Java,Intermediate,Programming,5,request
U561,UI/UX Design,Excel,Advanced,Design,3,completed
U837,Figma,Python,Beginner,Design,5,request
U226,Data Visualization,Spring Boot,Advanced,Analytics,4,completed
U791,UI/UX Design,Data Visualization,Advanced,Design,3,completed
U805,Power BI,Machine Learning,Advanced,Analytics,5,request
U98,Figma,Machine Learning,Intermediate,Design,5,completed
U443,Deep Learning,UI/UX Design,Beginner,AI,3,request
U594,Python,Figma,Advanced,Programming,4,completed
U280,Deep Learning,SQL,Beginner,AI,5,request
U137,Figma,JavaScript,Advanced,Design,3,request
U127,Data Analysis,Machine Learning,Beginner,Analytics,3,completed
U316,Power BI,Node.js,Advanced,Analytics,4,completed
U447,Spring Boot,Java,Beginner,Programming,5,completed
U554,Power BI,Machine Learning,Intermediate,Analytics,3,request
U946,Deep Learning,Figma,Beginner,AI,4,view
U494,Power BI,JavaScript,Beginner,Analytics,5,completed
U943,Node.js,Power BI,Beginner,Programming,4,request
U254,Data Analysis,React,Advanced,Analytics,5,completed
U660,Data Visualization,Node.js,Advanced,Analytics,4,request
U92,Figma,JavaScript,Beginner,Design,3,completed
U59,JavaScript,Java,Advanced,Programming,5,request
U599,Machine Learning,Node.js,Advanced,AI,5,completed
U843,SQL,Node.js,Beginner,Database,3,request
U311,SQL,Excel,Intermediate,Database,3,completed
U286,Excel,Data Visualization,Advanced,Analytics,3,view
U522,Excel,Spring Boot,Advanced,Analytics,5,completed
U654,React,Excel,Beginner,Programming,5,view
U625,Power BI,Machine Learning,Beginner,Analytics,3,request
U145,Python,Figma,Beginner,Programming,3,completed
U930,UI/UX Design,Data Analysis,Beginner,Design,3,request
U188,Spring Boot,Data Visualization,Beginner,Programming,5,view
U434,Deep Learning,Figma,Intermediate,AI,4,request
U560,SQL,React,Intermediate,Database,5,request
U109,Figma,UI/UX Design,Advanced,Design,5,view
U361,Data Visualization,SQL,Intermediate,Analytics,3,completed
U541,Excel,React,Beginner,Analytics,5,completed
U529,Python,Spring Boot,Intermediate,Programming,5,request
U446,Machine Learning,JavaScript,Intermediate,AI,5,completed
U265,UI/UX Design,Data Analysis,Intermediate,Design,4,request
U626,Power BI,Spring Boot,Advanced,Analytics,5,request
U578,Machine Learning,React,Beginner,AI,4,completed
U669,Spring Boot,Excel,Intermediate,Programming,5,completed
U203,Machine Learning,Python,Intermediate,AI,4,view
U912,Spring Boot,Power BI,Intermediate,Programming,5,completed
U800,JavaScript,Python,Advanced,Programming,4,request
U832,Spring Boot,Data Visualization,Advanced,Programming,3,request
U891,Data Analysis,Python,Advanced,Analytics,3,request
U523,JavaScript,Figma,Intermediate,Programming,4,request
U38,Figma,UI/UX Design,Advanced,Design,4,request
U492,Figma,SQL,Intermediate,Design,5,completed
U728,Spring Boot,Data Analysis,Beginner,Programming,5,completed
U29,Figma,JavaScript,Intermediate,Design,3,completed
U360,Figma,UI/UX Design,Advanced,Design,5,completed
U64,Deep Learning,Figma,Advanced,AI,4,completed
U508,Node.js,Power BI,Advanced,Programming,5,completed
U913,Node.js,Spring Boot,Beginner,Programming,4,request
U977,Data Analysis,Data Visualization,Beginner,Analytics,4,view
U834,Python,Deep Learning,Advanced,Programming,5,completed
U210,Deep Learning,Data Analysis,Advanced,AI,4,completed
U401,SQL,React,Intermediate,Database,3,completed
U236,Data Analysis,Spring Boot,Advanced,Analytics,5,request
U94,Machine Learning,Data Analysis,Advanced,AI,5,completed
U577,Data Visualization,Node.js,Intermediate,Analytics,3,completed
U478,Java,Excel,Advanced,Programming,5,completed
U439,Excel,UI/UX Design,Intermediate,Analytics,5,view
U735,Spring Boot,UI/UX Design,Advanced,Programming,3,request
U764,Figma,Excel,Beginner,Design,4,view
U844,Data Analysis,SQL,Advanced,Analytics,5,completed
U923,Python,Excel,Intermediate,Programming,4,completed
U934,SQL,Node.js,Advanced,Database,4,request
U855,SQL,Node.js,Intermediate,Database,3,request
U966,Python,UI/UX Design,Intermediate,Programming,4,completed
U836,UI/UX Design,JavaScript,Intermediate,Design,3,completed
U518,Node.js,Power BI,Beginner,Programming,3,completed
U856,Data Analysis,JavaScript,Beginner,Analytics,4,completed
U464,Data Analysis,Data Visualization,Intermediate,Analytics,5,request
U325,Node.js,Data Analysis,Beginner,Programming,5,request
U691,Java,React,Beginner,Programming,5,view
U183,React,Power BI,Advanced,Programming,3,request
U800,Data Visualization,SQL,Beginner,Analytics,5,completed
U130,Figma,Python,Intermediate,Design,4,completed
U157,Machine Learning,Power BI,Advanced,AI,3,view
U954,Deep Learning,Figma,Intermediate,AI,3,completed
U350,Data Analysis,Node.js,Intermediate,Analytics,3,completed
U648,Figma,Spring Boot,Beginner,Design,5,view
U212,Excel,JavaScript,Advanced,Analytics,5,view
U473,Java,Excel,Advanced,Programming,3,request
U631,Machine Learning,Spring Boot,Intermediate,AI,4,completed
U996,Data Visualization,UI/UX Design,Intermediate,Analytics,3,completed
U173,SQL,UI/UX Design,Beginner,Database,3,request
U273,Figma,Node.js,Beginner,Design,3,completed
U50,React,Node.js,Beginner,Programming,5,view
U739,JavaScript,Excel,Advanced,Programming,3,view
U280,React,UI/UX Design,Advanced,Programming,3,completed
U799,Machine Learning,Deep Learning,Intermediate,AI,5,completed
U191,Node.js,Deep Learning,Advanced,Programming,4,completed
U657,Spring Boot,Python,Beginner,Programming,3,completed
U382,Data Visualization,Figma,Beginner,Analytics,4,completed
U811,Data Analysis,Data Visualization,Beginner,Analytics,4,completed
U499,Data Analysis,Machine Learning,Advanced,Analytics,5,request
U382,Power BI,Excel,Beginner,Analytics,3,view
U158,Deep Learning,Figma,Advanced,AI,5,completed
U971,Node.js,UI/UX Design,Intermediate,Programming,5,view
U498,Machine Learning,JavaScript,Beginner,AI,5,completed
U524,Spring Boot,Data Visualization,Advanced,Programming,4,completed
U887,Data Visualization,Machine Learning,Beginner,Analytics,5,request
U185,UI/UX Design,Data Visualization,Beginner,Design,5,completed
U931,JavaScript,Power BI,Advanced,Programming,3,view
U910,Python,Machine Learning,Advanced,Programming,3,request
U517,React,Data Analysis,Intermediate,Programming,4,view
U327,JavaScript,Excel,Beginner,Programming,4,request
U555,Excel,Data Analysis,Advanced,Analytics,5,completed
U939,React,Data Visualization,Intermediate,Programming,3,completed
U184,React,Power BI,Advanced,Programming,5,view
U795,Deep Learning,Node.js,Advanced,AI,5,completed
U918,SQL,JavaScript,Beginner,Database,4,request
U8,UI/UX Design,SQL,Beginner,Design,5,completed
U333,React,Data Analysis,Intermediate,Programming,4,completed
U604,UI/UX Design,Node.js,Advanced,Design,4,completed
U103,UI/UX Design,Data Visualization,Intermediate,Design,5,view
U440,Excel,Java,Advanced,Analytics,3,request
U226,SQL,Excel,Intermediate,Database,5,view
U64,Figma,Data Visualization,Intermediate,Design,3,view
U966,Data Visualization,Java,Beginner,Analytics,4,completed
U277,Power BI,UI/UX Design,Intermediate,Analytics,4,completed
U868,Node.js,Deep Learning,Beginner,Programming,4,completed
U815,UI/UX Design,Python,Beginner,Design,4,request
U563,Figma,Java,Advanced,Design,3,view
U774,Deep Learning,Java,Advanced,AI,3,view
U457,SQL,Data Analysis,Beginner,Database,3,request
U320,SQL,Data Visualization,Advanced,Database,3,completed
U813,Power BI,Spring Boot,Advanced,Analytics,4,view
U689,SQL,Data Visualization,Beginner,Database,5,completed
U37,Deep Learning,Data Visualization,Beginner,AI,5,completed
U410,Machine Learning,Power BI,Intermediate,AI,5,request
U287,Figma,Data Analysis,Advanced,Design,4,completed
U565,React,Data Visualization,Advanced,Programming,4,request
U426,Java,SQL,Beginner,Programming,3,completed
U542,Java,JavaScript,Beginner,Programming,3,completed
U955,Spring Boot,Data Analysis,Beginner,Programming,4,completed
U725,JavaScript,React,Intermediate,Programming,4,request
U952,Data Visualization,Figma,Intermediate,Analytics,3,request
U63,Data Visualization,Machine Learning,Beginner,Analytics,3,completed
U986,Machine Learning,Python,Advanced,AI,4,view
U897,JavaScript,Node.js,Advanced,Programming,3,request
U378,Java,Data Analysis,Advanced,Programming,3,completed
U593,React,Python,Advanced,Programming,3,request
U672,Excel,Power BI,Advanced,Analytics,4,view
U491,Machine Learning,SQL,Beginner,AI,5,completed
U584,Excel,Spring Boot,Advanced,Analytics,4,request
U437,Data Analysis,Deep Learning,Beginner,Analytics,3,view
U376,Excel,Figma,Advanced,Analytics,4,completed
U966,Spring Boot,React,Intermediate,Programming,3,view
U324,Excel,Power BI,Beginner,Analytics,3,completed
U879,Deep Learning,Spring Boot,Beginner,AI,3,view
U526,Power BI,React,Intermediate,Analytics,4,completed
U134,Spring Boot,Deep Learning,Intermediate,Programming,3,completed
U102,SQL,Deep Learning,Advanced,Database,3,completed
U94,Power BI,Java,Beginner,Analytics,5,view
U197,Machine Learning,Excel,Intermediate,AI,3,completed
U879,Java,UI/UX Design,Advanced,Programming,5,completed
U572,JavaScript,Machine Learning,Advanced,Programming,4,request
U235,Machine Learning,Spring Boot,Intermediate,AI,4,completed
U643,Deep Learning,Node.js,Advanced,AI,4,completed
U324,Spring Boot,Node.js,Beginner,Programming,4,request
U573,Python,Deep Learning,Beginner,Programming,5,view
U76,React,Spring Boot,Intermediate,Programming,3,completed
U411,Node.js,Power BI,Beginner,Programming,4,completed
U798,Machine Learning,Python,Advanced,AI,5,request
U473,Spring Boot,Excel,Beginner,Programming,5,completed
U39,Data Analysis,UI/UX Design,Advanced,Analytics,5,completed
U976,Spring Boot,UI/UX Design,Advanced,Programming,3,completed
U909,Figma,Python,Beginner,Design,3,completed
U641,Java,Data Analysis,Beginner,Programming,4,completed
U682,SQL,Python,Beginner,Database,3,completed
U340,Python,JavaScript,Advanced,Programming,3,completed
U240,React,Deep Learning,Advanced,Programming,3,request
U235,Python,Data Analysis,Advanced,Programming,3,completed
U689,React,Deep Learning,Intermediate,Programming,5,request
U625,Data Visualization,Excel,Advanced,Analytics,4,completed
U434,React,Python,Advanced,Programming,4,request
U25,Data Analysis,Machine Learning,Intermediate,Analytics,4,request
U398,JavaScript,Deep Learning,Intermediate,Programming,5,completed
U788,React,SQL,Intermediate,Programming,4,completed
U788,Deep Learning,Spring Boot,Beginner,AI,3,view
U608,UI/UX Design,Power BI,Advanced,Design,3,completed
U775,Machine Learning,Python,Advanced,AI,3,completed
U938,Data Analysis,Node.js,Beginner,Analytics,3,completed
U251,Data Analysis,Power BI,Intermediate,Analytics,5,view
U522,React,Deep Learning,Intermediate,Programming,5,view
U818,Data Analysis,SQL,Beginner,Analytics,5,request
U269,React,Figma,Advanced,Programming,4,request
U297,Figma,Spring Boot,Advanced,Design,5,completed
U997,Deep Learning,Machine Learning,Beginner,AI,4,completed
U182,UI/UX Design,Spring Boot,Beginner,Design,3,completed
U196,Machine Learning,Python,Beginner,AI,3,completed
U257,Data Visualization,Node.js,Advanced,Analytics,4,completed
U466,Data Visualization,Power BI,Intermediate,Analytics,4,completed
U1,Node.js,UI/UX Design,Advanced,Programming,3,completed
U558,Power BI,Deep Learning,Intermediate,Analytics,5,completed
U682,JavaScript,Java,Advanced,Programming,5,completed
U414,Spring Boot,Data Visualization,Intermediate,Programming,4,completed
U917,UI/UX Design,Spring Boot,Intermediate,Design,5,completed
U444,Excel,Figma,Beginner,Analytics,4,view
U666,UI/UX Design,Python,Beginner,Design,5,request
U986,Spring Boot,Deep Learning,Advanced,Programming,3,view
U14,Java,Figma,Intermediate,Programming,3,completed
U436,Node.js,Machine Learning,Beginner,Programming,5,view
U358,Deep Learning,Excel,Intermediate,AI,4,request
U610,JavaScript,UI/UX Design,Intermediate,Programming,3,request
U463,Deep Learning,Power BI,Beginner,AI,4,request
U971,Excel,Data Visualization,Advanced,Analytics,4,view
U730,Python,Machine Learning,Intermediate,Programming,5,completed
U166,Data Analysis,Java,Intermediate,Analytics,4,completed
U209,UI/UX Design,Spring Boot,Intermediate,Design,3,view
U965,Python,Data Analysis,Beginner,Programming,4,completed
U172,Deep Learning,JavaScript,Intermediate,AI,5,completed
U626,JavaScript,Python,Advanced,Programming,4,view
U770,Power BI,SQL,Beginner,Analytics,3,completed
U406,Machine Learning,Deep Learning,Beginner,AI,4,completed
U138,Java,Python,Intermediate,Programming,4,request
U281,Java,Data Visualization,Beginner,Programming,5,request
U21,React,JavaScript,Intermediate,Programming,3,completed
U982,JavaScript,Node.js,Beginner,Programming,4,request
U740,UI/UX Design,Machine Learning,Beginner,Design,3,completed
U843,Data Analysis,Figma,Advanced,Analytics,3,request
U809,UI/UX Design,Data Visualization,Advanced,Design,3,request
U444,UI/UX Design,Java,Advanced,Design,4,completed
U430,UI/UX Design,Python,Advanced,Design,4,request
U273,Power BI,Python,Beginner,Analytics,3,completed
U29,Spring Boot,Machine Learning,Advanced,Programming,4,completed
U905,React,Machine Learning,Intermediate,Programming,4,request
U909,Machine Learning,Data Analysis,Beginner,AI,3,completed
U171,Python,Data Analysis,Beginner,Programming,3,request
U951,Spring Boot,JavaScript,Beginner,Programming,5,request
U931,Spring Boot,Excel,Beginner,Programming,4,request
U52,React,JavaScript,Intermediate,Programming,4,view
U461,Java,SQL,Advanced,Programming,3,view
U976,Deep Learning,JavaScript,Beginner,AI,3,completed
U873,Node.js,React,Intermediate,Programming,3,view
U772,Figma,React,Intermediate,Design,5,completed
U665,Python,Data Analysis,Intermediate,Programming,4,completed
U229,Excel,Deep Learning,Beginner,Analytics,3,completed
U254,SQL,Figma,Advanced,Database,4,completed
U601,UI/UX Design,Deep Learning,Intermediate,Design,5,view
U254,Python,Data Analysis,Intermediate,Programming,4,completed
U960,React,SQL,Beginner,Programming,5,completed
U397,SQL,Figma,Beginner,Database,4,completed
U960,Excel,Deep Learning,Advanced,Analytics,4,completed
U392,Deep Learning,SQL,Intermediate,AI,4,view
U387,Data Visualization,Figma,Beginner,Analytics,4,view
U514,Node.js,Data Analysis,Intermediate,Programming,4,request
U56,React,SQL,Intermediate,Programming,5,completed
U728,Spring Boot,React,Intermediate,Programming,5,request
U629,SQL,Machine Learning,Beginner,Database,4,view
U43,Spring Boot,Machine Learning,Beginner,Programming,3,completed
U490,Data Analysis,UI/UX Design,Advanced,Analytics,5,view
U36,JavaScript,React,Beginner,Programming,4,completed
U12,Deep Learning,Data Analysis,Advanced,AI,4,request
U10,JavaScript,Deep Learning,Beginner,Programming,5,completed
U855,Power BI,Machine Learning,Advanced,Analytics,5,completed
U961,SQL,Python,Beginner,Database,5,completed
U53,React,Node.js,Beginner,Programming,5,request
U880,Java,React,Beginner,Programming,5,view
U342,Java,Spring Boot,Advanced,Programming,4,request
U493,Excel,Data Visualization,Beginner,Analytics,4,request
U37,UI/UX Design,Java,Advanced,Design,3,view
U296,Machine Learning,Data Visualization,Advanced,AI,3,request
U536,Figma,React,Advanced,Design,4,view
U747,Machine Learning,Deep Learning,Intermediate,AI,3,request
U71,SQL,Java,Beginner,Database,5,completed
U78,Data Visualization,JavaScript,Beginner,Analytics,4,request
U9,Data Analysis,React,Intermediate,Analytics,4,completed
U320,Data Analysis,Deep Learning,Advanced,Analytics,5,completed
U107,Figma,Python,Intermediate,Design,3,completed
U715,React,Node.js,Advanced,Programming,5,completed
U50,Data Analysis,Java,Intermediate,Analytics,3,request
U323,Node.js,Data Analysis,Intermediate,Programming,3,request
U611,Node.js,Deep Learning,Intermediate,Programming,4,view
U141,SQL,React,Beginner,Database,5,view
U659,JavaScript,Excel,Advanced,Programming,4,request
U393,Java,Deep Learning,Intermediate,Programming,3,completed
U791,UI/UX Design,Java,Intermediate,Design,5,view
U875,React,Deep Learning,Advanced,Programming,3,request
U872,Figma,UI/UX Design,Beginner,Design,4,completed
U941,Node.js,Data Visualization,Advanced,Programming,4,completed
U134,Power BI,Data Analysis,Advanced,Analytics,5,completed
U782,Excel,Data Visualization,Intermediate,Analytics,4,completed
U906,Spring Boot,Deep Learning,Advanced,Programming,4,completed
U504,UI/UX Design,Machine Learning,Intermediate,Design,3,completed
U348,Deep Learning,Excel,Beginner,AI,4,request
U619,Deep Learning,Data Visualization,Intermediate,AI,5,request
U759,Data Analysis,Spring Boot,Advanced,Analytics,3,view
U562,Data Visualization,React,Advanced,Analytics,5,request
U575,Excel,Node.js,Beginner,Analytics,3,completed
U673,JavaScript,React,Beginner,Programming,4,completed
U819,Data Visualization,Deep Learning,Beginner,Analytics,4,request
U932,Node.js,JavaScript,Intermediate,Programming,3,view
U863,Java,Python,Beginner,Programming,5,request
U156,UI/UX Design,SQL,Intermediate,Design,5,completed
U633,SQL,Excel,Intermediate,Database,3,view
U402,Excel,Data Analysis,Intermediate,Analytics,5,completed
U382,Excel,Power BI,Intermediate,Analytics,5,completed
U725,JavaScript,Excel,Beginner,Programming,5,request
U212,UI/UX Design,Power BI,Beginner,Design,5,completed
U706,Spring Boot,Java,Intermediate,Programming,5,completed
U877,Machine Learning,Data Visualization,Advanced,AI,3,completed
U129,Spring Boot,Python,Beginner,Programming,4,completed
U759,Java,Power BI,Advanced,Programming,4,request
U31,JavaScript,UI/UX Design,Advanced,Programming,4,request
U477,Power BI,Java,Advanced,Analytics,4,view
U155,Power BI,UI/UX Design,Intermediate,Analytics,5,completed
U430,SQL,JavaScript,Intermediate,Database,4,view
U654,Machine Learning,Node.js,Beginner,AI,3,completed
U740,SQL,Node.js,Beginner,Database,4,request
U925,Spring Boot,Python,Intermediate,Programming,4,request
U270,Spring Boot,Data Visualization,Intermediate,Programming,4,request
U140,Figma,Power BI,Intermediate,Design,4,completed
U117,Data Analysis,JavaScript,Advanced,Analytics,4,completed
U32,React,Excel,Beginner,Programming,4,request
U642,UI/UX Design,Data Analysis,Beginner,Design,4,completed
U291,Deep Learning,UI/UX Design,Beginner,AI,5,request
U754,Node.js,Data Analysis,Intermediate,Programming,4,view
U275,Power BI,Java,Advanced,Analytics,4,view
U238,Python,Data Analysis,Intermediate,Programming,4,completed
U200,JavaScript,Data Analysis,Intermediate,Programming,4,completed
U211,Node.js,Excel,Advanced,Programming,4,completed
U592,JavaScript,Power BI,Beginner,Programming,3,completed
U649,Python,Data Visualization,Advanced,Programming,5,view
U898,Machine Learning,Data Visualization,Intermediate,AI,4,request
U348,JavaScript,Excel,Advanced,Programming,4,request
U646,Data Analysis,Java,Advanced,Analytics,3,request
U52,Node.js,Data Visualization,Intermediate,Programming,5,completed
U766,React,Figma,Beginner,Programming,4,request
U900,Data Visualization,SQL,Advanced,Analytics,5,completed
U468,Excel,JavaScript,Beginner,Analytics,3,request
U61,Excel,JavaScript,Advanced,Analytics,4,completed
U750,Excel,Machine Learning,Intermediate,Analytics,4,completed
U850,JavaScript,Machine Learning,Advanced,Programming,5,completed
U957,JavaScript,Machine Learning,Advanced,Programming,4,view
U287,JavaScript,React,Advanced,Programming,3,request
U366,Spring Boot,Data Visualization,Advanced,Programming,4,completed
U49,SQL,React,Intermediate,Database,5,completed
U16,Python,SQL,Intermediate,Programming,5,completed
U279,Data Visualization,JavaScript,Advanced,Analytics,5,completed
U798,Excel,Data Visualization,Beginner,Analytics,4,view
U232,Python,Figma,Advanced,Programming,4,request
U232,Excel,Figma,Advanced,Analytics,4,request
U248,Data Visualization,Machine Learning,Advanced,Analytics,4,completed
U878,Deep Learning,SQL,Beginner,AI,3,view
U113,SQL,JavaScript,Advanced,Database,4,view
U364,Data Analysis,SQL,Advanced,Analytics,3,completed
U968,UI/UX Design,Machine Learning,Intermediate,Design,4,view
U647,SQL,Spring Boot,Beginner,Database,3,request
U104,Java,Spring Boot,Beginner,Programming,4,view
U602,Machine Learning,Spring Boot,Beginner,AI,5,completed
U56,Spring Boot,Figma,Advanced,Programming,4,view
U659,Figma,React,Intermediate,Design,3,view
U893,JavaScript,Node.js,Beginner,Programming,5,view
U876,Figma,Data Visualization,Beginner,Design,3,completed
U87,Figma,Node.js,Intermediate,Design,3,completed
U286,SQL,React,Advanced,Database,5,completed
U850,JavaScript,Data Analysis,Intermediate,Programming,4,request
U805,UI/UX Design,Spring Boot,Beginner,Design,3,completed
U667,Node.js,Deep Learning,Beginner,Programming,5,completed
U196,React,Figma,Advanced,Programming,5,request
U291,Machine Learning,SQL,Beginner,AI,4,completed
U93,Java,React,Intermediate,Programming,4,request
U326,SQL,Machine Learning,Advanced,Database,3,completed
U98,Figma,Node.js,Advanced,Design,5,view
U830,Python,React,Advanced,Programming,4,request
U804,Data Visualization,Excel,Intermediate,Analytics,3,completed
U548,Node.js,Machine Learning,Advanced,Programming,4,view
U640,Figma,JavaScript,Beginner,Design,3,completed
U957,Deep Learning,Spring Boot,Intermediate,AI,3,view
U800,Machine Learning,Data Analysis,Intermediate,AI,5,request
U165,Machine Learning,Python,Advanced,AI,4,view
U576,SQL,Excel,Beginner,Database,4,view
U482,SQL,JavaScript,Advanced,Database,4,completed
U202,SQL,Excel,Advanced,Database,5,completed
U320,SQL,Power BI,Intermediate,Database,5,request
U678,Java,Power BI,Intermediate,Programming,5,completed
U863,UI/UX Design,Excel,Advanced,Design,4,completed
U821,Python,JavaScript,Intermediate,Programming,4,request
U524,Power BI,UI/UX Design,Intermediate,Analytics,4,view
U330,SQL,Data Visualization,Intermediate,Database,3,completed
U60,Power BI,Spring Boot,Advanced,Analytics,3,request
U872,Data Visualization,Deep Learning,Intermediate,Analytics,4,request
U498,Data Analysis,Deep Learning,Beginner,Analytics,5,completed
U921,Data Visualization,Python,Beginner,Analytics,5,completed
U226,Node.js,Power BI,Beginner,Programming,3,completed
U231,Python,Figma,Advanced,Programming,3,view
U873,UI/UX Design,Java,Advanced,Design,5,completed
U914,Deep Learning,Spring Boot,Advanced,AI,3,completed
U395,Python,JavaScript,Intermediate,Programming,3,request
U512,Deep Learning,Data Visualization,Advanced,AI,5,request
U783,Spring Boot,Data Analysis,Beginner,Programming,4,completed
U570,Power BI,Machine Learning,Advanced,Analytics,5,completed
U914,Spring Boot,React,Intermediate,Programming,5,view
U599,Java,React,Beginner,Programming,5,request
U590,Data Analysis,Machine Learning,Beginner,Analytics,3,completed
U751,React,SQL,Intermediate,Programming,4,completed
U333,React,SQL,Beginner,Programming,3,completed
U771,Python,JavaScript,Advanced,Programming,3,request
U190,Data Visualization,Figma,Intermediate,Analytics,3,view
U768,Spring Boot,Deep Learning,Beginner,Programming,5,view
U577,Power BI,Node.js,Intermediate,Analytics,5,view
U721,Java,Deep Learning,Intermediate,Programming,3,completed
U798,Node.js,Data Analysis,Intermediate,Programming,3,view
U759,SQL,Figma,Intermediate,Database,5,request
U368,Machine Learning,Data Visualization,Intermediate,AI,3,request
U894,Node.js,Java,Intermediate,Programming,5,completed
U79,Machine Learning,Python,Advanced,AI,4,request
U409,Deep Learning,Power BI,Beginner,AI,5,completed
U275,Data Visualization,Power BI,Intermediate,Analytics,4,completed
U870,Machine Learning,Node.js,Advanced,AI,5,completed
U576,Python,JavaScript,Intermediate,Programming,5,request
U884,Data Analysis,Java,Intermediate,Analytics,3,request
U53,Python,Data Analysis,Advanced,Programming,3,completed
U72,JavaScript,React,Advanced,Programming,3,view
U150,Power BI,JavaScript,Beginner,Analytics,3,completed
U410,Java,UI/UX Design,Advanced,Programming,3,completed
U473,Java,Machine Learning,Beginner,Programming,5,request
U737,Java,Spring Boot,Intermediate,Programming,3,completed
U166,Spring Boot,Node.js,Advanced,Programming,3,completed
U693,Node.js,Python,Advanced,Programming,5,request
U782,Power BI,Machine Learning,Intermediate,Analytics,4,completed
U738,SQL,Node.js,Beginner,Database,3,view
U304,SQL,Node.js,Beginner,Database,5,request
U407,Machine Learning,Deep Learning,Advanced,AI,3,request
U414,SQL,Data Visualization,Advanced,Database,4,view
U336,Power BI,Data Visualization,Advanced,Analytics,3,request
U487,UI/UX Design,Spring Boot,Intermediate,Design,4,completed
U796,Node.js,Deep Learning,Intermediate,Programming,4,request
U697,React,Data Visualization,Advanced,Programming,5,completed
U507,Data Visualization,Node.js,Intermediate,Analytics,5,request
U696,Spring Boot,SQL,Beginner,Programming,3,view
U838,Python,Figma,Intermediate,Programming,3,request
U694,UI/UX Design,Excel,Intermediate,Design,3,view
U233,Machine Learning,Power BI,Advanced,AI,5,completed
U908,Machine Learning,Excel,Intermediate,AI,4,completed
U809,Data Visualization,Excel,Beginner,Analytics,4,completed
U975,Data Analysis,Figma,Intermediate,Analytics,3,completed
U595,Machine Learning,SQL,Beginner,AI,4,request
U430,UI/UX Design,Deep Learning,Intermediate,Design,3,completed
U408,Figma,UI/UX Design,Beginner,Design,3,view
U966,SQL,Node.js,Intermediate,Database,5,request
U770,Python,Excel,Beginner,Programming,3,completed
U890,Data Visualization,Spring Boot,Advanced,Analytics,3,view
U437,UI/UX Design,Java,Advanced,Design,5,completed
U947,UI/UX Design,SQL,Beginner,Design,4,view
U592,Figma,Machine Learning,Intermediate,Design,5,completed
U358,Node.js,Machine Learning,Intermediate,Programming,3,completed
U663,SQL,Python,Beginner,Database,3,request
U552,Deep Learning,Excel,Advanced,AI,3,view
U691,Deep Learning,Node.js,Intermediate,AI,3,request
U819,SQL,Figma,Intermediate,Database,4,completed
U41,JavaScript,Figma,Advanced,Programming,4,request
U860,Python,Node.js,Advanced,Programming,4,view
U481,Data Visualization,UI/UX Design,Beginner,Analytics,4,view
U43,Python,JavaScript,Intermediate,Programming,3,view
U809,Figma,UI/UX Design,Intermediate,Design,5,request
U677,Figma,Excel,Beginner,Design,3,view
U184,JavaScript,Machine Learning,Intermediate,Programming,5,completed
U837,UI/UX Design,Deep Learning,Advanced,Design,3,completed
U676,Java,Data Analysis,Advanced,Programming,4,view
U398,JavaScript,Data Analysis,Advanced,Programming,5,completed
U802,Data Visualization,Power BI,Beginner,Analytics,5,request
U233,JavaScript,Excel,Intermediate,Programming,3,view
U692,Python,Excel,Intermediate,Programming,3,completed
U998,Python,Power BI,Intermediate,Programming,5,view
U792,Spring Boot,UI/UX Design,Intermediate,Programming,4,request
U156,Data Visualization,Deep Learning,Advanced,Analytics,5,request
U374,Figma,Machine Learning,Intermediate,Design,3,request
U463,Node.js,Python,Advanced,Programming,5,request
U982,Java,Figma,Intermediate,Programming,4,request
U188,Machine Learning,UI/UX Design,Advanced,AI,4,completed
U11,React,Node.js,Advanced,Programming,5,request
U239,Power BI,Machine Learning,Beginner,Analytics,5,completed
U320,Power BI,Data Visualization,Beginner,Analytics,5,request
U649,Machine Learning,Deep Learning,Advanced,AI,3,view
U543,Spring Boot,Node.js,Advanced,Programming,4,completed
U759,JavaScript,Node.js,Advanced,Programming,3,completed
U234,Figma,Python,Intermediate,Design,5,completed
U862,Node.js,Power BI,Intermediate,Programming,3,view
U484,Power BI,Data Visualization,Intermediate,Analytics,5,completed
U633,Data Visualization,Power BI,Beginner,Analytics,5,completed
U118,Java,Node.js,Beginner,Programming,3,completed
U481,UI/UX Design,Excel,Advanced,Design,5,request
U684,Python,JavaScript,Intermediate,Programming,3,completed
U176,Data Visualization,Excel,Advanced,Analytics,4,completed
U410,UI/UX Design,Spring Boot,Intermediate,Design,3,completed
U803,Figma,Data Analysis,Intermediate,Design,4,completed
U389,Power BI,Data Visualization,Intermediate,Analytics,4,completed
U242,Java,Python,Advanced,Programming,5,request
U122,Data Visualization,Java,Beginner,Analytics,3,completed
U762,UI/UX Design,Data Analysis,Advanced,Design,5,request
U914,SQL,Deep Learning,Intermediate,Database,3,request
U234,Power BI,Machine Learning,Advanced,Analytics,4,request
U469,Data Visualization,Java,Advanced,Analytics,3,view
U396,JavaScript,Node.js,Beginner,Programming,5,request
U332,React,Excel,Intermediate,Programming,5,view
U16,Node.js,React,Intermediate,Programming,5,view
U645,Java,Spring Boot,Intermediate,Programming,4,completed
U702,Excel,JavaScript,Intermediate,Analytics,5,request
U400,Java,Power BI,Beginner,Programming,3,request
U703,UI/UX Design,Python,Beginner,Design,4,completed
U500,Python,Node.js,Intermediate,Programming,5,request
U873,Spring Boot,JavaScript,Intermediate,Programming,5,view
U321,Node.js,React,Intermediate,Programming,5,view
U941,Data Visualization,Node.js,Intermediate,Analytics,5,completed
U186,JavaScript,Power BI,Beginner,Programming,4,request
U327,SQL,Spring Boot,Intermediate,Database,4,completed
U7,JavaScript,Data Visualization,Advanced,Programming,4,completed
U445,Machine Learning,Data Analysis,Intermediate,AI,3,request
U628,Python,JavaScript,Beginner,Programming,3,completed
U115,Data Analysis,React,Intermediate,Analytics,3,completed
U244,Machine Learning,Deep Learning,Advanced,AI,3,view
U896,JavaScript,Deep Learning,Advanced,Programming,3,request
U436,Deep Learning,JavaScript,Beginner,AI,4,completed
U239,Excel,Power BI,Beginner,Analytics,4,request
U232,JavaScript,Java,Beginner,Programming,5,completed
U532,UI/UX Design,Java,Intermediate,Design,5,completed
U664,JavaScript,Deep Learning,Advanced,Programming,5,completed
U400,Excel,Data Analysis,Advanced,Analytics,3,completed
U536,Excel,Machine Learning,Beginner,Analytics,3,completed
U177,Data Visualization,Excel,Advanced,Analytics,3,view
U986,Data Visualization,React,Advanced,Analytics,5,request
U856,JavaScript,Deep Learning,Beginner,Programming,3,completed
U143,Machine Learning,Python,Beginner,AI,4,request
U637,React,Data Analysis,Intermediate,Programming,4,completed
U694,Node.js,React,Advanced,Programming,3,view
U826,Data Visualization,Node.js,Advanced,Analytics,5,view
U191,JavaScript,SQL,Intermediate,Programming,3,request
U197,SQL,UI/UX Design,Beginner,Database,5,completed
U539,Data Analysis,Data Visualization,Beginner,Analytics,3,completed
U850,Deep Learning,Power BI,Advanced,AI,4,request
U142,Figma,Java,Intermediate,Design,3,completed
U467,Data Visualization,Deep Learning,Beginner,Analytics,5,request
U475,Python,Excel,Beginner,Programming,4,completed
U196,Data Analysis,React,Advanced,Analytics,5,completed
U245,Excel,Figma,Intermediate,Analytics,5,view
U13,Data Analysis,React,Advanced,Analytics,4,completed
U55,JavaScript,Figma,Advanced,Programming,5,completed
U359,Spring Boot,Node.js,Advanced,Programming,5,view
U447,Spring Boot,Deep Learning,Advanced,Programming,5,view
U951,Spring Boot,UI/UX Design,Advanced,Programming,4,completed
U563,Spring Boot,Deep Learning,Advanced,Programming,4,view
U449,Python,UI/UX Design,Beginner,Programming,4,completed
U439,Machine Learning,React,Advanced,AI,5,completed
U931,UI/UX Design,Deep Learning,Advanced,Design,4,completed
U534,React,JavaScript,Intermediate,Programming,3,view
U38,SQL,Java,Intermediate,Database,3,view
U901,Figma,Python,Advanced,Design,5,completed
U495,Python,Figma,Intermediate,Programming,4,request
U797,SQL,Machine Learning,Intermediate,Database,3,completed
U57,Excel,UI/UX Design,Advanced,Analytics,5,completed
U53,Node.js,Machine Learning,Advanced,Programming,3,completed
U275,JavaScript,Java,Beginner,Programming,4,view
U33,Data Visualization,UI/UX Design,Beginner,Analytics,4,view
U905,UI/UX Design,Python,Intermediate,Design,5,request
U32,Excel,Deep Learning,Beginner,Analytics,5,completed
U747,Excel,Spring Boot,Advanced,Analytics,4,view
U566,Power BI,Deep Learning,Advanced,Analytics,5,completed
U502,Spring Boot,Deep Learning,Intermediate,Programming,4,request
U357,Machine Learning,Figma,Intermediate,AI,3,completed
U37,Power BI,Data Visualization,Beginner,Analytics,4,request
U896,Spring Boot,SQL,Intermediate,Programming,4,completed
U864,Data Analysis,Deep Learning,Advanced,Analytics,3,view
U410,Deep Learning,Python,Intermediate,AI,3,request
U907,Excel,Python,Advanced,Analytics,5,completed
U734,UI/UX Design,Excel,Intermediate,Design,5,view
U104,React,Data Visualization,Advanced,Programming,3,completed
U10,Machine Learning,Node.js,Advanced,AI,3,view
U719,JavaScript,Data Visualization,Advanced,Programming,4,completed
U234,Figma,Data Analysis,Intermediate,Design,5,completed
U503,Node.js,Deep Learning,Beginner,Programming,5,view
U442,Deep Learning,Data Visualization,Beginner,AI,3,request
U340,Python,Machine Learning,Intermediate,Programming,3,request
U783,JavaScript,Java,Intermediate,Programming,4,view
U685,Node.js,Java,Advanced,Programming,5,completed
U368,Node.js,Excel,Advanced,Programming,5,view
U570,Spring Boot,Deep Learning,Beginner,Programming,5,request
U417,Data Analysis,JavaScript,Beginner,Analytics,5,view
U471,Deep Learning,SQL,Beginner,AI,5,completed
U369,Data Analysis,Deep Learning,Intermediate,Analytics,5,view
U583,UI/UX Design,Excel,Beginner,Design,4,view
U644,Spring Boot,Machine Learning,Intermediate,Programming,5,request
U272,Node.js,React,Beginner,Programming,4,completed
U479,Machine Learning,Java,Advanced,AI,5,view
U129,Spring Boot,React,Beginner,Programming,4,request
U395,Spring Boot,Machine Learning,Beginner,Programming,5,completed
U800,Excel,Deep Learning,Intermediate,Analytics,4,request
U957,Deep Learning,Data Analysis,Beginner,AI,3,view
U362,Node.js,Data Visualization,Beginner,Programming,5,completed
U894,Machine Learning,JavaScript,Advanced,AI,4,completed
U222,Excel,JavaScript,Advanced,Analytics,5,completed
U80,Data Analysis,Data Visualization,Beginner,Analytics,5,view
U828,Power BI,Spring Boot,Advanced,Analytics,5,completed
U120,Machine Learning,Data Analysis,Advanced,AI,4,request
U747,Data Analysis,React,Beginner,Analytics,5,view
U514,JavaScript,UI/UX Design,Beginner,Programming,3,completed
U695,Figma,Machine Learning,Intermediate,Design,3,completed
U44,Spring Boot,Excel,Advanced,Programming,3,view
U1000,Data Visualization,Python,Advanced,Analytics,4,request
U604,SQL,Java,Advanced,Database,4,request
U403,Power BI,Data Visualization,Intermediate,Analytics,3,request
U238,Machine Learning,Spring Boot,Intermediate,AI,5,request
U306,Spring Boot,Data Analysis,Intermediate,Programming,4,view
U430,SQL,Figma,Advanced,Database,3,completed
U756,Machine Learning,Deep Learning,Advanced,AI,5,request
U884,Figma,SQL,Intermediate,Design,3,request
U107,Data Analysis,Spring Boot,Beginner,Analytics,5,completed
U982,Java,Excel,Beginner,Programming,4,request
U488,React,Power BI,Beginner,Programming,5,completed
U192,SQL,Spring Boot,Intermediate,Database,4,request
U930,Figma,Excel,Beginner,Design,4,request
U211,Excel,Deep Learning,Intermediate,Analytics,5,completed
U336,Deep Learning,Excel,Intermediate,AI,5,completed
U303,Excel,Data Visualization,Advanced,Analytics,3,completed
U719,JavaScript,Deep Learning,Intermediate,Programming,4,request
U638,SQL,Machine Learning,Advanced,Database,4,view
U206,Node.js,Java,Beginner,Programming,3,view
U866,Excel,Java,Beginner,Analytics,5,request
U228,Excel,UI/UX Design,Beginner,Analytics,4,completed
U138,React,Node.js,Advanced,Programming,4,completed
U754,Node.js,Data Analysis,Advanced,Programming,4,completed
U349,Deep Learning,Data Analysis,Advanced,AI,5,completed
U551,Data Visualization,UI/UX Design,Intermediate,Analytics,5,view
U831,Data Visualization,React,Beginner,Analytics,5,completed
U670,Power BI,Node.js,Intermediate,Analytics,3,view
U72,Figma,Deep Learning,Advanced,Design,3,request
U273,JavaScript,Power BI,Beginner,Programming,5,request
U375,Node.js,Python,Advanced,Programming,4,completed
U538,JavaScript,Python,Beginner,Programming,4,request
U560,Power BI,UI/UX Design,Beginner,Analytics,4,completed
U100,UI/UX Design,JavaScript,Beginner,Design,5,request
U972,JavaScript,Data Analysis,Intermediate,Programming,4,view
U460,Power BI,Deep Learning,Intermediate,Analytics,5,view
U407,Node.js,SQL,Intermediate,Programming,3,view
U197,Data Visualization,SQL,Intermediate,Analytics,5,completed
U497,Data Visualization,Spring Boot,Intermediate,Analytics,3,completed
U241,Data Analysis,Python,Intermediate,Analytics,3,request
U232,SQL,Data Analysis,Intermediate,Database,3,completed
U160,JavaScript,UI/UX Design,Beginner,Programming,4,view
U302,Figma,Spring Boot,Beginner,Design,3,completed
U131,SQL,JavaScript,Beginner,Database,3,view
U959,Excel,Java,Advanced,Analytics,4,view
U388,Data Analysis,React,Intermediate,Analytics,5,view
U306,Java,Excel,Intermediate,Programming,4,completed
U578,Machine Learning,UI/UX Design,Advanced,AI,4,request
U635,Spring Boot,Excel,Beginner,Programming,5,request
U611,Data Visualization,React,Advanced,Analytics,4,request
U556,React,Power BI,Beginner,Programming,5,view
U163,Java,Data Visualization,Intermediate,Programming,3,request
U546,React,JavaScript,Beginner,Programming,5,completed
U165,Data Visualization,Power BI,Beginner,Analytics,5,request
U912,Deep Learning,Figma,Advanced,AI,3,view
U941,Java,Deep Learning,Beginner,Programming,3,request
U365,React,JavaScript,Beginner,Programming,5,completed
U139,Python,Figma,Beginner,Programming,3,request
U848,Deep Learning,JavaScript,Intermediate,AI,3,completed
U543,JavaScript,Machine Learning,Beginner,Programming,4,request
U528,UI/UX Design,Python,Beginner,Design,4,request
U991,Power BI,Data Analysis,Beginner,Analytics,5,completed
U967,React,Machine Learning,Intermediate,Programming,4,completed
U263,Java,Python,Beginner,Programming,3,request
U291,JavaScript,React,Intermediate,Programming,4,request
U401,Data Analysis,Figma,Advanced,Analytics,4,request
U780,SQL,Data Analysis,Intermediate,Database,4,view
U42,UI/UX Design,Node.js,Intermediate,Design,4,completed
U217,Java,SQL,Intermediate,Programming,5,completed
U756,Machine Learning,Data Analysis,Intermediate,AI,5,view
U534,Python,SQL,Beginner,Programming,3,view
U850,Power BI,Figma,Advanced,Analytics,5,view
U693,Figma,Deep Learning,Intermediate,Design,5,completed
U78,Figma,Data Analysis,Beginner,Design,3,completed
U762,JavaScript,Data Analysis,Beginner,Programming,5,completed
U146,Figma,SQL,Advanced,Design,3,completed
U71,UI/UX Design,Machine Learning,Advanced,Design,4,request
U655,Figma,Power BI,Intermediate,Design,4,completed
U370,UI/UX Design,JavaScript,Advanced,Design,5,request
U968,Machine Learning,Data Visualization,Intermediate,AI,5,completed
U949,Power BI,Deep Learning,Advanced,Analytics,5,completed
U258,Node.js,Java,Beginner,Programming,5,completed
U606,Python,Machine Learning,Intermediate,Programming,4,view
U614,Machine Learning,React,Intermediate,AI,5,completed
U229,Figma,JavaScript,Intermediate,Design,3,completed
U137,SQL,Data Visualization,Intermediate,Database,5,view
U33,Spring Boot,Data Analysis,Intermediate,Programming,5,completed
U303,Machine Learning,Excel,Advanced,AI,5,completed
U885,Data Visualization,SQL,Advanced,Analytics,3,request
U465,Data Analysis,Java,Advanced,Analytics,4,completed
U49,SQL,Machine Learning,Intermediate,Database,5,request
U582,Node.js,Figma,Intermediate,Programming,4,completed
U347,Data Visualization,Deep Learning,Advanced,Analytics,3,request
U252,Deep Learning,Node.js,Beginner,AI,3,completed
U257,Power BI,Node.js,Advanced,Analytics,3,view
U69,Data Visualization,JavaScript,Intermediate,Analytics,3,completed
U633,Spring Boot,SQL,Beginner,Programming,4,request
U907,JavaScript,Excel,Beginner,Programming,5,request
U847,Power BI,UI/UX Design,Advanced,Analytics,4,completed
U611,Machine Learning,Java,Beginner,AI,4,completed
U300,JavaScript,UI/UX Design,Beginner,Programming,3,view
U981,Machine Learning,Data Visualization,Advanced,AI,4,completed
U939,SQL,Data Visualization,Advanced,Database,4,completed
U389,Node.js,Machine Learning,Intermediate,Programming,4,request
U631,Node.js,Deep Learning,Beginner,Programming,5,completed
U234,Machine Learning,Spring Boot,Beginner,AI,5,view
U8,Python,Data Analysis,Beginner,Programming,3,request
U952,Python,SQL,Intermediate,Programming,5,completed
U294,Data Analysis,Deep Learning,Advanced,Analytics,5,request
U665,Spring Boot,Figma,Intermediate,Programming,3,view
U543,JavaScript,Python,Advanced,Programming,4,view
U866,Data Analysis,Node.js,Beginner,Analytics,4,request
U302,Python,Machine Learning,Intermediate,Programming,4,completed
U895,Spring Boot,Figma,Advanced,Programming,5,completed
U300,Deep Learning,SQL,Intermediate,AI,3,completed
U613,Deep Learning,Python,Beginner,AI,4,completed
U133,Spring Boot,Machine Learning,Advanced,Programming,4,view
U513,Node.js,Machine Learning,Beginner,Programming,3,completed
U766,Node.js,Data Analysis,Beginner,Programming,3,request
U724,Power BI,Java,Advanced,Analytics,3,request
U228,Power BI,Python,Beginner,Analytics,4,completed
U479,Data Analysis,Java,Beginner,Analytics,3,completed
U125,Java,SQL,Intermediate,Programming,4,request
U200,React,Power BI,Advanced,Programming,3,request
U893,React,Java,Intermediate,Programming,4,view
U682,Data Analysis,Excel,Advanced,Analytics,4,request
U348,Python,Power BI,Intermediate,Programming,4,completed
U59,UI/UX Design,Figma,Beginner,Design,3,completed
U352,Excel,Data Visualization,Beginner,Analytics,5,completed
U78,Data Visualization,JavaScript,Intermediate,Analytics,5,request
U677,React,Data Visualization,Beginner,Programming,3,completed
U303,Figma,SQL,Advanced,Design,5,request
U406,Data Analysis,Machine Learning,Advanced,Analytics,4,request
U305,Spring Boot,Excel,Intermediate,Programming,3,request
U386,Deep Learning,Data Analysis,Intermediate,AI,4,completed
U508,JavaScript,Spring Boot,Intermediate,Programming,5,completed
U832,React,Spring Boot,Beginner,Programming,4,completed
U778,Node.js,Spring Boot,Advanced,Programming,4,request
U259,Data Analysis,Java,Intermediate,Analytics,5,request
U523,Deep Learning,Spring Boot,Advanced,AI,5,request
U162,Figma,Node.js,Advanced,Design,5,completed
U49,Java,Node.js,Beginner,Programming,4,completed
U821,SQL,Machine Learning,Beginner,Database,5,request
U382,Python,Node.js,Beginner,Programming,4,completed
U699,Figma,Node.js,Intermediate,Design,5,request
U333,UI/UX Design,Node.js,Intermediate,Design,3,completed
U549,Spring Boot,Excel,Beginner,Programming,3,completed
U882,JavaScript,Deep Learning,Beginner,Programming,4,request
U512,Excel,UI/UX Design,Intermediate,Analytics,3,view
U516,Python,Node.js,Intermediate,Programming,4,completed
U750,Data Analysis,SQL,Beginner,Analytics,5,request
U156,Python,SQL,Beginner,Programming,5,view
U114,Node.js,Figma,Beginner,Programming,5,completed
U171,JavaScript,Data Visualization,Intermediate,Programming,4,completed
U33,UI/UX Design,JavaScript,Beginner,Design,5,view
U195,React,Data Visualization,Intermediate,Programming,3,request
U523,Figma,Power BI,Advanced,Design,4,completed
U265,Figma,UI/UX Design,Beginner,Design,3,completed
U927,UI/UX Design,Data Analysis,Advanced,Design,5,request
U696,JavaScript,Spring Boot,Beginner,Programming,3,completed
U779,Python,SQL,Advanced,Programming,5,completed
U687,UI/UX Design,Figma,Advanced,Design,4,completed
U50,JavaScript,Excel,Advanced,Programming,4,completed
U23,Machine Learning,Spring Boot,Intermediate,AI,3,completed
U115,Machine Learning,React,Intermediate,AI,3,completed
U660,Excel,Node.js,Beginner,Analytics,5,completed
U951,Machine Learning,Power BI,Advanced,AI,5,view
U341,Data Analysis,Machine Learning,Beginner,Analytics,4,completed
U105,Data Visualization,Data Analysis,Beginner,Analytics,5,completed
U146,Data Analysis,React,Beginner,Analytics,5,request
U430,Machine Learning,JavaScript,Intermediate,AI,3,completed
U720,Node.js,UI/UX Design,Intermediate,Programming,4,completed
U37,SQL,Java,Beginner,Database,3,view
U140,Figma,JavaScript,Intermediate,Design,4,completed
U261,Data Analysis,Excel,Advanced,Analytics,3,request
U604,Data Analysis,UI/UX Design,Intermediate,Analytics,4,completed
U928,Deep Learning,UI/UX Design,Beginner,AI,5,request
U996,Data Visualization,UI/UX Design,Advanced,Analytics,3,view
U171,Java,Deep Learning,Advanced,Programming,4,view
U997,UI/UX Design,Python,Beginner,Design,4,request
U302,UI/UX Design,React,Beginner,Design,4,request
U411,Power BI,Java,Beginner,Analytics,5,view
U287,JavaScript,Data Analysis,Advanced,Programming,5,completed
U384,SQL,UI/UX Design,Beginner,Database,3,completed
U112,React,Data Visualization,Intermediate,Programming,4,request
U476,React,Excel,Intermediate,Programming,5,view
U93,UI/UX Design,React,Intermediate,Design,5,completed
U688,Java,Python,Beginner,Programming,4,view
U655,Machine Learning,Power BI,Advanced,AI,3,view
U260,Deep Learning,SQL,Intermediate,AI,5,request
U367,Data Visualization,Excel,Beginner,Analytics,5,completed
U260,Excel,Data Visualization,Intermediate,Analytics,3,view
U647,React,UI/UX Design,Beginner,Programming,4,request
U820,JavaScript,Power BI,Advanced,Programming,3,completed
U600,Power BI,Node.js,Advanced,Analytics,5,request
U143,Figma,Data Analysis,Intermediate,Design,3,completed
U833,Excel,Power BI,Beginner,Analytics,4,view
U900,Machine Learning,JavaScript,Advanced,AI,5,view
U724,JavaScript,Power BI,Advanced,Programming,5,request
U290,UI/UX Design,Java,Beginner,Design,4,completed
U179,Python,SQL,Intermediate,Programming,5,request
U296,JavaScript,Data Visualization,Beginner,Programming,4,request
U376,Data Analysis,UI/UX Design,Beginner,Analytics,4,request
U728,React,Spring Boot,Intermediate,Programming,3,view
U564,JavaScript,Power BI,Beginner,Programming,5,request
U359,Machine Learning,Power BI,Advanced,AI,3,completed
U848,Data Visualization,SQL,Beginner,Analytics,3,request
U397,Power BI,Python,Beginner,Analytics,3,request
U173,Java,UI/UX Design,Intermediate,Programming,5,view
U946,Machine Learning,SQL,Advanced,AI,4,request
U955,Data Visualization,Spring Boot,Intermediate,Analytics,3,completed
U448,Spring Boot,Java,Beginner,Programming,4,view
U168,JavaScript,UI/UX Design,Intermediate,Programming,5,view
U239,Data Visualization,Python,Advanced,Analytics,3,request
U416,Machine Learning,JavaScript,Beginner,AI,4,completed
U250,Spring Boot,SQL,Beginner,Programming,5,request
U801,Data Analysis,UI/UX Design,Beginner,Analytics,4,request
U478,Excel,Java,Intermediate,Analytics,3,request
U967,Node.js,Data Visualization,Intermediate,Programming,5,completed
U957,JavaScript,Deep Learning,Intermediate,Programming,4,completed
U49,React,Deep Learning,Advanced,Programming,3,completed
U21,Excel,Spring Boot,Intermediate,Analytics,3,completed
U935,Deep Learning,Power BI,Advanced,AI,4,completed
U293,Python,Java,Intermediate,Programming,4,completed
U932,Data Visualization,UI/UX Design,Beginner,Analytics,3,request
U209,Node.js,Data Visualization,Beginner,Programming,4,completed
U153,SQL,JavaScript,Advanced,Database,4,request
U778,Python,Power BI,Advanced,Programming,5,view
U622,JavaScript,Node.js,Advanced,Programming,3,view
U500,JavaScript,Deep Learning,Beginner,Programming,4,request
U50,Java,Machine Learning,Beginner,Programming,4,view
U871,Power BI,Java,Intermediate,Analytics,4,completed
U342,Data Analysis,Spring Boot,Advanced,Analytics,5,completed
U69,Deep Learning,React,Advanced,AI,3,request
U617,Figma,Spring Boot,Intermediate,Design,5,completed
U245,React,JavaScript,Intermediate,Programming,5,completed
U510,Deep Learning,React,Beginner,AI,3,view
U572,Python,Spring Boot,Intermediate,Programming,3,request
U946,Data Analysis,Figma,Intermediate,Analytics,4,completed
U310,UI/UX Design,Python,Advanced,Design,3,completed
U286,Data Visualization,Power BI,Intermediate,Analytics,5,request
U169,SQL,Data Visualization,Intermediate,Database,3,request
U987,Figma,Machine Learning,Advanced,Design,5,request
U720,UI/UX Design,SQL,Beginner,Design,4,completed
U454,SQL,UI/UX Design,Intermediate,Database,4,completed
U898,Figma,Python,Intermediate,Design,5,request
U826,Java,Excel,Beginner,Programming,4,completed
U138,Excel,Java,Advanced,Analytics,3,view
U858,Java,SQL,Advanced,Programming,5,completed
U647,Data Visualization,Spring Boot,Advanced,Analytics,3,completed
U953,React,Node.js,Intermediate,Programming,3,request
U638,Figma,Python,Beginner,Design,3,completed
U674,Deep Learning,Excel,Intermediate,AI,4,request
U297,Deep Learning,Machine Learning,Advanced,AI,5,view
U807,Node.js,Power BI,Intermediate,Programming,5,request
U525,React,SQL,Advanced,Programming,3,completed
U316,Figma,Power BI,Beginner,Design,5,view
U217,Data Analysis,Excel,Intermediate,Analytics,4,request
U304,Java,Machine Learning,Advanced,Programming,3,request
U283,Deep Learning,React,Advanced,AI,4,view
U461,JavaScript,Data Visualization,Intermediate,Programming,4,completed
U629,React,Power BI,Advanced,Programming,5,completed
U563,JavaScript,Power BI,Beginner,Programming,3,completed
U789,Excel,Figma,Advanced,Analytics,4,completed
U800,Power BI,Machine Learning,Intermediate,Analytics,5,completed
U591,Node.js,Data Visualization,Intermediate,Programming,4,view
U26,Python,Node.js,Advanced,Programming,5,request
U84,Data Visualization,React,Advanced,Analytics,3,request
U41,Node.js,Spring Boot,Advanced,Programming,5,completed
U676,React,JavaScript,Beginner,Programming,5,view
U504,Java,SQL,Intermediate,Programming,3,completed
U291,React,JavaScript,Intermediate,Programming,4,request
U254,Data Analysis,Spring Boot,Advanced,Analytics,4,completed
U515,Data Analysis,Java,Beginner,Analytics,4,view
U760,Node.js,JavaScript,Beginner,Programming,5,request
U194,JavaScript,Python,Beginner,Programming,5,request
U341,React,Spring Boot,Beginner,Programming,5,request
U223,Power BI,Machine Learning,Intermediate,Analytics,5,request
U615,Node.js,Spring Boot,Beginner,Programming,4,request
U756,JavaScript,Data Visualization,Intermediate,Programming,4,completed
U536,JavaScript,React,Intermediate,Programming,4,completed
U453,JavaScript,Figma,Intermediate,Programming,5,completed
U26,Java,UI/UX Design,Advanced,Programming,5,completed
U69,UI/UX Design,Deep Learning,Beginner,Design,3,request
U534,Node.js,Excel,Intermediate,Programming,3,completed
U806,React,Data Visualization,Intermediate,Programming,5,view
U882,Deep Learning,Excel,Intermediate,AI,3,completed
U711,SQL,Spring Boot,Advanced,Database,3,view
U214,Spring Boot,Machine Learning,Advanced,Programming,3,completed
U618,Java,React,Advanced,Programming,3,request
U944,Data Visualization,Data Analysis,Intermediate,Analytics,3,completed
U760,Deep Learning,Data Analysis,Advanced,AI,3,request
U834,Data Visualization,Power BI,Advanced,Analytics,4,completed
U836,Figma,Power BI,Beginner,Design,3,completed
U154,Deep Learning,Data Visualization,Beginner,AI,3,request
U266,Data Visualization,Figma,Intermediate,Analytics,4,completed
U325,React,Power BI,Advanced,Programming,4,request
U629,Deep Learning,Node.js,Beginner,AI,4,completed
U921,JavaScript,Java,Beginner,Programming,4,completed
U293,Data Visualization,Deep Learning,Advanced,Analytics,3,completed
U811,Power BI,Figma,Beginner,Analytics,3,view
U779,Python,Deep Learning,Beginner,Programming,5,view
U749,Machine Learning,Figma,Advanced,AI,5,request
U929,Machine Learning,Python,Advanced,AI,4,completed
U9,UI/UX Design,Java,Beginner,Design,4,request
U476,Java,SQL,Intermediate,Programming,3,view
U303,Figma,Data Visualization,Beginner,Design,3,request
U622,Node.js,Data Analysis,Intermediate,Programming,5,request
U581,Power BI,Deep Learning,Beginner,Analytics,5,view
U527,React,Power BI,Beginner,Programming,5,completed
U388,Figma,Machine Learning,Advanced,Design,5,request
U843,Java,Power BI,Beginner,Programming,3,view
U732,Power BI,Machine Learning,Advanced,Analytics,4,completed
U261,Machine Learning,Data Analysis,Beginner,AI,4,completed
U95,Java,UI/UX Design,Beginner,Programming,3,view
U88,React,Python,Intermediate,Programming,5,view
U756,Spring Boot,SQL,Advanced,Programming,3,request
U705,Figma,Node.js,Intermediate,Design,3,completed
U135,Deep Learning,SQL,Beginner,AI,5,request
U579,Power BI,Node.js,Beginner,Analytics,3,completed
U869,UI/UX Design,Data Analysis,Advanced,Design,5,completed
U551,Machine Learning,React,Advanced,AI,4,completed
U466,Java,Machine Learning,Intermediate,Programming,5,view
U178,JavaScript,Excel,Advanced,Programming,5,request
U598,Python,UI/UX Design,Advanced,Programming,4,completed
U583,Machine Learning,Spring Boot,Beginner,AI,5,view
U794,Spring Boot,JavaScript,Beginner,Programming,5,request
U876,UI/UX Design,Data Visualization,Beginner,Design,4,completed
U320,UI/UX Design,Figma,Beginner,Design,4,completed
U743,UI/UX Design,Data Visualization,Beginner,Design,4,completed
U308,Excel,Data Visualization,Beginner,Analytics,4,completed
U108,Power BI,Deep Learning,Intermediate,Analytics,4,request
U772,SQL,Data Visualization,Beginner,Database,4,completed
U486,Data Visualization,SQL,Advanced,Analytics,5,completed
U837,JavaScript,Java,Intermediate,Programming,4,completed
U613,Power BI,Data Visualization,Intermediate,Analytics,5,completed
U704,Figma,JavaScript,Beginner,Design,3,request
U743,Data Analysis,Node.js,Advanced,Analytics,5,request
U357,Deep Learning,Data Visualization,Advanced,AI,5,completed
U79,Excel,JavaScript,Beginner,Analytics,4,completed
U105,SQL,UI/UX Design,Beginner,Database,4,completed
U166,SQL,JavaScript,Advanced,Database,5,view
U742,JavaScript,Machine Learning,Advanced,Programming,4,completed
U668,Data Analysis,JavaScript,Advanced,Analytics,3,completed
U224,JavaScript,Spring Boot,Beginner,Programming,5,completed
U288,React,UI/UX Design,Intermediate,Programming,3,completed
U875,Deep Learning,Figma,Intermediate,AI,4,completed
U354,Deep Learning,JavaScript,Beginner,AI,4,request
U24,Python,Node.js,Advanced,Programming,4,view
U124,Deep Learning,Machine Learning,Advanced,AI,4,completed
U698,Deep Learning,Figma,Beginner,AI,4,completed
U614,Spring Boot,Node.js,Intermediate,Programming,3,completed
U848,Machine Learning,Spring Boot,Advanced,AI,5,view
U396,Figma,SQL,Advanced,Design,3,completed
U61,UI/UX Design,React,Beginner,Design,3,completed
U216,Python,Figma,Beginner,Programming,5,completed
U884,UI/UX Design,Python,Beginner,Design,3,view
U190,Deep Learning,Figma,Intermediate,AI,3,request
U91,React,Spring Boot,Beginner,Programming,5,request
U342,Excel,React,Beginner,Analytics,5,completed
U474,JavaScript,Node.js,Intermediate,Programming,3,completed
U727,Excel,UI/UX Design,Intermediate,Analytics,5,completed
U718,Data Visualization,JavaScript,Beginner,Analytics,3,completed
U488,Power BI,SQL,Intermediate,Analytics,5,view
U44,Machine Learning,Excel,Advanced,AI,5,view
U256,Java,Python,Intermediate,Programming,5,request
U905,Data Analysis,Python,Intermediate,Analytics,3,request
U705,Python,Spring Boot,Intermediate,Programming,3,completed
U806,Figma,Spring Boot,Advanced,Design,5,completed
U666,Node.js,Data Analysis,Intermediate,Programming,5,request
U686,SQL,Power BI,Intermediate,Database,4,request
U889,React,SQL,Advanced,Programming,5,completed
U521,SQL,Machine Learning,Intermediate,Database,3,request
U852,JavaScript,Data Visualization,Beginner,Programming,3,completed
U401,UI/UX Design,React,Advanced,Design,4,completed
U311,Data Analysis,UI/UX Design,Advanced,Analytics,5,completed
U364,Data Analysis,UI/UX Design,Advanced,Analytics,4,view
U740,JavaScript,Machine Learning,Advanced,Programming,3,completed
U314,Java,Machine Learning,Intermediate,Programming,3,view
U226,Power BI,Python,Beginner,Analytics,5,completed
U323,UI/UX Design,Figma,Advanced,Design,3,view
U587,Excel,Spring Boot,Advanced,Analytics,4,completed
U69,React,SQL,Advanced,Programming,5,completed
U768,Python,Figma,Advanced,Programming,3,completed
U221,Node.js,Machine Learning,Beginner,Programming,3,completed
U541,Spring Boot,JavaScript,Advanced,Programming,3,completed
U505,Power BI,Deep Learning,Intermediate,Analytics,4,request
U648,Excel,UI/UX Design,Advanced,Analytics,3,completed
U101,SQL,JavaScript,Advanced,Database,4,request
U197,Data Visualization,Figma,Intermediate,Analytics,4,view
U588,SQL,UI/UX Design,Beginner,Database,4,view
U291,Figma,Data Visualization,Beginner,Design,3,view
U966,Deep Learning,Power BI,Advanced,AI,3,view
U357,React,Figma,Intermediate,Programming,5,request
U254,Machine Learning,Deep Learning,Intermediate,AI,4,view
U34,Figma,Excel,Beginner,Design,5,request
U309,Power BI,React,Intermediate,Analytics,5,completed
U311,Data Analysis,Python,Advanced,Analytics,5,completed
U413,Deep Learning,SQL,Intermediate,AI,3,completed
U10,Figma,Spring Boot,Intermediate,Design,4,completed
U563,Spring Boot,JavaScript,Advanced,Programming,3,request
U498,Python,Data Analysis,Advanced,Programming,5,completed
U881,Figma,Machine Learning,Intermediate,Design,5,completed
U752,Excel,UI/UX Design,Advanced,Analytics,5,completed
U404,SQL,Excel,Intermediate,Database,3,request
U728,Deep Learning,React,Advanced,AI,3,completed
U973,React,Figma,Intermediate,Programming,4,completed
U30,Deep Learning,UI/UX Design,Intermediate,AI,4,view
U374,Node.js,Data Visualization,Advanced,Programming,5,completed
U512,Java,Data Visualization,Intermediate,Programming,3,completed
U862,SQL,Figma,Advanced,Database,3,request
U136,Spring Boot,SQL,Intermediate,Programming,4,request
U966,Excel,Java,Beginner,Analytics,4,request
U616,JavaScript,Machine Learning,Beginner,Programming,3,request
U6,Deep Learning,JavaScript,Advanced,AI,5,completed
U673,Python,UI/UX Design,Beginner,Programming,5,view
U427,UI/UX Design,Java,Intermediate,Design,5,request
U999,Node.js,JavaScript,Advanced,Programming,5,completed
U496,Machine Learning,SQL,Advanced,AI,5,request
U290,Node.js,Data Analysis,Advanced,Programming,3,completed
U163,Excel,Node.js,Advanced,Analytics,3,view
U153,Python,Power BI,Beginner,Programming,3,completed
U137,Power BI,Data Visualization,Intermediate,Analytics,3,completed
U638,Deep Learning,Excel,Beginner,AI,5,completed
U693,Data Analysis,Machine Learning,Beginner,Analytics,4,view
U790,Spring Boot,Power BI,Advanced,Programming,5,request
U936,Excel,Node.js,Intermediate,Analytics,5,view
U321,SQL,Node.js,Advanced,Database,3,completed
U589,Java,Data Visualization,Intermediate,Programming,5,request
U804,Figma,Java,Advanced,Design,5,view
U282,Figma,Data Analysis,Advanced,Design,5,request
U155,JavaScript,Python,Intermediate,Programming,4,request
U59,Python,JavaScript,Advanced,Programming,4,completed
U506,Excel,Data Analysis,Intermediate,Analytics,3,completed
U313,Spring Boot,JavaScript,Beginner,Programming,4,request
U840,Node.js,SQL,Advanced,Programming,3,request
U331,Python,Excel,Advanced,Programming,5,view
U964,UI/UX Design,Python,Advanced,Design,3,view
U893,SQL,Java,Advanced,Database,3,completed
U613,SQL,Spring Boot,Beginner,Database,5,completed
U380,React,SQL,Beginner,Programming,3,completed
U883,Data Visualization,Spring Boot,Beginner,Analytics,4,view
U888,UI/UX Design,Deep Learning,Advanced,Design,5,request
U440,Data Analysis,Data Visualization,Advanced,Analytics,3,request
U993,Excel,JavaScript,Beginner,Analytics,4,completed
U390,Python,UI/UX Design,Advanced,Programming,3,completed
U803,SQL,UI/UX Design,Advanced,Database,3,view
U605,Data Analysis,SQL,Intermediate,Analytics,4,completed
U788,Figma,SQL,Intermediate,Design,4,view
U41,Spring Boot,Node.js,Advanced,Programming,3,completed
U823,Data Analysis,Machine Learning,Advanced,Analytics,3,request
U806,Data Visualization,Power BI,Advanced,Analytics,4,view
U505,UI/UX Design,Deep Learning,Advanced,Design,3,request
U45,JavaScript,Data Analysis,Beginner,Programming,3,completed
U390,Spring Boot,Data Analysis,Advanced,Programming,5,completed
U488,Python,Machine Learning,Intermediate,Programming,5,completed
U367,SQL,Java,Intermediate,Database,3,completed
U145,Java,Figma,Beginner,Programming,5,completed
U325,Spring Boot,Figma,Intermediate,Programming,4,request
U888,Power BI,Node.js,Beginner,Analytics,4,completed
U414,React,Deep Learning,Advanced,Programming,5,completed
U479,Machine Learning,Excel,Beginner,AI,3,request
U247,Deep Learning,Excel,Advanced,AI,3,completed
U117,Figma,Power BI,Advanced,Design,3,request
U645,Java,Python,Advanced,Programming,5,request
U909,Node.js,Figma,Intermediate,Programming,5,completed
U547,Figma,UI/UX Design,Beginner,Design,4,view
U461,Java,React,Beginner,Programming,5,completed
U843,React,UI/UX Design,Beginner,Programming,4,completed
U27,Power BI,SQL,Advanced,Analytics,5,completed
U160,Node.js,JavaScript,Beginner,Programming,3,request
U559,Spring Boot,React,Beginner,Programming,3,request
U658,SQL,Data Visualization,Beginner,Database,5,completed
U646,Node.js,Machine Learning,Intermediate,Programming,3,completed
U810,Power BI,Machine Learning,Intermediate,Analytics,5,completed
U624,Power BI,UI/UX Design,Beginner,Analytics,3,request
U595,SQL,Java,Beginner,Database,3,completed
U454,Data Analysis,Machine Learning,Intermediate,Analytics,5,request
U44,SQL,Machine Learning,Advanced,Database,5,completed
U126,Excel,JavaScript,Beginner,Analytics,5,completed
U24,Figma,Data Visualization,Beginner,Design,3,completed
U623,Figma,UI/UX Design,Beginner,Design,5,completed
U217,SQL,Power BI,Intermediate,Database,3,completed
U166,Python,Excel,Intermediate,Programming,3,completed
U893,Data Visualization,Figma,Beginner,Analytics,5,completed
U45,Python,React,Advanced,Programming,4,request
U729,UI/UX Design,Machine Learning,Advanced,Design,4,request
U440,UI/UX Design,React,Intermediate,Design,4,completed
U883,Power BI,Excel,Advanced,Analytics,3,completed
U685,Spring Boot,UI/UX Design,Advanced,Programming,4,completed
U270,Power BI,Deep Learning,Advanced,Analytics,5,completed
U54,Node.js,Python,Intermediate,Programming,5,completed
U731,Excel,SQL,Intermediate,Analytics,4,completed
U114,Data Visualization,Node.js,Advanced,Analytics,3,completed
U188,UI/UX Design,JavaScript,Advanced,Design,4,completed
U858,Data Visualization,Java,Beginner,Analytics,4,request
U282,Deep Learning,Python,Intermediate,AI,3,request
U989,Node.js,Power BI,Advanced,Programming,5,view
U587,Spring Boot,UI/UX Design,Intermediate,Programming,4,completed
U138,Node.js,Spring Boot,Intermediate,Programming,4,completed
U428,Deep Learning,UI/UX Design,Beginner,AI,4,completed
U244,JavaScript,React,Advanced,Programming,4,view
U237,React,UI/UX Design,Advanced,Programming,3,view
U546,Data Analysis,Python,Beginner,Analytics,4,request
U949,Power BI,Machine Learning,Intermediate,Analytics,5,request
U74,Figma,Node.js,Beginner,Design,3,completed
U675,Python,JavaScript,Beginner,Programming,5,request
U840,SQL,Java,Beginner,Database,4,request
U212,Java,Python,Beginner,Programming,4,view
U286,Excel,Figma,Advanced,Analytics,4,completed
U943,Data Visualization,Spring Boot,Intermediate,Analytics,3,completed
U810,Deep Learning,Machine Learning,Intermediate,AI,3,completed
U188,Deep Learning,Figma,Intermediate,AI,3,completed
U892,Excel,React,Intermediate,Analytics,4,view
U889,Deep Learning,Data Visualization,Advanced,AI,5,completed
U660,Java,Data Visualization,Intermediate,Programming,3,completed
U285,Data Analysis,Python,Intermediate,Analytics,3,completed
U539,UI/UX Design,React,Beginner,Design,4,completed
U67,JavaScript,Python,Advanced,Programming,4,completed
U757,JavaScript,Machine Learning,Beginner,Programming,4,request
U721,Python,Deep Learning,Beginner,Programming,3,completed
U639,Python,Excel,Advanced,Programming,5,completed
U393,Figma,Power BI,Intermediate,Design,3,completed
U198,Excel,Spring Boot,Beginner,Analytics,4,completed
U113,Java,Figma,Advanced,Programming,5,request
U851,Data Visualization,Excel,Advanced,Analytics,4,request
U950,UI/UX Design,Spring Boot,Intermediate,Design,5,view
U794,Machine Learning,JavaScript,Beginner,AI,5,view
U509,Machine Learning,React,Advanced,AI,5,completed
U558,Node.js,Java,Advanced,Programming,5,request
U465,Deep Learning,UI/UX Design,Beginner,AI,5,view
U867,Power BI,JavaScript,Beginner,Analytics,3,request
U182,Python,Power BI,Beginner,Programming,5,completed
U185,Data Visualization,Machine Learning,Intermediate,Analytics,3,view
U308,Power BI,Data Analysis,Beginner,Analytics,4,request
U159,Spring Boot,Excel,Advanced,Programming,4,view
U185,Node.js,SQL,Advanced,Programming,4,view
U142,Java,Node.js,Intermediate,Programming,3,completed
U155,Figma,Machine Learning,Intermediate,Design,5,view
U935,Node.js,Data Analysis,Intermediate,Programming,3,completed
U713,SQL,Data Visualization,Beginner,Database,4,request
U729,Deep Learning,Power BI,Beginner,AI,3,request
U259,Python,UI/UX Design,Advanced,Programming,3,request
U840,UI/UX Design,Spring Boot,Advanced,Design,5,completed
U327,Python,SQL,Beginner,Programming,4,completed
U262,Python,React,Advanced,Programming,4,completed
U174,Spring Boot,Node.js,Advanced,Programming,3,completed
U710,Spring Boot,Deep Learning,Intermediate,Programming,5,request
U3,Machine Learning,JavaScript,Intermediate,AI,5,view
U827,Data Analysis,Data Visualization,Advanced,Analytics,4,completed
U560,Deep Learning,Excel,Beginner,AI,3,completed
U931,Deep Learning,Figma,Intermediate,AI,4,completed
U381,Spring Boot,Excel,Intermediate,Programming,3,completed
U280,JavaScript,SQL,Intermediate,Programming,4,completed
U319,Data Analysis,Data Visualization,Intermediate,Analytics,3,completed
U285,React,Data Analysis,Advanced,Programming,5,completed
U952,SQL,Figma,Intermediate,Database,4,request
U140,Python,Figma,Beginner,Programming,5,request
U774,Python,Figma,Advanced,Programming,4,completed
U440,SQL,Spring Boot,Advanced,Database,5,view
U196,Figma,Deep Learning,Advanced,Design,3,view
U224,Python,Node.js,Intermediate,Programming,3,completed
U305,SQL,Machine Learning,Advanced,Database,3,request
U131,Python,SQL,Advanced,Programming,5,request
U325,Excel,Node.js,Advanced,Analytics,3,view
U205,Excel,UI/UX Design,Beginner,Analytics,4,completed
U637,JavaScript,Machine Learning,Beginner,Programming,3,view
U176,SQL,Data Visualization,Intermediate,Database,3,completed
U67,React,Python,Advanced,Programming,5,request
U170,React,Spring Boot,Intermediate,Programming,3,completed
U550,Figma,SQL,Intermediate,Design,3,request
U841,Python,Excel,Intermediate,Programming,4,request
U748,Data Visualization,JavaScript,Intermediate,Analytics,5,completed
U240,Node.js,Power BI,Intermediate,Programming,5,view
U23,React,Excel,Advanced,Programming,5,request
U281,Power BI,UI/UX Design,Advanced,Analytics,3,view
U284,Excel,JavaScript,Intermediate,Analytics,3,completed
U184,UI/UX Design,Java,Intermediate,Design,4,view
U658,Machine Learning,Node.js,Intermediate,AI,4,view
U47,Deep Learning,JavaScript,Beginner,AI,3,completed
U408,UI/UX Design,React,Beginner,Design,3,request
U196,Machine Learning,Deep Learning,Advanced,AI,5,request
U645,Data Visualization,Excel,Intermediate,Analytics,3,request
U266,Data Visualization,Python,Beginner,Analytics,4,request
U536,JavaScript,Figma,Intermediate,Programming,5,request
U762,Figma,Power BI,Advanced,Design,5,completed
U106,Data Analysis,Deep Learning,Beginner,Analytics,4,request
U529,Java,Python,Advanced,Programming,4,view
U974,React,Data Visualization,Beginner,Programming,5,request
U17,UI/UX Design,Java,Advanced,Design,3,completed
U640,Machine Learning,Node.js,Beginner,AI,4,request
U251,UI/UX Design,Data Analysis,Beginner,Design,5,completed
U574,Figma,Deep Learning,Advanced,Design,4,completed
U699,JavaScript,Figma,Beginner,Programming,4,view
U775,SQL,Data Visualization,Advanced,Database,5,completed
U781,Power BI,Deep Learning,Beginner,Analytics,3,view
U891,Machine Learning,React,Beginner,AI,4,request
U806,Python,Java,Advanced,Programming,3,view
U345,Node.js,Machine Learning,Advanced,Programming,4,completed
U460,Deep Learning,SQL,Advanced,AI,4,view
U29,Excel,Spring Boot,Advanced,Analytics,4,completed
U155,Power BI,Spring Boot,Beginner,Analytics,5,completed
U330,React,Data Analysis,Advanced,Programming,4,request
U716,Spring Boot,Figma,Intermediate,Programming,5,completed
U543,Python,JavaScript,Intermediate,Programming,4,request
U615,SQL,Python,Advanced,Database,4,completed
U471,Data Analysis,SQL,Intermediate,Analytics,3,completed
U187,Power BI,Spring Boot,Beginner,Analytics,4,completed
U462,Java,JavaScript,Advanced,Programming,4,request
U663,Node.js,React,Intermediate,Programming,4,request
U833,Power BI,Spring Boot,Intermediate,Analytics,4,completed
U77,Data Visualization,SQL,Intermediate,Analytics,4,view
U92,UI/UX Design,SQL,Advanced,Design,5,request
U83,Deep Learning,Power BI,Intermediate,AI,5,request
U765,SQL,UI/UX Design,Intermediate,Database,5,completed
U514,JavaScript,Node.js,Intermediate,Programming,3,completed
U370,Machine Learning,Java,Advanced,AI,3,view
U1,Java,JavaScript,Beginner,Programming,5,completed
U354,SQL,Power BI,Beginner,Database,4,view
U68,JavaScript,Excel,Intermediate,Programming,5,request
U377,React,Python,Intermediate,Programming,3,view
U262,Machine Learning,Data Analysis,Intermediate,AI,5,view
U715,Data Analysis,Node.js,Advanced,Analytics,5,view
U634,Spring Boot,Python,Advanced,Programming,3,view
U912,Excel,Figma,Advanced,Analytics,3,completed
U329,Spring Boot,Data Visualization,Beginner,Programming,5,completed
U229,UI/UX Design,Data Visualization,Advanced,Design,3,completed
U60,Python,Figma,Beginner,Programming,3,completed
U926,JavaScript,Data Analysis,Intermediate,Programming,3,request
U994,React,Spring Boot,Beginner,Programming,4,request
U663,React,Figma,Advanced,Programming,4,view
U477,Node.js,Python,Advanced,Programming,3,request
U744,Machine Learning,Spring Boot,Advanced,AI,3,request
U307,Deep Learning,Python,Beginner,AI,5,completed
U494,Figma,React,Intermediate,Design,4,request
U35,UI/UX Design,Figma,Beginner,Design,4,completed
U844,UI/UX Design,React,Advanced,Design,5,view
U968,Java,Data Visualization,Intermediate,Programming,3,request
U564,Data Analysis,Python,Advanced,Analytics,5,completed
U437,SQL,Node.js,Intermediate,Database,3,view
U280,Data Visualization,Java,Intermediate,Analytics,3,request
U643,Deep Learning,Excel,Intermediate,AI,5,completed
U971,Python,Data Visualization,Advanced,Programming,4,completed
U2,UI/UX Design,Python,Advanced,Design,5,request
U760,JavaScript,Deep Learning,Intermediate,Programming,5,completed
U588,React,Java,Advanced,Programming,3,completed
U17,Deep Learning,Power BI,Advanced,AI,3,completed
U995,JavaScript,Java,Intermediate,Programming,5,view
U813,React,SQL,Intermediate,Programming,4,completed
U797,UI/UX Design,React,Beginner,Design,5,request
U119,Data Visualization,Machine Learning,Intermediate,Analytics,5,view
U978,UI/UX Design,React,Beginner,Design,3,request
U358,Machine Learning,Deep Learning,Intermediate,AI,3,request
U264,Java,JavaScript,Intermediate,Programming,5,completed
U701,Figma,React,Intermediate,Design,5,request
U926,Power BI,Python,Intermediate,Analytics,4,completed
U472,Python,Figma,Advanced,Programming,5,view
U508,Spring Boot,SQL,Advanced,Programming,3,view
U601,Deep Learning,Power BI,Intermediate,AI,4,request
U429,Data Visualization,Spring Boot,Advanced,Analytics,3,completed
U982,Python,JavaScript,Advanced,Programming,4,completed
U806,Python,JavaScript,Beginner,Programming,5,completed
U425,UI/UX Design,Power BI,Advanced,Design,3,request
U733,UI/UX Design,Excel,Advanced,Design,4,view
U472,SQL,Data Analysis,Intermediate,Database,5,completed
U109,Data Analysis,Excel,Beginner,Analytics,5,request
U487,Data Analysis,SQL,Advanced,Analytics,3,request
U118,Data Visualization,Java,Beginner,Analytics,5,completed
U951,Figma,Python,Advanced,Design,3,completed
U337,Data Visualization,JavaScript,Beginner,Analytics,4,completed
U433,Java,Figma,Beginner,Programming,4,request
U891,Deep Learning,Python,Beginner,AI,3,view
U794,Data Analysis,React,Intermediate,Analytics,4,completed
U372,Data Analysis,Excel,Advanced,Analytics,4,completed
U144,Power BI,SQL,Advanced,Analytics,5,request
U842,Excel,Machine Learning,Beginner,Analytics,3,view
U682,JavaScript,UI/UX Design,Intermediate,Programming,4,completed
U79,Figma,Java,Advanced,Design,4,completed
U98,UI/UX Design,Node.js,Advanced,Design,3,view
U386,Python,UI/UX Design,Intermediate,Programming,5,request
U305,Excel,Node.js,Beginner,Analytics,4,request
U968,Node.js,JavaScript,Intermediate,Programming,3,completed
U453,Deep Learning,Node.js,Intermediate,AI,4,completed
U159,Node.js,SQL,Advanced,Programming,4,request
U494,Figma,Excel,Advanced,Design,3,view
U920,Data Visualization,React,Beginner,Analytics,5,view
U92,SQL,Data Analysis,Beginner,Database,5,completed
U125,Figma,React,Intermediate,Design,4,request
U401,Data Visualization,Excel,Intermediate,Analytics,5,view
U455,Java,React,Advanced,Programming,4,completed
U683,Spring Boot,Machine Learning,Beginner,Programming,3,completed
U84,Figma,Java,Beginner,Design,5,completed
U711,Java,Figma,Advanced,Programming,4,request
U333,Figma,Java,Advanced,Design,5,completed
U911,Deep Learning,Data Analysis,Beginner,AI,5,request
U94,Data Visualization,SQL,Intermediate,Analytics,4,completed
U942,Machine Learning,Data Visualization,Advanced,AI,5,request
U293,Excel,Spring Boot,Advanced,Analytics,5,completed
U304,JavaScript,Node.js,Beginner,Programming,5,completed
U423,Deep Learning,Java,Beginner,AI,4,request
U671,Data Analysis,SQL,Intermediate,Analytics,4,completed
U630,Excel,Figma,Advanced,Analytics,4,request
U119,React,JavaScript,Advanced,Programming,4,view
U170,JavaScript,Data Visualization,Advanced,Programming,5,completed
U123,SQL,Data Analysis,Beginner,Database,5,view
U7,Data Visualization,Java,Advanced,Analytics,5,request
U122,JavaScript,Machine Learning,Beginner,Programming,3,view
U531,Python,Machine Learning,Intermediate,Programming,3,completed
U915,Deep Learning,JavaScript,Beginner,AI,4,request
U889,Data Analysis,Java,Advanced,Analytics,4,completed
U258,UI/UX Design,React,Intermediate,Design,3,request
U791,React,Deep Learning,Beginner,Programming,4,view
U840,Power BI,Figma,Intermediate,Analytics,4,request
U821,Data Visualization,Java,Advanced,Analytics,4,request
U384,UI/UX Design,SQL,Advanced,Design,3,completed
U406,Deep Learning,Excel,Beginner,AI,4,request
U513,Machine Learning,JavaScript,Intermediate,AI,5,request
U534,JavaScript,Excel,Advanced,Programming,4,view
U37,JavaScript,Spring Boot,Intermediate,Programming,5,completed
U332,Power BI,Spring Boot,Intermediate,Analytics,5,view
U950,React,SQL,Advanced,Programming,5,completed
U970,Java,Deep Learning,Advanced,Programming,3,view
U800,JavaScript,Power BI,Intermediate,Programming,5,request
U277,Node.js,UI/UX Design,Beginner,Programming,4,completed
U928,React,UI/UX Design,Intermediate,Programming,4,request
U508,Python,Excel,Beginner,Programming,5,request
U884,SQL,JavaScript,Beginner,Database,5,completed
U830,Deep Learning,Spring Boot,Intermediate,AI,5,completed
U985,Python,Java,Advanced,Programming,5,view
U580,Spring Boot,Figma,Advanced,Programming,3,completed
U217,Java,Data Analysis,Advanced,Programming,4,view
U879,Deep Learning,Data Analysis,Advanced,AI,5,completed
U825,Machine Learning,Java,Beginner,AI,5,request
U526,Java,Machine Learning,Beginner,Programming,4,request
U875,Java,Node.js,Intermediate,Programming,4,view
U134,JavaScript,Java,Beginner,Programming,4,request
U952,Figma,Java,Intermediate,Design,5,completed
U172,Java,UI/UX Design,Beginner,Programming,5,completed
U838,SQL,Power BI,Advanced,Database,3,request
U390,React,Figma,Intermediate,Programming,4,completed
U720,SQL,Excel,Advanced,Database,5,request
U753,JavaScript,Figma,Beginner,Programming,3,completed
U775,SQL,Deep Learning,Advanced,Database,5,request
U875,Machine Learning,Python,Advanced,AI,5,request
U961,UI/UX Design,Power BI,Advanced,Design,4,request
U293,Machine Learning,Data Visualization,Advanced,AI,3,completed
U605,Python,Data Visualization,Beginner,Programming,3,request
U204,Data Visualization,Spring Boot,Intermediate,Analytics,3,view
U836,Deep Learning,Python,Advanced,AI,5,request
U80,Machine Learning,Data Visualization,Intermediate,AI,5,request
U650,React,Java,Intermediate,Programming,5,request
U913,Excel,Deep Learning,Advanced,Analytics,3,request
U26,React,Spring Boot,Beginner,Programming,4,view
U288,Java,Python,Intermediate,Programming,5,completed
U555,Machine Learning,JavaScript,Intermediate,AI,4,completed
U773,Spring Boot,Node.js,Advanced,Programming,4,request
U444,Spring Boot,Node.js,Advanced,Programming,5,view
U333,Figma,Machine Learning,Advanced,Design,4,request
U362,Spring Boot,UI/UX Design,Beginner,Programming,4,view
U918,Deep Learning,Figma,Advanced,AI,4,view
U926,Figma,SQL,Advanced,Design,5,view
U552,Deep Learning,Node.js,Intermediate,AI,4,view
U443,Figma,Data Analysis,Beginner,Design,3,view
U202,Data Visualization,UI/UX Design,Advanced,Analytics,4,completed
U147,Node.js,Data Visualization,Intermediate,Programming,5,completed
U766,Node.js,Java,Intermediate,Programming,3,completed
U821,Python,Data Visualization,Advanced,Programming,4,completed
U581,Node.js,Data Analysis,Advanced,Programming,5,view
U333,Data Analysis,Power BI,Intermediate,Analytics,3,completed
U388,UI/UX Design,Deep Learning,Beginner,Design,4,completed
U953,JavaScript,Data Visualization,Intermediate,Programming,3,view
U743,Python,Power BI,Beginner,Programming,4,completed
U575,Node.js,SQL,Intermediate,Programming,4,completed
U3,Deep Learning,Python,Intermediate,AI,5,view
U424,Machine Learning,Power BI,Advanced,AI,3,request
U522,Figma,Data Visualization,Beginner,Design,3,view
U343,Node.js,Machine Learning,Intermediate,Programming,5,view
U264,Python,Node.js,Beginner,Programming,3,completed
U550,Java,Python,Advanced,Programming,4,view
U543,Java,Deep Learning,Beginner,Programming,4,view
U937,Deep Learning,Spring Boot,Intermediate,AI,5,completed
U287,Java,Data Visualization,Intermediate,Programming,4,completed
U987,Deep Learning,Data Visualization,Advanced,AI,3,request
U912,JavaScript,Spring Boot,Advanced,Programming,5,completed
U156,Power BI,JavaScript,Intermediate,Analytics,4,request
U530,React,UI/UX Design,Beginner,Programming,5,request
U633,Deep Learning,Figma,Beginner,AI,3,request
U671,Data Visualization,Node.js,Intermediate,Analytics,3,completed
U198,Spring Boot,Python,Advanced,Programming,4,view
U915,Data Visualization,Figma,Intermediate,Analytics,4,request
U362,UI/UX Design,Java,Advanced,Design,4,request
U597,Machine Learning,Spring Boot,Beginner,AI,4,request
U19,Deep Learning,Excel,Beginner,AI,5,completed
U197,Power BI,Machine Learning,Beginner,Analytics,3,completed
U98,SQL,Data Analysis,Beginner,Database,5,view
U337,JavaScript,Deep Learning,Intermediate,Programming,5,completed
U598,Java,Spring Boot,Intermediate,Programming,3,request
U953,JavaScript,Figma,Intermediate,Programming,5,view
U619,Power BI,Python,Intermediate,Analytics,5,request
U747,Machine Learning,Data Analysis,Beginner,AI,5,view
U625,Java,Data Visualization,Intermediate,Programming,5,completed
U337,Power BI,SQL,Beginner,Analytics,5,view
U116,SQL,Data Analysis,Advanced,Database,3,completed
U346,Spring Boot,Data Visualization,Beginner,Programming,3,request
U746,React,Excel,Beginner,Programming,4,completed
U340,SQL,Power BI,Intermediate,Database,5,request
U516,Excel,JavaScript,Intermediate,Analytics,5,completed
U365,React,Java,Intermediate,Programming,4,completed
U422,Figma,Data Analysis,Beginner,Design,5,completed
U67,UI/UX Design,Deep Learning,Beginner,Design,4,completed
U212,Excel,Figma,Intermediate,Analytics,4,completed
U957,Data Visualization,SQL,Beginner,Analytics,5,completed
U931,Data Visualization,Figma,Beginner,Analytics,5,request
U348,Node.js,JavaScript,Advanced,Programming,5,request
U602,Data Visualization,SQL,Advanced,Analytics,3,completed
U529,SQL,Power BI,Advanced,Database,5,completed
U452,JavaScript,UI/UX Design,Advanced,Programming,5,request
U23,SQL,Power BI,Beginner,Database,5,request
U438,Python,JavaScript,Beginner,Programming,3,completed
U361,Data Visualization,Machine Learning,Advanced,Analytics,3,completed
U793,JavaScript,Data Analysis,Advanced,Programming,5,completed
U166,Power BI,Deep Learning,Intermediate,Analytics,5,request
U760,JavaScript,Data Analysis,Advanced,Programming,5,completed
U417,Power BI,Java,Intermediate,Analytics,3,request
U800,UI/UX Design,Figma,Advanced,Design,4,completed
U370,Node.js,React,Beginner,Programming,3,completed
U720,Figma,Python,Intermediate,Design,5,completed
U627,Data Analysis,React,Advanced,Analytics,3,completed
U806,Spring Boot,Figma,Advanced,Programming,4,request
U935,Node.js,Data Visualization,Intermediate,Programming,3,completed
U555,Spring Boot,Node.js,Intermediate,Programming,3,view
U812,Machine Learning,Data Visualization,Advanced,AI,3,completed
U205,Node.js,Data Analysis,Advanced,Programming,5,completed
U911,Machine Learning,UI/UX Design,Beginner,AI,5,request
U720,SQL,Deep Learning,Beginner,Database,5,completed
U726,JavaScript,Power BI,Beginner,Programming,5,request
U25,Node.js,SQL,Beginner,Programming,4,completed
U508,Node.js,UI/UX Design,Intermediate,Programming,4,completed
U980,Figma,SQL,Intermediate,Design,4,request
U762,Java,React,Beginner,Programming,5,view
U366,Spring Boot,JavaScript,Advanced,Programming,5,completed
U990,Data Visualization,Deep Learning,Beginner,Analytics,4,view
U360,Data Visualization,Machine Learning,Beginner,Analytics,3,completed
U668,Figma,Data Visualization,Intermediate,Design,5,completed
U596,UI/UX Design,Figma,Beginner,Design,4,request
U284,Deep Learning,UI/UX Design,Beginner,AI,4,completed
U648,Figma,Excel,Advanced,Design,4,request
U120,Node.js,Machine Learning,Beginner,Programming,3,completed
U79,React,Data Analysis,Intermediate,Programming,3,completed
U942,Excel,Java,Beginner,Analytics,5,request
U400,Power BI,Deep Learning,Beginner,Analytics,5,request
U393,Deep Learning,Figma,Intermediate,AI,4,completed
U713,Java,Excel,Beginner,Programming,4,view
U894,Node.js,Spring Boot,Beginner,Programming,4,completed
U71,Excel,Spring Boot,Intermediate,Analytics,4,completed
U531,Node.js,Power BI,Beginner,Programming,5,request
U983,Machine Learning,Data Analysis,Advanced,AI,4,completed
U280,Python,React,Advanced,Programming,5,completed
U934,Excel,Java,Intermediate,Analytics,4,request
U954,JavaScript,Machine Learning,Intermediate,Programming,4,view
U705,Java,Machine Learning,Intermediate,Programming,4,completed
U284,Data Visualization,Node.js,Advanced,Analytics,3,request
U341,UI/UX Design,Java,Advanced,Design,4,completed
U759,SQL,Data Analysis,Advanced,Database,5,view
U402,Data Visualization,Node.js,Advanced,Analytics,3,completed
U798,Deep Learning,React,Advanced,AI,4,view
U61,Data Visualization,Java,Intermediate,Analytics,4,request
U196,Figma,Power BI,Advanced,Design,5,view
U412,Data Analysis,Figma,Intermediate,Analytics,3,view
U477,Data Visualization,Power BI,Advanced,Analytics,5,completed
U393,Power BI,JavaScript,Intermediate,Analytics,4,completed
U362,UI/UX Design,Power BI,Beginner,Design,4,completed
U716,Python,JavaScript,Intermediate,Programming,4,request
U949,Node.js,Data Visualization,Intermediate,Programming,3,completed
U624,SQL,UI/UX Design,Advanced,Database,5,view
U333,Machine Learning,JavaScript,Intermediate,AI,5,completed
U887,UI/UX Design,JavaScript,Intermediate,Design,5,request
U921,Python,Excel,Intermediate,Programming,3,completed
U39,Figma,Python,Beginner,Design,4,request
U686,Java,Node.js,Intermediate,Programming,4,completed
U45,Machine Learning,Data Visualization,Intermediate,AI,5,view
U962,Data Visualization,Spring Boot,Advanced,Analytics,4,completed
U107,React,SQL,Beginner,Programming,4,completed
U362,Figma,Spring Boot,Intermediate,Design,3,completed
U482,Figma,Data Analysis,Advanced,Design,5,completed
U554,Data Visualization,React,Intermediate,Analytics,4,completed
U448,Figma,Java,Intermediate,Design,5,view
U680,Node.js,Machine Learning,Beginner,Programming,4,completed
U55,React,Excel,Intermediate,Programming,4,request
U555,SQL,Data Analysis,Advanced,Database,4,view
U784,React,Data Analysis,Beginner,Programming,3,completed
U717,Figma,Machine Learning,Intermediate,Design,5,view
U86,Python,Power BI,Beginner,Programming,5,completed
U374,Data Analysis,Excel,Intermediate,Analytics,4,view
U219,Data Visualization,Deep Learning,Advanced,Analytics,4,completed
U917,Python,JavaScript,Advanced,Programming,4,completed
U31,Machine Learning,Excel,Intermediate,AI,4,request
U859,Excel,Power BI,Beginner,Analytics,5,completed
U770,Machine Learning,JavaScript,Advanced,AI,4,completed
U499,Excel,Power BI,Advanced,Analytics,4,completed
U244,SQL,Deep Learning,Intermediate,Database,5,completed
U328,Figma,JavaScript,Beginner,Design,3,request
U505,Node.js,Power BI,Beginner,Programming,3,view
U598,Spring Boot,Data Analysis,Intermediate,Programming,5,completed
U842,Excel,Data Visualization,Beginner,Analytics,5,request
U190,Data Visualization,JavaScript,Advanced,Analytics,3,view
U584,Node.js,Power BI,Intermediate,Programming,5,completed
U933,SQL,Power BI,Intermediate,Database,5,request
U809,Node.js,Data Visualization,Beginner,Programming,3,request
U666,Node.js,Power BI,Intermediate,Programming,4,completed
U692,JavaScript,Excel,Beginner,Programming,4,completed
U257,JavaScript,Data Visualization,Beginner,Programming,3,completed
U973,Deep Learning,Power BI,Beginner,AI,3,view
U541,Power BI,JavaScript,Advanced,Analytics,3,completed
U941,SQL,Data Analysis,Advanced,Database,5,completed
U416,Data Analysis,SQL,Advanced,Analytics,5,completed
U281,Deep Learning,Data Visualization,Intermediate,AI,4,request
U233,SQL,Power BI,Intermediate,Database,4,view
U753,JavaScript,Data Visualization,Intermediate,Programming,3,request
U271,Python,Data Analysis,Beginner,Programming,4,completed
U943,Data Analysis,Machine Learning,Advanced,Analytics,5,view
U728,Power BI,Java,Advanced,Analytics,4,completed
U634,Python,Power BI,Beginner,Programming,4,completed
U130,SQL,Java,Intermediate,Database,5,completed
U282,React,JavaScript,Advanced,Programming,4,completed
U764,Node.js,Deep Learning,Beginner,Programming,3,completed
U221,Python,Java,Intermediate,Programming,4,request
U215,Data Visualization,Deep Learning,Beginner,Analytics,3,completed
U711,Power BI,Machine Learning,Advanced,Analytics,3,completed
U241,Deep Learning,JavaScript,Intermediate,AI,3,completed
U584,JavaScript,Figma,Advanced,Programming,4,completed
U250,Data Visualization,SQL,Intermediate,Analytics,3,completed
U387,Machine Learning,Power BI,Intermediate,AI,5,completed
U188,Data Visualization,Power BI,Intermediate,Analytics,4,completed
U620,Excel,Deep Learning,Advanced,Analytics,4,request
U938,Java,React,Advanced,Programming,5,completed
U826,JavaScript,Power BI,Beginner,Programming,4,completed
U743,Machine Learning,Spring Boot,Advanced,AI,5,request
U942,Power BI,JavaScript,Beginner,Analytics,5,completed
U166,UI/UX Design,Machine Learning,Advanced,Design,5,request
U575,React,Figma,Intermediate,Programming,4,completed
U912,Python,SQL,Advanced,Programming,4,completed
U602,UI/UX Design,Machine Learning,Intermediate,Design,3,completed
U54,Deep Learning,Excel,Intermediate,AI,4,completed
U709,JavaScript,React,Beginner,Programming,4,view
U563,SQL,Power BI,Beginner,Database,5,request
U350,Java,JavaScript,Intermediate,Programming,4,request
U402,UI/UX Design,JavaScript,Intermediate,Design,5,request
U714,Java,Data Analysis,Advanced,Programming,5,completed
U271,Power BI,Spring Boot,Intermediate,Analytics,4,completed
U625,SQL,Data Analysis,Advanced,Database,4,view
U750,JavaScript,SQL,Advanced,Programming,3,completed
U50,Data Visualization,Spring Boot,Intermediate,Analytics,3,completed
U790,Node.js,Power BI,Intermediate,Programming,4,completed
U605,UI/UX Design,Java,Beginner,Design,5,request
U584,Spring Boot,JavaScript,Intermediate,Programming,4,view
U644,Figma,Power BI,Beginner,Design,3,completed
U441,Deep Learning,Java,Advanced,AI,3,view
U599,Java,Power BI,Beginner,Programming,5,request
U21,Python,Power BI,Advanced,Programming,3,request
U994,Deep Learning,Figma,Advanced,AI,5,completed
U278,Java,JavaScript,Intermediate,Programming,4,completed
U739,SQL,Machine Learning,Beginner,Database,5,completed
U547,Spring Boot,JavaScript,Intermediate,Programming,5,completed
U868,Excel,Python,Intermediate,Analytics,3,view
U750,Figma,SQL,Intermediate,Design,5,view
U406,JavaScript,Machine Learning,Beginner,Programming,4,completed
U409,Excel,Java,Intermediate,Analytics,4,completed
U225,Data Visualization,Figma,Advanced,Analytics,3,request
U610,Data Analysis,Spring Boot,Intermediate,Analytics,4,request
U66,Excel,Spring Boot,Beginner,Analytics,4,completed
U793,Deep Learning,React,Intermediate,AI,3,completed
U761,Java,Node.js,Beginner,Programming,5,completed
U526,Deep Learning,SQL,Beginner,AI,4,completed
U902,Figma,Data Visualization,Advanced,Design,3,completed
U784,Data Visualization,Machine Learning,Advanced,Analytics,4,completed
U753,Node.js,Data Analysis,Advanced,Programming,3,completed
U521,Deep Learning,Power BI,Advanced,AI,5,view
U566,JavaScript,Python,Intermediate,Programming,4,completed
U865,Deep Learning,Machine Learning,Advanced,AI,4,completed
U495,Deep Learning,Data Analysis,Intermediate,AI,4,completed
U369,Data Analysis,Node.js,Advanced,Analytics,4,completed
U429,JavaScript,Node.js,Intermediate,Programming,4,completed
U598,Data Analysis,Power BI,Beginner,Analytics,5,completed
U606,Data Analysis,React,Advanced,Analytics,4,completed
U554,Node.js,Java,Advanced,Programming,4,completed
U506,Deep Learning,Excel,Beginner,AI,3,request
U235,UI/UX Design,Node.js,Intermediate,Design,3,request
U489,JavaScript,SQL,Intermediate,Programming,3,view
U459,SQL,Data Visualization,Advanced,Database,3,view
U51,Spring Boot,Excel,Intermediate,Programming,3,completed
U682,Node.js,UI/UX Design,Intermediate,Programming,5,completed
U563,Deep Learning,Python,Beginner,AI,5,request
U789,Data Analysis,Figma,Advanced,Analytics,5,completed
U403,Data Analysis,Python,Advanced,Analytics,3,completed
U432,Node.js,UI/UX Design,Beginner,Programming,4,completed
U662,Data Visualization,Figma,Beginner,Analytics,4,view
U326,JavaScript,SQL,Beginner,Programming,5,completed
U918,Deep Learning,Power BI,Beginner,AI,5,completed
U975,Java,Figma,Intermediate,Programming,3,completed
U476,React,Figma,Beginner,Programming,4,completed
U73,Spring Boot,Figma,Advanced,Programming,5,completed
U552,Python,Excel,Intermediate,Programming,4,completed
U660,Data Visualization,Excel,Intermediate,Analytics,4,view
U899,Figma,Node.js,Advanced,Design,3,completed
U240,Machine Learning,UI/UX Design,Beginner,AI,5,request
U302,Deep Learning,Power BI,Intermediate,AI,5,request
U245,Data Analysis,Machine Learning,Advanced,Analytics,4,request
U695,React,Deep Learning,Beginner,Programming,3,completed
U218,Machine Learning,Data Analysis,Intermediate,AI,3,view
U658,JavaScript,Data Visualization,Advanced,Programming,4,request
U947,Figma,React,Intermediate,Design,4,view
U792,React,Figma,Intermediate,Programming,5,request
U93,JavaScript,Data Analysis,Intermediate,Programming,3,completed
U7,UI/UX Design,Deep Learning,Intermediate,Design,3,request
U707,React,Data Analysis,Intermediate,Programming,4,request
U558,React,SQL,Advanced,Programming,5,view
U501,Data Analysis,Machine Learning,Intermediate,Analytics,5,completed
U907,UI/UX Design,Power BI,Intermediate,Design,4,completed
U735,Data Visualization,JavaScript,Intermediate,Analytics,4,view
U204,Deep Learning,Figma,Beginner,AI,5,view
U346,Deep Learning,JavaScript,Beginner,AI,4,completed
U369,JavaScript,Power BI,Advanced,Programming,5,request
U663,Java,SQL,Beginner,Programming,4,completed
U873,JavaScript,Python,Intermediate,Programming,3,completed
U363,Machine Learning,Figma,Beginner,AI,4,view
U939,Machine Learning,JavaScript,Beginner,AI,4,completed
U442,React,Figma,Advanced,Programming,4,completed
U954,Data Analysis,Power BI,Intermediate,Analytics,4,completed
U585,Power BI,Python,Intermediate,Analytics,3,completed
U593,JavaScript,Data Visualization,Advanced,Programming,3,request
U799,Figma,Python,Advanced,Design,3,completed
U102,Spring Boot,JavaScript,Advanced,Programming,4,completed
U173,SQL,Spring Boot,Beginner,Database,5,completed
U778,React,Figma,Intermediate,Programming,3,request
U852,Data Visualization,Figma,Advanced,Analytics,4,completed
U982,Data Visualization,JavaScript,Beginner,Analytics,5,completed
U174,Data Visualization,Deep Learning,Intermediate,Analytics,3,completed
U362,Data Analysis,Node.js,Intermediate,Analytics,4,request
U973,Machine Learning,Spring Boot,Intermediate,AI,4,request
U961,Data Visualization,Node.js,Beginner,Analytics,4,completed
U108,Java,SQL,Advanced,Programming,3,request
U807,Node.js,UI/UX Design,Advanced,Programming,3,view
U989,Machine Learning,React,Intermediate,AI,4,request
U980,Python,Figma,Intermediate,Programming,4,completed
U626,Node.js,Figma,Advanced,Programming,5,completed
U223,Node.js,Data Visualization,Intermediate,Programming,3,request
U557,Java,JavaScript,Beginner,Programming,4,completed
U952,React,Data Analysis,Advanced,Programming,4,view
U799,Figma,UI/UX Design,Beginner,Design,3,request
U969,Excel,JavaScript,Beginner,Analytics,4,completed
U906,Spring Boot,Deep Learning,Beginner,Programming,3,completed
U118,Data Visualization,Node.js,Intermediate,Analytics,5,completed
U316,Python,SQL,Beginner,Programming,5,completed
U663,Spring Boot,Data Visualization,Advanced,Programming,5,request
U931,Machine Learning,Data Analysis,Beginner,AI,5,completed
U346,Data Visualization,Node.js,Advanced,Analytics,3,completed
U232,React,Figma,Intermediate,Programming,5,completed
U395,Excel,SQL,Intermediate,Analytics,3,request
U521,Spring Boot,Machine Learning,Advanced,Programming,3,completed
U260,Data Analysis,Spring Boot,Beginner,Analytics,3,request
U915,React,Data Analysis,Beginner,Programming,4,completed
U978,Data Visualization,Data Analysis,Intermediate,Analytics,5,request
U419,Figma,Power BI,Beginner,Design,5,view
U749,JavaScript,Power BI,Beginner,Programming,4,request
U295,React,Power BI,Advanced,Programming,5,completed
U481,Data Analysis,Node.js,Advanced,Analytics,4,completed
U88,Power BI,Data Analysis,Advanced,Analytics,3,request
U821,Power BI,UI/UX Design,Beginner,Analytics,4,completed
U495,React,Data Analysis,Beginner,Programming,3,completed
U683,Data Visualization,Data Analysis,Advanced,Analytics,3,view
U83,Node.js,Power BI,Advanced,Programming,4,completed
U149,Deep Learning,Spring Boot,Beginner,AI,3,view
U171,Machine Learning,UI/UX Design,Intermediate,AI,3,completed
U847,Excel,React,Beginner,Analytics,3,request
U265,Machine Learning,Power BI,Beginner,AI,4,request
U78,UI/UX Design,Machine Learning,Beginner,Design,5,completed
U852,Machine Learning,Python,Intermediate,AI,4,request
U953,SQL,Node.js,Intermediate,Database,5,request
U567,UI/UX Design,Excel,Beginner,Design,4,completed
U677,SQL,Data Visualization,Advanced,Database,4,completed
U598,Spring Boot,Deep Learning,Beginner,Programming,5,request
U949,Power BI,Java,Advanced,Analytics,3,request
U413,Power BI,Python,Intermediate,Analytics,5,view
U144,Excel,Python,Intermediate,Analytics,5,completed
U310,JavaScript,Figma,Beginner,Programming,3,request
U590,Excel,JavaScript,Advanced,Analytics,4,view
U676,Data Analysis,Power BI,Intermediate,Analytics,4,view
U952,Java,JavaScript,Advanced,Programming,3,view
U745,Machine Learning,Node.js,Beginner,AI,5,completed
U755,JavaScript,UI/UX Design,Advanced,Programming,4,completed
U373,Spring Boot,UI/UX Design,Beginner,Programming,5,request
U165,Deep Learning,Power BI,Beginner,AI,3,completed
U340,Spring Boot,SQL,Advanced,Programming,3,completed
U899,Excel,Python,Advanced,Analytics,5,request
U50,Python,Node.js,Intermediate,Programming,4,completed
U575,Data Analysis,Power BI,Advanced,Analytics,5,completed
U299,Figma,Deep Learning,Intermediate,Design,3,view
U374,JavaScript,Spring Boot,Intermediate,Programming,5,request
U62,Python,Spring Boot,Advanced,Programming,4,view
U701,Deep Learning,Data Analysis,Advanced,AI,5,completed
U751,Python,Deep Learning,Advanced,Programming,4,completed
U540,Java,UI/UX Design,Advanced,Programming,4,completed
U522,Deep Learning,Excel,Intermediate,AI,3,completed
U510,Data Analysis,Machine Learning,Beginner,Analytics,4,completed
U574,Data Visualization,Node.js,Advanced,Analytics,4,completed
U484,Figma,Data Visualization,Intermediate,Design,5,request
U624,JavaScript,Java,Intermediate,Programming,5,view
U203,Excel,Power BI,Beginner,Analytics,5,completed
U680,Java,JavaScript,Intermediate,Programming,5,view
U40,Spring Boot,Python,Intermediate,Programming,5,view
U236,SQL,Spring Boot,Beginner,Database,3,request
U7,Machine Learning,Figma,Intermediate,AI,5,completed
U32,JavaScript,SQL,Beginner,Programming,5,completed
U424,UI/UX Design,Power BI,Advanced,Design,4,request
U603,Java,Excel,Advanced,Programming,5,completed
U439,Python,Figma,Intermediate,Programming,5,completed
U259,Python,React,Beginner,Programming,3,request
U666,Data Visualization,SQL,Beginner,Analytics,5,completed
U862,Python,React,Intermediate,Programming,5,completed
U905,Data Analysis,Machine Learning,Intermediate,Analytics,5,completed
U82,Node.js,Python,Advanced,Programming,5,request
U219,Spring Boot,Figma,Advanced,Programming,4,completed
U21,Deep Learning,Spring Boot,Intermediate,AI,3,completed
U656,Excel,Spring Boot,Intermediate,Analytics,5,request
U235,UI/UX Design,Power BI,Advanced,Design,5,completed
U153,SQL,UI/UX Design,Beginner,Database,5,completed
U214,Node.js,React,Beginner,Programming,5,completed
U293,UI/UX Design,Power BI,Intermediate,Design,3,view
U479,Node.js,Figma,Advanced,Programming,4,request
U640,Data Visualization,Excel,Beginner,Analytics,5,view
U530,Power BI,Figma,Advanced,Analytics,4,request
U187,Data Visualization,Node.js,Advanced,Analytics,4,completed
U463,SQL,JavaScript,Advanced,Database,4,view
U976,JavaScript,Power BI,Beginner,Programming,4,request
U66,JavaScript,Machine Learning,Beginner,Programming,4,completed
U838,UI/UX Design,Excel,Intermediate,Design,3,view
U36,Power BI,Java,Intermediate,Analytics,3,completed
U40,Java,Excel,Beginner,Programming,5,view
U664,Machine Learning,Figma,Advanced,AI,3,view
U762,Node.js,UI/UX Design,Intermediate,Programming,4,request
U857,Data Analysis,Power BI,Intermediate,Analytics,3,completed
U663,Power BI,Python,Advanced,Analytics,4,view
U124,Python,UI/UX Design,Beginner,Programming,3,request
U11,Deep Learning,Python,Intermediate,AI,3,request
U898,Power BI,Data Visualization,Beginner,Analytics,3,request
U283,Machine Learning,Data Analysis,Beginner,AI,5,completed
U386,Power BI,Excel,Advanced,Analytics,4,request
U54,Java,Machine Learning,Beginner,Programming,5,request
U528,Power BI,Node.js,Intermediate,Analytics,4,request
U152,Excel,Spring Boot,Intermediate,Analytics,3,request
U72,SQL,Excel,Beginner,Database,4,completed
U163,Power BI,Node.js,Advanced,Analytics,3,completed
U838,Spring Boot,Machine Learning,Beginner,Programming,4,completed
U571,Data Visualization,Node.js,Beginner,Analytics,3,completed
U706,Machine Learning,React,Beginner,AI,3,completed
U39,Java,SQL,Advanced,Programming,4,completed
U443,Machine Learning,Power BI,Intermediate,AI,5,completed
U485,Excel,Java,Advanced,Analytics,5,request
U440,Power BI,UI/UX Design,Advanced,Analytics,3,request
U767,Excel,Data Visualization,Intermediate,Analytics,4,completed
U844,Spring Boot,Node.js,Advanced,Programming,5,completed
U62,Power BI,Deep Learning,Beginner,Analytics,3,request
U580,Power BI,UI/UX Design,Advanced,Analytics,3,request
U987,Node.js,Excel,Beginner,Programming,3,view
U396,Data Visualization,UI/UX Design,Intermediate,Analytics,4,completed
U547,Machine Learning,React,Beginner,AI,4,request
U233,SQL,Spring Boot,Advanced,Database,3,completed
U872,Spring Boot,Python,Advanced,Programming,4,completed
U381,Excel,Data Analysis,Beginner,Analytics,5,completed
U157,Data Analysis,Machine Learning,Intermediate,Analytics,5,request
U814,Java,React,Advanced,Programming,3,completed
U467,Java,Data Visualization,Intermediate,Programming,4,completed
U244,JavaScript,Java,Beginner,Programming,5,completed
U248,SQL,JavaScript,Advanced,Database,4,completed
U408,Deep Learning,Data Visualization,Beginner,AI,4,view
U927,Node.js,Data Visualization,Advanced,Programming,3,request
U120,SQL,Data Analysis,Advanced,Database,3,completed
U939,Machine Learning,React,Advanced,AI,4,view
U921,Deep Learning,Data Analysis,Advanced,AI,5,completed
U53,SQL,Node.js,Beginner,Database,5,view
U541,Data Visualization,Figma,Intermediate,Analytics,4,request
U673,React,Data Visualization,Beginner,Programming,4,completed
U766,React,Deep Learning,Intermediate,Programming,3,request
U315,UI/UX Design,React,Intermediate,Design,3,request
U146,SQL,Machine Learning,Advanced,Database,4,view
U877,Figma,Power BI,Beginner,Design,5,request
U240,Data Analysis,Spring Boot,Intermediate,Analytics,4,completed
U362,Power BI,Java,Beginner,Analytics,5,request
U137,JavaScript,React,Advanced,Programming,4,request
U92,UI/UX Design,Machine Learning,Beginner,Design,4,completed
U762,Excel,Machine Learning,Advanced,Analytics,4,request
U529,Python,Java,Beginner,Programming,5,view
U726,UI/UX Design,SQL,Beginner,Design,4,completed
U206,Excel,Java,Beginner,Analytics,3,request
U704,Python,Data Visualization,Intermediate,Programming,3,completed
U776,Node.js,JavaScript,Intermediate,Programming,4,view
U513,Deep Learning,Spring Boot,Intermediate,AI,5,view
U700,Data Visualization,Node.js,Advanced,Analytics,4,request
U82,Machine Learning,JavaScript,Advanced,AI,5,view
U458,Deep Learning,Java,Beginner,AI,3,completed
U132,SQL,Deep Learning,Beginner,Database,4,request
U954,JavaScript,UI/UX Design,Advanced,Programming,5,completed
U482,UI/UX Design,Java,Beginner,Design,5,request
U533,Spring Boot,Python,Intermediate,Programming,3,completed
U462,Data Visualization,Java,Advanced,Analytics,3,view
U788,JavaScript,Data Analysis,Advanced,Programming,4,view
U833,React,Spring Boot,Beginner,Programming,5,completed
U830,Data Analysis,Spring Boot,Advanced,Analytics,3,completed
U339,Python,Figma,Advanced,Programming,4,request
U558,Figma,JavaScript,Intermediate,Design,5,view
U992,Spring Boot,Machine Learning,Beginner,Programming,4,request
U28,Data Analysis,Power BI,Beginner,Analytics,3,completed
U738,Data Visualization,Java,Intermediate,Analytics,4,completed
U992,Machine Learning,Java,Beginner,AI,4,view
U104,Spring Boot,SQL,Intermediate,Programming,5,view
U418,UI/UX Design,Data Visualization,Intermediate,Design,4,completed
U671,Excel,Data Visualization,Intermediate,Analytics,4,completed
U579,React,Spring Boot,Beginner,Programming,4,view
U92,Power BI,JavaScript,Beginner,Analytics,5,view
U600,Java,Python,Beginner,Programming,4,request
U11,JavaScript,Python,Beginner,Programming,4,completed
U248,Java,Power BI,Advanced,Programming,3,request
U892,Spring Boot,Data Analysis,Advanced,Programming,4,completed
U843,Excel,Data Analysis,Beginner,Analytics,4,view
U22,Data Visualization,Excel,Intermediate,Analytics,5,completed
U748,Node.js,Machine Learning,Beginner,Programming,4,request
U535,Machine Learning,Deep Learning,Advanced,AI,5,request
U597,Figma,Deep Learning,Beginner,Design,5,completed
U819,Machine Learning,Figma,Beginner,AI,3,completed
U363,Data Analysis,Spring Boot,Advanced,Analytics,5,request
U803,UI/UX Design,Data Analysis,Beginner,Design,4,completed
U861,Node.js,Power BI,Beginner,Programming,4,view
U226,React,Java,Intermediate,Programming,4,view
U250,Data Visualization,Python,Beginner,Analytics,4,view
U646,Power BI,JavaScript,Intermediate,Analytics,5,view
U877,React,SQL,Advanced,Programming,5,completed
U731,Java,Power BI,Intermediate,Programming,4,view
U800,Python,Java,Beginner,Programming,5,request
U314,Excel,Machine Learning,Intermediate,Analytics,5,completed
U853,Spring Boot,React,Advanced,Programming,5,completed
U715,UI/UX Design,Java,Beginner,Design,5,completed
U219,JavaScript,Java,Intermediate,Programming,4,completed
U35,React,SQL,Advanced,Programming,4,completed
U588,Spring Boot,Power BI,Intermediate,Programming,3,request
U44,Machine Learning,Data Visualization,Beginner,AI,3,view
U38,Deep Learning,Spring Boot,Beginner,AI,3,completed
U51,Machine Learning,Java,Intermediate,AI,3,completed
U310,Deep Learning,Spring Boot,Advanced,AI,5,request
U77,Python,Power BI,Intermediate,Programming,3,view
U439,Power BI,Data Analysis,Advanced,Analytics,5,completed
U653,Java,Deep Learning,Beginner,Programming,4,completed
U335,Data Analysis,Excel,Advanced,Analytics,4,view
U937,Spring Boot,Figma,Beginner,Programming,3,completed
U210,Node.js,Deep Learning,Intermediate,Programming,5,view
U298,Figma,JavaScript,Intermediate,Design,5,completed
U727,Power BI,Data Analysis,Beginner,Analytics,3,request
U332,Machine Learning,Java,Intermediate,AI,5,completed
U114,Deep Learning,Java,Advanced,AI,4,completed
U58,SQL,Machine Learning,Beginner,Database,3,request
U260,UI/UX Design,Node.js,Advanced,Design,5,completed
U956,Data Visualization,JavaScript,Advanced,Analytics,3,completed
U680,SQL,Java,Intermediate,Database,5,view
U671,Python,SQL,Intermediate,Programming,3,completed
U673,Data Visualization,Python,Intermediate,Analytics,5,request
U763,SQL,Java,Intermediate,Database,3,view
U602,UI/UX Design,React,Advanced,Design,4,request
U946,Figma,Data Visualization,Intermediate,Design,5,request
U968,Spring Boot,Java,Intermediate,Programming,4,completed
U307,Node.js,Data Analysis,Advanced,Programming,5,completed
U563,Excel,Machine Learning,Beginner,Analytics,5,view
U831,React,Spring Boot,Advanced,Programming,4,completed
U335,SQL,Data Visualization,Advanced,Database,5,request
U237,Python,Spring Boot,Advanced,Programming,4,request
U118,Excel,UI/UX Design,Intermediate,Analytics,4,completed
U57,Data Visualization,JavaScript,Intermediate,Analytics,4,request
U825,Node.js,SQL,Advanced,Programming,5,view
U239,Java,Data Visualization,Beginner,Programming,5,request
U15,SQL,Machine Learning,Intermediate,Database,5,completed
U829,Figma,Excel,Intermediate,Design,5,request
U184,Excel,Python,Intermediate,Analytics,5,view
U687,UI/UX Design,React,Intermediate,Design,5,completed
U802,Figma,Data Visualization,Intermediate,Design,4,request
U713,Java,JavaScript,Intermediate,Programming,5,view
U582,Figma,Node.js,Intermediate,Design,3,completed
U865,Java,Figma,Beginner,Programming,4,completed
U839,Java,Machine Learning,Beginner,Programming,3,completed
U474,Power BI,Machine Learning,Beginner,Analytics,4,completed
U771,SQL,Java,Beginner,Database,5,completed
U859,Machine Learning,Node.js,Intermediate,AI,3,completed
U113,Python,Data Analysis,Advanced,Programming,3,request
U625,UI/UX Design,Deep Learning,Advanced,Design,4,completed
U875,Excel,Node.js,Advanced,Analytics,3,request
U789,Excel,SQL,Intermediate,Analytics,4,view
U620,Node.js,Python,Advanced,Programming,4,view
U773,React,Excel,Intermediate,Programming,4,completed
U781,Excel,JavaScript,Intermediate,Analytics,4,completed
U832,Excel,Machine Learning,Beginner,Analytics,3,view
U811,Figma,Power BI,Advanced,Design,5,completed
U337,Spring Boot,Machine Learning,Intermediate,Programming,3,completed
U625,Deep Learning,Excel,Beginner,AI,4,request
U170,Machine Learning,Node.js,Intermediate,AI,5,completed
U662,Data Analysis,Python,Beginner,Analytics,4,completed
U118,Data Analysis,UI/UX Design,Advanced,Analytics,5,view
U249,Data Analysis,React,Advanced,Analytics,3,view
U146,Java,Figma,Intermediate,Programming,3,view
U527,Machine Learning,Deep Learning,Intermediate,AI,4,completed
U823,Data Visualization,JavaScript,Beginner,Analytics,5,view
U209,Python,Excel,Advanced,Programming,5,completed
U317,Spring Boot,Power BI,Beginner,Programming,5,completed
U505,Excel,Machine Learning,Intermediate,Analytics,5,completed
U176,Spring Boot,UI/UX Design,Beginner,Programming,5,completed
U698,Machine Learning,Data Analysis,Intermediate,AI,3,completed
U327,Excel,Spring Boot,Beginner,Analytics,5,view
U432,Excel,Python,Advanced,Analytics,3,view
U352,Excel,Python,Beginner,Analytics,4,completed
U268,Deep Learning,SQL,Intermediate,AI,4,completed
U400,Excel,JavaScript,Advanced,Analytics,3,completed
U926,Python,UI/UX Design,Intermediate,Programming,3,completed
U597,Figma,UI/UX Design,Intermediate,Design,5,completed
U305,Data Visualization,Python,Intermediate,Analytics,3,request
U95,Data Visualization,JavaScript,Intermediate,Analytics,3,request
U773,Spring Boot,Data Analysis,Beginner,Programming,5,request
U608,Spring Boot,React,Beginner,Programming,4,request
U177,Node.js,Excel,Intermediate,Programming,4,view
U73,Node.js,Data Analysis,Intermediate,Programming,3,view
U590,Power BI,Figma,Beginner,Analytics,3,completed
U10,Data Analysis,Node.js,Intermediate,Analytics,3,view
U747,Data Analysis,Figma,Beginner,Analytics,4,request
U186,Excel,Node.js,Beginner,Analytics,5,request
U192,SQL,Java,Intermediate,Database,4,view
U201,Deep Learning,Python,Advanced,AI,5,completed
U417,SQL,React,Advanced,Database,5,request
U342,Data Visualization,React,Beginner,Analytics,3,view
U784,Java,Python,Beginner,Programming,3,request
U67,Power BI,React,Intermediate,Analytics,5,request
U496,Excel,Figma,Beginner,Analytics,5,completed
U657,JavaScript,Power BI,Intermediate,Programming,3,request
U344,Power BI,Data Visualization,Beginner,Analytics,4,completed
U62,SQL,JavaScript,Beginner,Database,3,completed
U554,SQL,Machine Learning,Beginner,Database,4,request
U513,Deep Learning,SQL,Beginner,AI,4,request
U740,JavaScript,UI/UX Design,Beginner,Programming,3,completed
U179,Figma,Node.js,Intermediate,Design,4,completed
U459,Power BI,UI/UX Design,Advanced,Analytics,4,completed
U416,Spring Boot,Machine Learning,Advanced,Programming,5,completed
U464,Excel,Java,Advanced,Analytics,5,completed
U862,Data Analysis,Java,Advanced,Analytics,5,request
U675,Python,UI/UX Design,Intermediate,Programming,4,completed
U120,Python,Deep Learning,Advanced,Programming,3,completed
U904,Power BI,JavaScript,Intermediate,Analytics,5,view
U168,Data Analysis,Machine Learning,Intermediate,Analytics,5,completed
U111,SQL,Spring Boot,Intermediate,Database,5,completed
U201,Deep Learning,Node.js,Advanced,AI,5,completed
U664,Data Visualization,JavaScript,Advanced,Analytics,3,request
U251,Data Analysis,Figma,Advanced,Analytics,4,completed
U351,Data Analysis,Figma,Advanced,Analytics,3,completed
U427,Spring Boot,Excel,Intermediate,Programming,5,completed
U786,Node.js,JavaScript,Beginner,Programming,3,view
U990,Excel,Java,Intermediate,Analytics,5,view
U746,JavaScript,Machine Learning,Intermediate,Programming,3,completed
U128,Figma,Data Analysis,Intermediate,Design,5,view
U698,Data Analysis,UI/UX Design,Advanced,Analytics,3,request
U294,UI/UX Design,Python,Intermediate,Design,5,completed
U142,Figma,Machine Learning,Advanced,Design,5,request
U902,JavaScript,Excel,Advanced,Programming,3,completed
U479,Data Analysis,JavaScript,Intermediate,Analytics,3,completed
U597,SQL,Power BI,Advanced,Database,3,completed
U954,Deep Learning,Node.js,Advanced,AI,3,view
U27,Figma,SQL,Intermediate,Design,5,view
U274,Python,Machine Learning,Beginner,Programming,3,view
U460,UI/UX Design,SQL,Intermediate,Design,4,completed
U596,Java,JavaScript,Beginner,Programming,4,completed
U296,Python,Figma,Beginner,Programming,5,request
U900,Figma,Data Analysis,Advanced,Design,5,completed
U346,Spring Boot,JavaScript,Advanced,Programming,5,completed
U786,Node.js,UI/UX Design,Beginner,Programming,5,view
U477,Figma,Spring Boot,Advanced,Design,4,request
U220,UI/UX Design,Node.js,Beginner,Design,5,request
U625,Deep Learning,Data Visualization,Advanced,AI,4,completed
U316,Data Analysis,Excel,Intermediate,Analytics,4,completed
U897,UI/UX Design,Java,Beginner,Design,5,completed
U705,JavaScript,Data Visualization,Beginner,Programming,4,completed
U499,Figma,Python,Intermediate,Design,3,request
U511,Excel,Node.js,Beginner,Analytics,5,request
U666,UI/UX Design,Data Visualization,Advanced,Design,5,request
U324,Power BI,SQL,Advanced,Analytics,4,view
U411,Data Visualization,Deep Learning,Intermediate,Analytics,3,completed
U313,UI/UX Design,Java,Beginner,Design,4,request
U367,Deep Learning,SQL,Beginner,AI,4,completed
U976,Excel,Deep Learning,Beginner,Analytics,4,request
U327,SQL,Spring Boot,Beginner,Database,4,completed
U411,Power BI,Java,Advanced,Analytics,5,completed
U302,Python,Java,Intermediate,Programming,3,request
U719,JavaScript,Power BI,Intermediate,Programming,3,completed
U913,Spring Boot,Deep Learning,Beginner,Programming,4,completed
U491,UI/UX Design,Python,Beginner,Design,4,completed
U713,Deep Learning,Node.js,Beginner,AI,5,request
U757,Data Analysis,Machine Learning,Beginner,Analytics,4,completed
U505,Node.js,Data Analysis,Intermediate,Programming,5,completed
U769,Python,Data Analysis,Intermediate,Programming,3,request
U246,React,Power BI,Advanced,Programming,4,request
U68,Data Analysis,Deep Learning,Beginner,Analytics,4,request
U56,Python,Figma,Intermediate,Programming,3,completed
U61,Data Visualization,React,Beginner,Analytics,5,request
U889,JavaScript,Figma,Intermediate,Programming,3,completed
U177,JavaScript,Figma,Beginner,Programming,3,completed
U800,Figma,Spring Boot,Beginner,Design,4,request
U32,Deep Learning,Excel,Intermediate,AI,4,request
U990,React,Spring Boot,Intermediate,Programming,4,completed
U575,Figma,SQL,Intermediate,Design,3,request
U465,Excel,UI/UX Design,Advanced,Analytics,3,view
U354,Node.js,UI/UX Design,Intermediate,Programming,5,completed
U803,Figma,Power BI,Beginner,Design,3,completed
U180,JavaScript,UI/UX Design,Intermediate,Programming,5,view
U742,UI/UX Design,Data Analysis,Beginner,Design,5,request
U523,JavaScript,Deep Learning,Advanced,Programming,5,completed
U502,Excel,Machine Learning,Intermediate,Analytics,3,request
U804,Data Analysis,Deep Learning,Advanced,Analytics,3,request
U114,SQL,Data Analysis,Beginner,Database,4,request
U490,React,Power BI,Advanced,Programming,5,request
U893,Machine Learning,React,Beginner,AI,5,completed
U848,Java,Machine Learning,Advanced,Programming,5,completed
U727,Data Analysis,Spring Boot,Intermediate,Analytics,3,view
U261,Data Analysis,Java,Advanced,Analytics,4,completed
U397,Spring Boot,Power BI,Beginner,Programming,3,completed
U967,SQL,Node.js,Advanced,Database,3,view
U944,Python,Figma,Advanced,Programming,4,completed
U949,Figma,Data Analysis,Intermediate,Design,4,view
U519,Java,SQL,Advanced,Programming,3,request
U468,Deep Learning,Node.js,Advanced,AI,4,view
U886,UI/UX Design,Java,Intermediate,Design,5,request
U530,Deep Learning,Node.js,Intermediate,AI,3,request
U969,Data Analysis,JavaScript,Advanced,Analytics,3,completed
U108,Excel,Figma,Intermediate,Analytics,3,completed
U459,JavaScript,Deep Learning,Intermediate,Programming,5,completed
U186,Python,Deep Learning,Beginner,Programming,3,request
U678,Java,Data Visualization,Intermediate,Programming,4,request
U400,Java,Figma,Beginner,Programming,3,view
U232,SQL,UI/UX Design,Advanced,Database,5,completed
U645,React,Java,Intermediate,Programming,5,request
U564,Power BI,Python,Beginner,Analytics,3,view
U508,UI/UX Design,Java,Advanced,Design,3,completed
U92,Spring Boot,React,Intermediate,Programming,3,request
U882,Spring Boot,SQL,Intermediate,Programming,3,completed
U885,Deep Learning,Data Analysis,Intermediate,AI,4,request
U585,Power BI,JavaScript,Advanced,Analytics,5,view
U635,Node.js,Machine Learning,Advanced,Programming,4,request
U351,JavaScript,Data Analysis,Beginner,Programming,5,request
U159,Excel,Data Visualization,Beginner,Analytics,4,completed
U91,Node.js,UI/UX Design,Advanced,Programming,4,completed
U794,Excel,Data Visualization,Advanced,Analytics,4,request
U922,JavaScript,React,Advanced,Programming,3,request
U398,Machine Learning,Data Analysis,Beginner,AI,5,completed
U772,Machine Learning,Deep Learning,Beginner,AI,4,request
U736,Data Analysis,Spring Boot,Beginner,Analytics,3,completed
U984,Spring Boot,Data Analysis,Advanced,Programming,4,completed
U373,Power BI,Node.js,Intermediate,Analytics,4,completed
U611,Python,React,Intermediate,Programming,3,request
U395,SQL,Python,Advanced,Database,3,completed
U571,Figma,UI/UX Design,Beginner,Design,4,view
U811,Data Visualization,Power BI,Advanced,Analytics,3,view
U339,React,UI/UX Design,Beginner,Programming,3,completed
U709,Data Visualization,SQL,Beginner,Analytics,3,view
U801,Spring Boot,Power BI,Beginner,Programming,5,request
U27,Data Analysis,Excel,Advanced,Analytics,5,completed
U309,Node.js,Data Analysis,Beginner,Programming,5,completed
U902,Node.js,Excel,Beginner,Programming,5,view
U900,Deep Learning,Figma,Beginner,AI,3,completed
U333,Data Analysis,Figma,Beginner,Analytics,5,view
U731,Power BI,UI/UX Design,Beginner,Analytics,5,view
U733,SQL,Data Analysis,Beginner,Database,5,completed
U524,React,Data Visualization,Beginner,Programming,5,request
U179,JavaScript,Spring Boot,Beginner,Programming,4,completed
U668,Data Analysis,UI/UX Design,Beginner,Analytics,4,completed
U99,Spring Boot,JavaScript,Beginner,Programming,5,completed
U875,UI/UX Design,SQL,Beginner,Design,4,request
U844,Deep Learning,Machine Learning,Advanced,AI,5,request
U304,Machine Learning,Spring Boot,Beginner,AI,3,completed
U774,Node.js,JavaScript,Advanced,Programming,5,completed
U953,Java,JavaScript,Beginner,Programming,5,completed
U60,UI/UX Design,React,Advanced,Design,3,completed
U965,UI/UX Design,Machine Learning,Intermediate,Design,3,completed
U445,Node.js,Spring Boot,Advanced,Programming,3,request
U767,UI/UX Design,Data Visualization,Intermediate,Design,3,request
U36,React,Python,Advanced,Programming,3,completed
U666,Spring Boot,Figma,Beginner,Programming,4,request
U265,Power BI,Python,Advanced,Analytics,4,completed
U256,Deep Learning,UI/UX Design,Beginner,AI,5,request
U76,Node.js,Java,Advanced,Programming,3,view
U442,JavaScript,Deep Learning,Beginner,Programming,3,request
U183,Data Analysis,Machine Learning,Advanced,Analytics,5,completed
U415,React,UI/UX Design,Intermediate,Programming,3,request
U913,UI/UX Design,Data Analysis,Intermediate,Design,5,completed
U815,Machine Learning,Power BI,Beginner,AI,3,request
U497,Python,Power BI,Intermediate,Programming,3,view
U784,JavaScript,UI/UX Design,Intermediate,Programming,5,completed
U692,Java,Power BI,Intermediate,Programming,3,completed
U408,Excel,Node.js,Beginner,Analytics,5,completed
U977,UI/UX Design,Deep Learning,Intermediate,Design,3,request
U190,Data Analysis,Excel,Intermediate,Analytics,4,completed
U985,Node.js,Data Analysis,Beginner,Programming,3,completed
U240,Spring Boot,SQL,Advanced,Programming,3,completed
U925,UI/UX Design,Python,Intermediate,Design,3,request
U596,Spring Boot,Figma,Beginner,Programming,3,completed
U209,JavaScript,Java,Beginner,Programming,4,view
U496,Java,SQL,Beginner,Programming,5,request
U410,JavaScript,Spring Boot,Intermediate,Programming,4,completed
U994,Figma,React,Beginner,Design,3,request
U785,Data Visualization,Node.js,Intermediate,Analytics,4,completed
U602,Java,Excel,Advanced,Programming,3,completed
U973,Data Visualization,Data Analysis,Intermediate,Analytics,5,completed
U628,Node.js,UI/UX Design,Advanced,Programming,5,completed
U45,Python,Machine Learning,Intermediate,Programming,4,completed
U207,Node.js,Deep Learning,Advanced,Programming,3,completed
U649,UI/UX Design,Spring Boot,Advanced,Design,4,request
U86,Excel,UI/UX Design,Intermediate,Analytics,5,completed
U782,Python,Power BI,Advanced,Programming,4,request
U729,Deep Learning,Node.js,Intermediate,AI,4,view
U221,Data Visualization,Java,Beginner,Analytics,3,completed
U458,Figma,Data Visualization,Advanced,Design,5,completed
U817,Node.js,Figma,Beginner,Programming,4,view
U780,Node.js,Deep Learning,Intermediate,Programming,5,completed
U929,Data Visualization,Deep Learning,Intermediate,Analytics,3,completed
U270,Deep Learning,Java,Beginner,AI,3,request
U994,Excel,Power BI,Beginner,Analytics,4,request
U530,Python,SQL,Advanced,Programming,5,completed
U347,React,UI/UX Design,Beginner,Programming,4,completed
U47,Excel,Figma,Intermediate,Analytics,3,completed
U257,Spring Boot,Python,Intermediate,Programming,5,view
U856,Java,Node.js,Advanced,Programming,3,completed
U553,SQL,Java,Beginner,Database,4,completed
U220,Python,Machine Learning,Advanced,Programming,5,view
U436,Spring Boot,Power BI,Intermediate,Programming,4,view
U315,Data Visualization,Excel,Intermediate,Analytics,3,completed
U996,Deep Learning,Machine Learning,Intermediate,AI,3,completed
U375,Java,Excel,Beginner,Programming,5,completed
U211,Power BI,Deep Learning,Intermediate,Analytics,3,completed
U328,Java,JavaScript,Advanced,Programming,4,view
U500,Python,Spring Boot,Beginner,Programming,4,completed
U334,Figma,Deep Learning,Beginner,Design,3,view
U126,Data Visualization,Data Analysis,Intermediate,Analytics,3,completed
U877,Excel,JavaScript,Intermediate,Analytics,4,completed
U302,Figma,Machine Learning,Beginner,Design,4,request
U160,Spring Boot,Data Analysis,Beginner,Programming,4,completed
U225,Figma,Node.js,Beginner,Design,5,completed
U234,Power BI,Figma,Beginner,Analytics,5,completed
U285,Power BI,Spring Boot,Intermediate,Analytics,3,completed
U929,Node.js,UI/UX Design,Beginner,Programming,5,completed
U642,Data Visualization,Spring Boot,Advanced,Analytics,5,request
U172,Data Analysis,Power BI,Intermediate,Analytics,4,completed
U917,Python,Excel,Intermediate,Programming,5,completed
U71,Python,Node.js,Advanced,Programming,3,request
U222,JavaScript,UI/UX Design,Advanced,Programming,3,view
U955,Java,Python,Advanced,Programming,4,completed
U952,Java,JavaScript,Beginner,Programming,4,view
U387,Python,Excel,Beginner,Programming,4,completed
U379,React,Data Visualization,Beginner,Programming,4,view
U800,Java,Excel,Beginner,Programming,3,completed
U129,Spring Boot,Python,Advanced,Programming,4,request
U138,Power BI,JavaScript,Intermediate,Analytics,3,completed
U743,Python,Java,Advanced,Programming,4,view
U52,Machine Learning,Excel,Advanced,AI,5,completed
U175,Spring Boot,UI/UX Design,Beginner,Programming,3,completed
U166,Excel,Python,Beginner,Analytics,3,completed
U886,React,Data Visualization,Intermediate,Programming,4,request
U621,Machine Learning,Python,Beginner,AI,4,request
U948,Data Visualization,Power BI,Beginner,Analytics,3,completed
U456,Python,Data Analysis,Intermediate,Programming,5,request
U144,React,UI/UX Design,Intermediate,Programming,5,completed
U665,Node.js,Spring Boot,Advanced,Programming,4,view
U967,Figma,Power BI,Advanced,Design,4,completed
U858,SQL,Deep Learning,Advanced,Database,5,view
U15,Python,JavaScript,Beginner,Programming,4,completed
U41,Excel,React,Advanced,Analytics,4,completed
U156,Data Analysis,SQL,Beginner,Analytics,5,completed
U516,Python,React,Beginner,Programming,3,request
U274,Python,Deep Learning,Advanced,Programming,3,completed
U802,Machine Learning,JavaScript,Intermediate,AI,5,completed
U614,Node.js,JavaScript,Beginner,Programming,4,completed
U437,Python,Machine Learning,Advanced,Programming,4,completed
U525,Data Visualization,Python,Beginner,Analytics,3,completed
U533,React,UI/UX Design,Intermediate,Programming,4,completed
U786,SQL,Data Analysis,Intermediate,Database,5,completed
U858,React,Node.js,Intermediate,Programming,5,view
U825,Machine Learning,Figma,Beginner,AI,5,view
U418,Data Visualization,UI/UX Design,Intermediate,Analytics,5,request
U765,UI/UX Design,JavaScript,Beginner,Design,5,completed
U470,Deep Learning,UI/UX Design,Intermediate,AI,4,request
U475,UI/UX Design,Power BI,Intermediate,Design,5,view
U912,Deep Learning,Excel,Advanced,AI,3,completed
U207,SQL,Figma,Intermediate,Database,4,request
U244,Power BI,Java,Beginner,Analytics,4,request
U255,JavaScript,Java,Beginner,Programming,5,completed
U125,Excel,UI/UX Design,Intermediate,Analytics,5,view
U558,Machine Learning,Java,Advanced,AI,3,completed
U398,JavaScript,Data Analysis,Beginner,Programming,4,completed
U446,Figma,Deep Learning,Intermediate,Design,5,completed
U33,Data Visualization,SQL,Intermediate,Analytics,4,completed
U193,Deep Learning,Figma,Intermediate,AI,4,completed
U332,Python,Spring Boot,Intermediate,Programming,4,completed
U942,Machine Learning,Spring Boot,Intermediate,AI,3,completed
U970,Figma,Machine Learning,Beginner,Design,3,completed
U435,JavaScript,Node.js,Beginner,Programming,5,request
U662,Spring Boot,Deep Learning,Beginner,Programming,4,request
U684,Python,Data Analysis,Advanced,Programming,4,completed
U615,Java,UI/UX Design,Intermediate,Programming,5,completed
U720,SQL,Figma,Beginner,Database,3,view
U498,Excel,SQL,Intermediate,Analytics,5,view
U917,Power BI,Deep Learning,Advanced,Analytics,4,completed
U810,Data Analysis,UI/UX Design,Beginner,Analytics,3,request
U442,Node.js,JavaScript,Advanced,Programming,3,completed
U818,Data Visualization,React,Intermediate,Analytics,5,completed
U481,Java,Figma,Beginner,Programming,3,view
U941,Machine Learning,React,Advanced,AI,3,request
U112,UI/UX Design,JavaScript,Beginner,Design,4,view
U887,Figma,UI/UX Design,Advanced,Design,5,view
U513,UI/UX Design,SQL,Beginner,Design,4,request
U308,Figma,Spring Boot,Beginner,Design,5,request
U740,Python,Deep Learning,Intermediate,Programming,4,completed
U600,SQL,Machine Learning,Intermediate,Database,3,completed
U949,Spring Boot,React,Intermediate,Programming,4,view
U789,UI/UX Design,Excel,Advanced,Design,4,request
U587,Deep Learning,Java,Intermediate,AI,4,view
U742,Deep Learning,UI/UX Design,Advanced,AI,5,completed
U130,Python,Node.js,Intermediate,Programming,5,request
U788,UI/UX Design,React,Advanced,Design,3,completed
U652,Data Visualization,Java,Advanced,Analytics,3,completed
U39,UI/UX Design,Machine Learning,Advanced,Design,4,completed
U22,Node.js,Figma,Beginner,Programming,5,completed
U508,Excel,Power BI,Advanced,Analytics,5,view
U514,UI/UX Design,Java,Beginner,Design,4,completed
U316,UI/UX Design,SQL,Beginner,Design,3,completed
U383,SQL,UI/UX Design,Intermediate,Database,5,completed
U844,Node.js,Figma,Beginner,Programming,5,view
U679,Data Analysis,Excel,Advanced,Analytics,3,completed
U973,React,Power BI,Beginner,Programming,5,completed
U769,Java,Excel,Advanced,Programming,5,completed
U183,Machine Learning,Data Analysis,Beginner,AI,5,completed
U214,React,Data Analysis,Intermediate,Programming,3,completed
U111,Spring Boot,Excel,Beginner,Programming,5,completed
U460,Figma,Deep Learning,Intermediate,Design,4,view
U220,Excel,Figma,Advanced,Analytics,4,completed
U309,UI/UX Design,Python,Beginner,Design,3,view
U63,JavaScript,Machine Learning,Advanced,Programming,4,view
U293,UI/UX Design,Node.js,Intermediate,Design,4,request
U258,Data Analysis,Data Visualization,Intermediate,Analytics,5,view
U236,Data Analysis,SQL,Intermediate,Analytics,5,request
U617,Figma,React,Advanced,Design,3,completed
U355,Figma,Power BI,Beginner,Design,3,view
U181,React,SQL,Beginner,Programming,5,request
U270,Data Visualization,Node.js,Intermediate,Analytics,4,view
U25,UI/UX Design,Node.js,Intermediate,Design,5,request
U282,Data Visualization,Data Analysis,Intermediate,Analytics,3,completed
U394,Spring Boot,Python,Advanced,Programming,4,completed
U483,SQL,Machine Learning,Beginner,Database,5,completed
U813,UI/UX Design,Python,Advanced,Design,5,request
U978,Data Visualization,Machine Learning,Beginner,Analytics,3,request
U692,JavaScript,Power BI,Advanced,Programming,4,completed
U410,Python,UI/UX Design,Intermediate,Programming,4,completed
U387,Deep Learning,Node.js,Intermediate,AI,4,completed
U555,Java,Data Analysis,Beginner,Programming,3,request
U624,Machine Learning,Java,Intermediate,AI,4,completed
U451,React,Java,Advanced,Programming,3,view
U929,Figma,Deep Learning,Advanced,Design,4,request
U470,Figma,Java,Advanced,Design,4,view
U227,Java,React,Advanced,Programming,5,completed
U821,Python,Java,Intermediate,Programming,4,completed
U679,Machine Learning,Excel,Advanced,AI,3,completed
U699,React,Excel,Intermediate,Programming,3,request
U574,Python,Node.js,Intermediate,Programming,3,request
U917,UI/UX Design,Data Analysis,Beginner,Design,4,view
U579,Data Analysis,Machine Learning,Intermediate,Analytics,4,completed
U630,Excel,Node.js,Beginner,Analytics,5,request
U203,Node.js,JavaScript,Intermediate,Programming,4,request
U109,Java,Figma,Beginner,Programming,4,completed
U503,JavaScript,Deep Learning,Intermediate,Programming,3,request
U24,Data Analysis,Machine Learning,Intermediate,Analytics,3,request
U289,Data Analysis,Deep Learning,Beginner,Analytics,4,request
U832,JavaScript,Node.js,Beginner,Programming,3,request
U237,Excel,Data Analysis,Advanced,Analytics,3,completed
U720,Machine Learning,Figma,Intermediate,AI,5,completed
U567,Data Analysis,React,Intermediate,Analytics,5,completed
U884,Excel,Power BI,Advanced,Analytics,5,view
U446,Power BI,Figma,Advanced,Analytics,5,view
U550,Data Analysis,JavaScript,Intermediate,Analytics,4,request
U708,Data Analysis,SQL,Beginner,Analytics,4,view
U919,UI/UX Design,JavaScript,Advanced,Design,5,completed
U712,Java,Data Analysis,Beginner,Programming,3,view
U591,Data Visualization,SQL,Beginner,Analytics,5,view
U330,Node.js,Figma,Advanced,Programming,5,view
U568,Data Analysis,Deep Learning,Beginner,Analytics,4,completed
U117,Machine Learning,Data Visualization,Intermediate,AI,5,view
U262,Node.js,SQL,Beginner,Programming,5,request
U439,Excel,Deep Learning,Beginner,Analytics,4,request
U85,Data Analysis,Java,Advanced,Analytics,4,completed
U269,Python,Machine Learning,Beginner,Programming,4,completed
U629,JavaScript,Figma,Intermediate,Programming,5,completed
U830,Data Visualization,Power BI,Beginner,Analytics,3,request
U576,Spring Boot,UI/UX Design,Beginner,Programming,3,completed
U34,Python,Deep Learning,Beginner,Programming,3,completed
U843,Java,Data Visualization,Intermediate,Programming,4,completed
U481,Deep Learning,UI/UX Design,Intermediate,AI,3,request
U234,Machine Learning,Excel,Intermediate,AI,5,request
U694,Python,Spring Boot,Advanced,Programming,5,view
U238,React,UI/UX Design,Intermediate,Programming,5,completed
U293,Figma,JavaScript,Advanced,Design,4,request
U318,Figma,Data Analysis,Intermediate,Design,5,request
U255,SQL,Java,Advanced,Database,5,completed
U276,SQL,UI/UX Design,Advanced,Database,3,completed
U160,Data Analysis,SQL,Beginner,Analytics,5,view
U702,Data Analysis,Deep Learning,Intermediate,Analytics,5,request
U408,Power BI,Node.js,Intermediate,Analytics,3,completed
U321,Machine Learning,UI/UX Design,Beginner,AI,4,view
U504,JavaScript,Machine Learning,Beginner,Programming,4,view
U568,Power BI,Node.js,Advanced,Analytics,5,completed
U742,Node.js,React,Intermediate,Programming,4,request
U651,Machine Learning,Figma,Advanced,AI,5,view
U5,Data Visualization,Figma,Beginner,Analytics,4,completed
U993,Power BI,Java,Intermediate,Analytics,5,request
U48,JavaScript,Data Visualization,Intermediate,Programming,4,request
U321,Excel,Spring Boot,Advanced,Analytics,4,request
U337,Machine Learning,Deep Learning,Intermediate,AI,3,completed
U834,Node.js,Figma,Intermediate,Programming,5,completed
U361,Machine Learning,Data Visualization,Beginner,AI,3,request
U793,Node.js,JavaScript,Intermediate,Programming,5,request
U176,Machine Learning,Node.js,Beginner,AI,5,completed
U546,Machine Learning,Figma,Intermediate,AI,4,completed
U540,JavaScript,Node.js,Advanced,Programming,4,view
U418,Excel,Python,Beginner,Analytics,5,completed
U532,Figma,Spring Boot,Intermediate,Design,4,view
U290,Python,Node.js,Intermediate,Programming,4,view
U936,Java,Spring Boot,Advanced,Programming,4,view
U140,Java,Node.js,Intermediate,Programming,4,completed
U489,JavaScript,Deep Learning,Intermediate,Programming,3,completed
U405,Data Visualization,Node.js,Advanced,Analytics,3,request
U106,Data Visualization,Python,Intermediate,Analytics,4,request
U911,Power BI,Spring Boot,Intermediate,Analytics,3,view
U951,JavaScript,Machine Learning,Beginner,Programming,4,view
U959,Deep Learning,Machine Learning,Intermediate,AI,3,completed
U592,Java,UI/UX Design,Beginner,Programming,3,completed
U891,Figma,Excel,Intermediate,Design,3,view
U780,UI/UX Design,Power BI,Advanced,Design,3,request
U1000,JavaScript,Power BI,Advanced,Programming,5,completed
U839,Data Analysis,Python,Beginner,Analytics,3,view
U544,Spring Boot,Data Analysis,Advanced,Programming,3,completed
U597,Spring Boot,Machine Learning,Intermediate,Programming,5,completed
U59,Spring Boot,Python,Beginner,Programming,5,view
U736,SQL,Power BI,Advanced,Database,4,completed
U927,Python,Figma,Advanced,Programming,3,completed
U350,Spring Boot,Data Visualization,Advanced,Programming,3,request
U370,Machine Learning,Power BI,Intermediate,AI,4,request
U421,Power BI,Data Analysis,Beginner,Analytics,3,completed
U970,Deep Learning,JavaScript,Intermediate,AI,3,completed
U557,Power BI,Data Visualization,Beginner,Analytics,4,request
U480,SQL,Deep Learning,Beginner,Database,3,completed
U36,Java,UI/UX Design,Beginner,Programming,5,completed
U58,Power BI,SQL,Intermediate,Analytics,5,completed
U795,Java,Data Visualization,Advanced,Programming,5,request
U351,Data Analysis,Excel,Advanced,Analytics,4,completed
U210,SQL,React,Advanced,Database,3,view
U832,Data Analysis,JavaScript,Intermediate,Analytics,4,completed
U78,UI/UX Design,Node.js,Intermediate,Design,3,completed
U732,Spring Boot,UI/UX Design,Intermediate,Programming,5,completed
U994,Spring Boot,Deep Learning,Intermediate,Programming,4,completed
U507,Data Analysis,Machine Learning,Intermediate,Analytics,4,completed
U386,Node.js,Power BI,Intermediate,Programming,5,view
U288,Figma,Power BI,Intermediate,Design,3,view
U17,JavaScript,Java,Advanced,Programming,5,view
U517,Python,Data Analysis,Beginner,Programming,3,view
U484,Power BI,React,Intermediate,Analytics,3,completed
U115,SQL,UI/UX Design,Intermediate,Database,5,view
U284,Python,Java,Beginner,Programming,5,completed
U379,Deep Learning,JavaScript,Intermediate,AI,3,completed
U613,Power BI,JavaScript,Beginner,Analytics,4,completed
U415,Excel,Python,Intermediate,Analytics,4,completed
U447,Node.js,Data Visualization,Advanced,Programming,3,view
U87,Data Analysis,Java,Beginner,Analytics,5,completed
U50,UI/UX Design,Deep Learning,Intermediate,Design,5,completed
U46,Deep Learning,Data Visualization,Beginner,AI,3,completed
U423,Spring Boot,Java,Intermediate,Programming,4,completed
U982,Java,SQL,Beginner,Programming,3,request
U25,Spring Boot,Node.js,Beginner,Programming,5,view
U561,Java,Data Analysis,Beginner,Programming,5,request
U906,Machine Learning,Data Analysis,Intermediate,AI,3,completed
U457,SQL,Power BI,Beginner,Database,3,request
U679,Data Analysis,SQL,Intermediate,Analytics,5,request
U538,Excel,Power BI,Advanced,Analytics,3,completed
U252,Machine Learning,Power BI,Intermediate,AI,5,completed
U569,Figma,Data Visualization,Advanced,Design,3,completed
U345,Deep Learning,Figma,Intermediate,AI,5,completed
U727,JavaScript,Node.js,Advanced,Programming,4,view
U555,Java,Power BI,Beginner,Programming,3,completed
U874,Deep Learning,JavaScript,Advanced,AI,3,completed
U352,UI/UX Design,Excel,Advanced,Design,5,request
U956,Spring Boot,Excel,Intermediate,Programming,4,request
U167,UI/UX Design,SQL,Intermediate,Design,5,completed
U280,UI/UX Design,Machine Learning,Intermediate,Design,4,completed
U729,Java,Python,Intermediate,Programming,3,view
U850,Spring Boot,React,Advanced,Programming,3,completed
U635,Machine Learning,React,Intermediate,AI,3,request
U547,Excel,Java,Advanced,Analytics,4,completed
U432,React,Figma,Intermediate,Programming,3,request
U580,Java,Data Visualization,Beginner,Programming,4,completed
U233,Deep Learning,Data Analysis,Beginner,AI,4,completed
U332,Machine Learning,UI/UX Design,Beginner,AI,4,view
U448,Machine Learning,Spring Boot,Advanced,AI,4,completed
U336,Figma,Deep Learning,Advanced,Design,5,request
U715,UI/UX Design,Deep Learning,Beginner,Design,4,completed
U625,Spring Boot,UI/UX Design,Beginner,Programming,5,request
U74,Power BI,Excel,Advanced,Analytics,5,request
U364,React,Machine Learning,Beginner,Programming,4,request
U294,Spring Boot,Figma,Intermediate,Programming,5,completed
U717,React,Deep Learning,Advanced,Programming,4,view
U244,Spring Boot,Excel,Advanced,Programming,5,view
U385,UI/UX Design,Python,Beginner,Design,5,view
U800,Java,Data Analysis,Advanced,Programming,5,request
U2,Data Analysis,Excel,Beginner,Analytics,5,completed
U383,UI/UX Design,Power BI,Intermediate,Design,3,request
U461,Deep Learning,Figma,Intermediate,AI,4,completed
U445,React,Machine Learning,Intermediate,Programming,3,completed
U890,Excel,UI/UX Design,Intermediate,Analytics,3,completed
U59,Data Analysis,Python,Intermediate,Analytics,5,view
U498,Deep Learning,UI/UX Design,Advanced,AI,4,request
U356,Data Analysis,Node.js,Intermediate,Analytics,5,request
U150,Machine Learning,Java,Advanced,AI,3,request
U66,Node.js,Excel,Beginner,Programming,5,request
U637,Data Visualization,Machine Learning,Advanced,Analytics,5,completed
U135,JavaScript,Deep Learning,Advanced,Programming,3,completed
U485,Figma,Spring Boot,Advanced,Design,4,view
U206,Excel,Data Visualization,Advanced,Analytics,4,request
U501,SQL,JavaScript,Advanced,Database,3,completed
U688,Data Visualization,Spring Boot,Intermediate,Analytics,3,completed
U107,React,SQL,Beginner,Programming,5,completed
U597,Figma,JavaScript,Intermediate,Design,5,view
U383,Power BI,SQL,Intermediate,Analytics,5,request
U517,Data Visualization,Node.js,Intermediate,Analytics,5,completed
U427,Excel,Machine Learning,Beginner,Analytics,3,completed
U4,Machine Learning,Node.js,Advanced,AI,4,view
U38,Python,SQL,Intermediate,Programming,3,request
U400,Spring Boot,Machine Learning,Beginner,Programming,4,completed
U552,Figma,React,Advanced,Design,5,request
U394,Power BI,Java,Intermediate,Analytics,5,view
U932,Power BI,JavaScript,Advanced,Analytics,4,request
U164,Python,Node.js,Advanced,Programming,5,completed
U372,SQL,UI/UX Design,Intermediate,Database,5,view
U455,Python,JavaScript,Beginner,Programming,4,completed
U807,Data Analysis,JavaScript,Intermediate,Analytics,3,view
U253,JavaScript,Figma,Advanced,Programming,3,view
U925,Spring Boot,Figma,Advanced,Programming,4,request
U972,Data Analysis,Deep Learning,Intermediate,Analytics,3,completed
U767,Power BI,Data Visualization,Beginner,Analytics,3,completed
U578,Figma,Excel,Advanced,Design,4,request
U217,JavaScript,Machine Learning,Intermediate,Programming,3,completed
U428,Node.js,Data Analysis,Beginner,Programming,3,request
U652,Machine Learning,React,Beginner,AI,3,request
U716,Power BI,Data Analysis,Beginner,Analytics,5,view
U490,React,SQL,Beginner,Programming,4,request
U836,Machine Learning,Power BI,Beginner,AI,4,completed
U725,JavaScript,Data Analysis,Intermediate,Programming,4,completed
U812,Java,Node.js,Advanced,Programming,4,request
U939,Data Analysis,Java,Advanced,Analytics,4,completed
U371,Deep Learning,Data Analysis,Intermediate,AI,4,request
U454,Data Visualization,Deep Learning,Beginner,Analytics,4,completed
U688,JavaScript,Node.js,Intermediate,Programming,3,completed
U882,UI/UX Design,React,Beginner,Design,3,request
U552,Python,Deep Learning,Advanced,Programming,4,request
U749,UI/UX Design,Figma,Intermediate,Design,5,completed
U151,Figma,Power BI,Beginner,Design,5,request
U752,JavaScript,SQL,Beginner,Programming,4,completed
U733,Spring Boot,Excel,Intermediate,Programming,3,request
U542,Java,Spring Boot,Intermediate,Programming,3,request
U529,Deep Learning,Data Analysis,Advanced,AI,4,view
U999,Spring Boot,Node.js,Advanced,Programming,5,view
U748,Spring Boot,JavaScript,Beginner,Programming,3,completed
U351,Figma,SQL,Advanced,Design,4,view
U666,Machine Learning,UI/UX Design,Intermediate,AI,5,request
U110,JavaScript,Power BI,Advanced,Programming,3,completed
U956,Figma,React,Beginner,Design,4,completed
U489,Data Analysis,UI/UX Design,Advanced,Analytics,4,view
U493,Deep Learning,Power BI,Intermediate,AI,5,request
U746,Java,Data Visualization,Advanced,Programming,4,completed
U363,Figma,Data Visualization,Intermediate,Design,5,view
U499,SQL,Figma,Advanced,Database,3,completed
U244,Python,Deep Learning,Intermediate,Programming,5,request
U230,Java,Excel,Intermediate,Programming,4,view
U390,Data Analysis,Spring Boot,Beginner,Analytics,3,request
U237,React,UI/UX Design,Beginner,Programming,4,request
U718,React,Data Analysis,Intermediate,Programming,3,completed
U249,Node.js,Excel,Advanced,Programming,3,completed
U667,SQL,Machine Learning,Beginner,Database,5,completed
U808,Java,Spring Boot,Intermediate,Programming,4,request
U169,UI/UX Design,Machine Learning,Advanced,Design,3,completed
U814,Data Analysis,Figma,Beginner,Analytics,3,view
U562,Spring Boot,Node.js,Intermediate,Programming,5,view
U518,Excel,Data Analysis,Beginner,Analytics,5,request
U318,SQL,Figma,Advanced,Database,3,request
U933,SQL,Data Analysis,Advanced,Database,4,completed
U600,Excel,Data Analysis,Beginner,Analytics,3,completed
U331,Deep Learning,Figma,Advanced,AI,4,completed
U825,Power BI,JavaScript,Intermediate,Analytics,3,request
U174,JavaScript,Spring Boot,Beginner,Programming,3,request
U367,UI/UX Design,Deep Learning,Advanced,Design,4,completed
U171,UI/UX Design,Node.js,Advanced,Design,4,completed
U746,Spring Boot,Deep Learning,Advanced,Programming,4,completed
U128,Excel,Figma,Beginner,Analytics,4,view
U621,Excel,UI/UX Design,Beginner,Analytics,4,view
U683,Excel,Node.js,Intermediate,Analytics,3,completed
U468,Deep Learning,Java,Advanced,AI,3,completed
U753,React,Node.js,Advanced,Programming,5,completed
U973,JavaScript,Node.js,Intermediate,Programming,4,completed
U134,UI/UX Design,React,Advanced,Design,3,request
U249,SQL,Power BI,Advanced,Database,5,request
U577,Node.js,Data Analysis,Intermediate,Programming,3,view
U493,Excel,Power BI,Intermediate,Analytics,5,completed
U71,Java,React,Advanced,Programming,4,completed
U262,JavaScript,Java,Advanced,Programming,4,request
U7,JavaScript,Spring Boot,Beginner,Programming,5,completed
U100,Data Visualization,Spring Boot,Beginner,Analytics,3,completed
U576,UI/UX Design,Figma,Intermediate,Design,3,request
U517,Data Visualization,UI/UX Design,Beginner,Analytics,5,request
U209,Spring Boot,Figma,Beginner,Programming,5,completed
U567,Data Analysis,Python,Beginner,Analytics,4,request
U311,Java,UI/UX Design,Beginner,Programming,5,request
U474,Python,Machine Learning,Intermediate,Programming,5,request
U507,Spring Boot,Power BI,Beginner,Programming,5,completed
U797,Data Analysis,Excel,Beginner,Analytics,3,request
U736,React,Deep Learning,Intermediate,Programming,3,completed
U214,Python,Figma,Intermediate,Programming,3,request
U424,JavaScript,Spring Boot,Beginner,Programming,5,request
U876,Figma,Deep Learning,Advanced,Design,4,request
U288,Java,Machine Learning,Advanced,Programming,5,view
U500,Figma,UI/UX Design,Beginner,Design,3,completed
U809,Data Analysis,Data Visualization,Advanced,Analytics,3,request
U236,Python,Data Visualization,Beginner,Programming,4,view
U992,Machine Learning,SQL,Beginner,AI,5,completed
U13,Spring Boot,Node.js,Intermediate,Programming,5,completed
U654,Node.js,Figma,Beginner,Programming,4,completed
U726,Figma,Power BI,Advanced,Design,4,completed
U504,Excel,Deep Learning,Advanced,Analytics,5,completed
U468,Node.js,Deep Learning,Intermediate,Programming,5,view
U191,Power BI,Python,Intermediate,Analytics,5,request
U681,Data Analysis,Excel,Advanced,Analytics,4,request
U899,UI/UX Design,SQL,Intermediate,Design,5,completed
U207,Excel,UI/UX Design,Intermediate,Analytics,4,view
U973,React,Deep Learning,Beginner,Programming,4,request
U276,Deep Learning,Data Analysis,Intermediate,AI,4,request
U423,React,JavaScript,Advanced,Programming,3,view
U698,Power BI,Deep Learning,Intermediate,Analytics,4,request
U916,JavaScript,React,Advanced,Programming,3,request
U534,Java,Node.js,Intermediate,Programming,3,request
U380,Deep Learning,Python,Intermediate,AI,3,request
U932,Machine Learning,Deep Learning,Beginner,AI,5,request
U662,Java,Data Visualization,Intermediate,Programming,4,request
U71,Power BI,Figma,Beginner,Analytics,3,completed
U435,Data Analysis,JavaScript,Beginner,Analytics,5,completed
U28,SQL,Python,Beginner,Database,4,request
U350,Excel,Data Visualization,Beginner,Analytics,4,completed
U622,Data Visualization,Python,Advanced,Analytics,5,request
U164,UI/UX Design,React,Intermediate,Design,3,view
U19,UI/UX Design,Deep Learning,Advanced,Design,4,request
U617,Java,React,Intermediate,Programming,3,request
U424,Data Analysis,Node.js,Beginner,Analytics,4,view
U131,UI/UX Design,Python,Advanced,Design,4,request
U65,Data Analysis,Java,Beginner,Analytics,3,request
U25,Machine Learning,Figma,Advanced,AI,3,completed
U45,UI/UX Design,Machine Learning,Intermediate,Design,3,request
U665,Machine Learning,Power BI,Beginner,AI,5,completed
U926,UI/UX Design,Deep Learning,Intermediate,Design,4,request
U717,Power BI,Machine Learning,Advanced,Analytics,4,completed
U71,Data Analysis,Machine Learning,Beginner,Analytics,4,completed
U69,Excel,UI/UX Design,Advanced,Analytics,3,completed
U464,SQL,JavaScript,Beginner,Database,5,completed
U838,Power BI,SQL,Advanced,Analytics,5,completed
U862,Node.js,Deep Learning,Intermediate,Programming,3,request
U943,React,JavaScript,Intermediate,Programming,3,completed
U335,JavaScript,UI/UX Design,Advanced,Programming,3,request
U50,UI/UX Design,Node.js,Advanced,Design,4,request
U260,Java,Python,Advanced,Programming,5,request
U453,Python,Machine Learning,Advanced,Programming,3,completed
U934,React,SQL,Advanced,Programming,4,completed
U143,UI/UX Design,Figma,Advanced,Design,4,request
U566,Excel,Node.js,Beginner,Analytics,5,completed
U187,Figma,React,Advanced,Design,5,completed
U598,Excel,Data Analysis,Intermediate,Analytics,5,request
U580,Java,JavaScript,Beginner,Programming,3,request
U850,Python,Machine Learning,Advanced,Programming,3,completed
U779,Spring Boot,Python,Beginner,Programming,3,completed
U628,Java,UI/UX Design,Beginner,Programming,5,completed
U439,Spring Boot,React,Intermediate,Programming,4,completed
U38,Data Visualization,Excel,Intermediate,Analytics,5,completed
U252,Node.js,Data Visualization,Advanced,Programming,3,completed
U254,Java,UI/UX Design,Beginner,Programming,5,completed
U314,Java,Deep Learning,Beginner,Programming,4,view
U181,Java,SQL,Advanced,Programming,4,view
U122,JavaScript,Spring Boot,Beginner,Programming,4,request
U879,React,Machine Learning,Beginner,Programming,5,completed
U488,Node.js,Power BI,Advanced,Programming,5,view
U567,Power BI,Data Analysis,Advanced,Analytics,4,completed
U805,JavaScript,Figma,Intermediate,Programming,3,completed
U700,Power BI,Deep Learning,Advanced,Analytics,3,request
U15,Power BI,Deep Learning,Advanced,Analytics,5,completed
U522,Figma,UI/UX Design,Intermediate,Design,5,completed
U344,Spring Boot,Machine Learning,Advanced,Programming,4,completed
U288,Data Visualization,React,Beginner,Analytics,3,view
U122,Power BI,Data Visualization,Beginner,Analytics,3,completed
U900,Spring Boot,Power BI,Advanced,Programming,3,completed
U527,JavaScript,SQL,Advanced,Programming,4,view
U132,Machine Learning,Data Analysis,Advanced,AI,4,request
U468,Node.js,React,Advanced,Programming,3,completed
U667,Figma,UI/UX Design,Beginner,Design,5,view
U995,SQL,Figma,Advanced,Database,4,view
U670,Power BI,Java,Beginner,Analytics,5,completed
U68,Power BI,Machine Learning,Intermediate,Analytics,3,completed
U662,Figma,Data Visualization,Advanced,Design,4,completed
U162,Node.js,Data Analysis,Advanced,Programming,5,completed
U167,Java,SQL,Intermediate,Programming,5,view
U919,Spring Boot,Figma,Advanced,Programming,3,view
U277,Data Analysis,Excel,Intermediate,Analytics,3,view
U644,Python,UI/UX Design,Intermediate,Programming,4,completed
U291,Excel,Data Analysis,Beginner,Analytics,5,completed
U876,Node.js,React,Intermediate,Programming,4,request
U537,Spring Boot,UI/UX Design,Beginner,Programming,4,request
U38,SQL,UI/UX Design,Beginner,Database,3,completed
U879,UI/UX Design,React,Intermediate,Design,4,completed
